Faixas de Rodagem,Largura Via 1,Largura Via 2,Largura Passeio 1,largura Passeio 2,largura Canteiro Central,altura da luminaria,projecao do braço,distancia entre postes,distancia Poste a via,Classificação viária,Tipo de estrutura,posteacao,Braço Novo,Fornecedor,Luminância Média,Fator de Uniformidade,Uniformidade Longitudinal,Iluminância Média,Iluminância mínima horizontal E (lux),Potencia simulada - IP Principal (W),arquivo_origem,tem_cpe
2.0,7.0,,1.7,1.7,,7.8,2.7,37.8,0.4,C1,Braço,Canteiro central,,LEDSTAR,,0.54,,30.75,10.26,100.0,ARMBH01.2 - Base de Simulações.xlsx,0
2.0,7.0,,1.7,1.7,,7.8,2.7,37.8,0.4,C1,Braço,Canteiro central,,SX LIGHTING,,0.49,,31.92,9.05,90.0,ARMBH01.2 - Base de Simulações.xlsx,0
2.0,7.0,,1.7,1.7,,7.8,2.7,37.8,0.4,C1,Braço,Canteiro central,,TECNOWATT,,0.43,,35.29,11.24,120.0,ARMBH01.2 - Base de Simulações.xlsx,0
2.0,8.5,,1.8,1.8,,8.0,3.3,35.3,1.0,C1,Braço,Unilateral,,LEDSTAR,,0.41,,31.82,13.55,140.0,ARMBH01.2 - Base de Simulações.xlsx,0
2.0,8.5,,1.8,1.8,,8.0,3.3,35.3,1.0,C1,Braço,Unilateral,,SX LIGHTING,,0.49,,32.62,11.33,137.0,ARMBH01.2 - Base de Simulações.xlsx,0
2.0,8.5,,1.8,1.8,,8.0,3.3,35.3,1.0,C1,Braço,Unilateral,,TECNOWATT,,0.53,,32.51,15.75,150.0,ARMBH01.2 - Base de Simulações.xlsx,0
2.0,6.5,,1.5,1.5,,7.6,3.2,37.3,3.0,C2,Braço,Unilateral,,LEDSTAR,,0.28,,23.46,2.29,100.0,ARMBH01.2 - Base de Simulações.xlsx,0
2.0,6.5,,1.5,1.5,,7.6,3.2,37.3,3.0,C2,Braço,Unilateral,,SX LIGHTING,,0.43,,22.91,3.95,90.0,ARMBH01.2 - Base de Simulações.xlsx,0
2.0,6.5,,1.5,1.5,,7.6,3.2,37.3,3.0,C2,Braço,Unilateral,,TECNOWATT,,0.39,,21.31,6.58,100.0,ARMBH01.2 - Base de Simulações.xlsx,0
1.0,9.2,,1.6,1.6,,8.5,2.9,25.3,0.15,C2,Braço,Unilateral,,LEDSTAR,,0.64,,21.01,9.75,72.0,ARMBH01.2 - Base de Simulações.xlsx,0
1.0,9.2,,1.6,1.6,,8.5,2.9,25.3,0.15,C2,Braço,Unilateral,,SX LIGHTING,,0.67,,24.38,13.4,70.0,ARMBH01.2 - Base de Simulações.xlsx,0
1.0,9.2,,1.6,1.6,,8.5,2.9,25.3,0.15,C2,Braço,Unilateral,,TECNOWATT,,0.83,,21.15,10.01,68.0,ARMBH01.2 - Base de Simulações.xlsx,0
2.0,7.0,,1.7,1.7,,7.8,2.7,37.8,0.4,C1,Braço,Unilateral,,LEDSTAR,,0.54,,30.75,10.26,100.0,ARMBH01.2 - Base de Simulações.xlsx,0
2.0,7.0,,1.7,1.7,,7.8,2.7,37.8,0.4,C1,Braço,Unilateral,,SX LIGHTING,,0.49,,31.92,9.05,90.0,ARMBH01.2 - Base de Simulações.xlsx,0
2.0,7.0,,1.7,1.7,,7.8,2.7,37.8,0.4,C1,Braço,Unilateral,,TECNOWATT,,0.43,,35.29,11.24,120.0,ARMBH01.2 - Base de Simulações.xlsx,0
2.0,8.5,,1.8,1.8,,8.0,3.3,35.3,1.0,C1,Braço,Unilateral,,LEDSTAR,,0.41,,31.82,13.55,140.0,ARMBH01.2 - Base de Simulações.xlsx,0
2.0,8.5,,1.8,1.8,,8.0,3.3,35.3,1.0,C1,Braço,Unilateral,,SX LIGHTING,,0.49,,32.62,11.33,137.0,ARMBH01.2 - Base de Simulações.xlsx,0
2.0,8.5,,1.8,1.8,,8.0,3.3,35.3,1.0,C1,Braço,Unilateral,,TECNOWATT,,0.53,,32.51,15.75,150.0,ARMBH01.2 - Base de Simulações.xlsx,0
2.0,6.5,,1.5,1.5,,7.6,3.2,37.3,3.0,C2,Braço,Unilateral,,LEDSTAR,,0.28,,23.46,2.29,100.0,ARMBH01.2 - Base de Simulações.xlsx,0
2.0,6.5,,1.5,1.5,,7.6,3.2,37.3,3.0,C2,Braço,Unilateral,,SX LIGHTING,,0.43,,22.91,3.95,90.0,ARMBH01.2 - Base de Simulações.xlsx,0
2.0,6.5,,1.5,1.5,,7.6,3.2,37.3,3.0,C2,Braço,Unilateral,,TECNOWATT,,0.39,,21.31,6.58,100.0,ARMBH01.2 - Base de Simulações.xlsx,0
1.0,9.2,,1.6,1.6,,8.5,2.9,25.3,0.15,C2,Braço,Unilateral,,LEDSTAR,,0.64,,21.01,9.75,72.0,ARMBH01.2 - Base de Simulações.xlsx,0
1.0,9.2,,1.6,1.6,,8.5,2.9,25.3,0.15,C2,Braço,Unilateral,,SX LIGHTING,,0.67,,24.38,13.4,70.0,ARMBH01.2 - Base de Simulações.xlsx,0
1.0,9.2,,1.6,1.6,,8.5,2.9,25.3,0.15,C2,Braço,Unilateral,,TECNOWATT,,0.83,,21.15,10.01,68.0,ARMBH01.2 - Base de Simulações.xlsx,0
2.0,8.5,0.0,4.5,5.0,0.0,8.2,2.5,27.3,0.2,C1,Braço,Unilateral,,LEDSTAR,,0.56,,31.07,4.38,120.0,BRDE04 - Simul_Tramanda_corrigida_TB_AO_PS_TB.xlsx,0
2.0,8.5,0.0,4.5,5.0,0.0,8.2,2.5,27.3,0.2,C1,Braço,Unilateral,,SX LIGHTING,,0.51,,30.54,13.59,120.0,BRDE04 - Simul_Tramanda_corrigida_TB_AO_PS_TB.xlsx,0
2.0,8.5,0.0,4.5,5.0,0.0,8.2,2.5,27.3,0.2,C1,Braço,Unilateral,Longo II,TECNOWATT,,0.61,,31.49,7.92,120.0,BRDE04 - Simul_Tramanda_corrigida_TB_AO_PS_TB.xlsx,0
2.0,8.4,0.0,3.0,3.0,0.0,7.3,0.5,55.8,0.3,C1,Braço,Bilateral alternada,Longo II,LEDSTAR,,0.58,,29.88,0.63,120.0,BRDE04 - Simul_Tramanda_corrigida_TB_AO_PS_TB.xlsx,0
2.0,8.4,0.0,3.0,3.0,0.0,7.3,0.5,55.8,0.3,C1,Braço,Bilateral alternada,Longo I,SX LIGHTING,,0.6,,36.76,0.63,120.0,BRDE04 - Simul_Tramanda_corrigida_TB_AO_PS_TB.xlsx,0
2.0,8.4,0.0,3.0,3.0,0.0,7.3,0.5,55.8,0.3,C1,Braço,Bilateral alternada,Longo II,TECNOWATT,,0.64,,30.81,0.69,120.0,BRDE04 - Simul_Tramanda_corrigida_TB_AO_PS_TB.xlsx,0
2.0,5.8,0.0,1.2,1.2,0.0,8.1,2.5,25.6,0.3,C5,Braço,Unilateral,,LEDSTAR,,0.59,,8.56,5.58,28.0,BRDE04 - Simul_Tramanda_corrigida_TB_AO_PS_TB.xlsx,0
2.0,5.8,0.0,1.2,1.2,0.0,8.1,2.5,25.6,0.3,C5,Braço,Unilateral,,SX LIGHTING,,0.72,,10.55,9.07,31.0,BRDE04 - Simul_Tramanda_corrigida_TB_AO_PS_TB.xlsx,0
2.0,5.8,0.0,1.2,1.2,0.0,8.1,2.5,25.6,0.3,C5,Braço,Unilateral,,TECNOWATT,,0.68,,10.71,8.58,30.0,BRDE04 - Simul_Tramanda_corrigida_TB_AO_PS_TB.xlsx,0
2.0,7.0,0.0,3.0,3.0,0.0,6.8,1.3,33.9,0.2,C5,Braço,Unilateral,,LEDSTAR,,0.37,,9.47,2.18,35.0,BRDE04 - Simul_Tramanda_corrigida_TB_AO_PS_TB.xlsx,0
2.0,7.0,0.0,3.0,3.0,0.0,6.8,1.3,33.9,0.2,C5,Braço,Unilateral,,SX LIGHTING,,0.37,,9.14,1.1,31.0,BRDE04 - Simul_Tramanda_corrigida_TB_AO_PS_TB.xlsx,0
2.0,7.0,0.0,3.0,3.0,0.0,6.8,1.3,33.9,0.2,C5,Braço,Unilateral,,TECNOWATT,,0.46,,9.0,2.47,30.0,BRDE04 - Simul_Tramanda_corrigida_TB_AO_PS_TB.xlsx,0
2.0,7.0,0.0,0.0,3.0,7.5,7.0,1.3,35.3,3.1,C5,Braço,Canteiro central,,LEDSTAR,,0.38,,8.17,,35.0,BRDE04 - Simul_Tramanda_corrigida_TB_AO_PS_TB.xlsx,0
2.0,7.0,0.0,0.0,3.0,7.5,7.0,1.3,35.3,3.1,C5,Braço,Canteiro central,,SX LIGHTING,,0.51,,8.91,,39.0,BRDE04 - Simul_Tramanda_corrigida_TB_AO_PS_TB.xlsx,0
2.0,7.0,0.0,0.0,3.0,7.5,7.0,1.3,35.3,3.1,C5,Braço,Canteiro central,,TECNOWATT,,0.4,,10.28,,40.0,BRDE04 - Simul_Tramanda_corrigida_TB_AO_PS_TB.xlsx,0
2.0,6.9,0.0,3.0,3.0,0.0,7.0,1.3,32.2,0.6,C5,Braço,Unilateral,,LEDSTAR,,0.44,,9.65,2.89,35.0,BRDE04 - Simul_Tramanda_corrigida_TB_AO_PS_TB.xlsx,0
2.0,6.9,0.0,3.0,3.0,0.0,7.0,1.3,32.2,0.6,C5,Braço,Unilateral,,SX LIGHTING,,0.52,,9.31,1.97,31.0,BRDE04 - Simul_Tramanda_corrigida_TB_AO_PS_TB.xlsx,0
2.0,6.9,0.0,3.0,3.0,0.0,7.0,1.3,32.2,0.6,C5,Braço,Unilateral,,TECNOWATT,,0.57,,9.15,3.38,30.0,BRDE04 - Simul_Tramanda_corrigida_TB_AO_PS_TB.xlsx,0
2.0,7.0,0.0,2.0,0.0,0.0,7.0,2.5,33.5,0.2,C4,Braço,Unilateral,,LEDSTAR,,0.35,,11.28,3.01,44.0,BRDE04 - Simul_Tramanda_corrigida_TB_AO_PS_TB.xlsx,0
2.0,7.0,0.0,2.0,0.0,0.0,7.0,2.5,33.5,0.2,C4,Braço,Unilateral,,SX LIGHTING,,0.42,,10.76,2.61,39.0,BRDE04 - Simul_Tramanda_corrigida_TB_AO_PS_TB.xlsx,0
2.0,7.0,0.0,2.0,0.0,0.0,7.0,2.5,33.5,0.2,C4,Braço,Unilateral,,TECNOWATT,,0.39,,12.28,2.85,40.0,BRDE04 - Simul_Tramanda_corrigida_TB_AO_PS_TB.xlsx,0
2.0,7.0,0.0,3.5,3.5,0.0,7.5,1.3,29.5,0.4,C5,Braço,Unilateral,,LEDSTAR,,0.51,,7.76,2.9,28.0,BRDE04 - Simul_Tramanda_corrigida_TB_AO_PS_TB.xlsx,0
2.0,7.0,0.0,3.5,3.5,0.0,7.5,1.3,29.5,0.4,C5,Braço,Unilateral,,SX LIGHTING,,0.73,,9.66,3.23,31.0,BRDE04 - Simul_Tramanda_corrigida_TB_AO_PS_TB.xlsx,0
2.0,7.0,0.0,3.5,3.5,0.0,7.5,1.3,29.5,0.4,C5,Braço,Unilateral,,TECNOWATT,,0.66,,9.57,4.09,30.0,BRDE04 - Simul_Tramanda_corrigida_TB_AO_PS_TB.xlsx,0
2.0,5.8,0.0,1.2,1.2,0.0,8.1,2.5,25.7,1.4,C5,Braço,Unilateral,,LEDSTAR,,0.62,,8.63,4.84,28.0,BRDE04 - Simul_Tramanda_corrigida_TB_AO_PS_TB.xlsx,0
2.0,5.8,0.0,1.2,1.2,0.0,8.1,2.5,25.7,1.4,C5,Braço,Unilateral,,SX LIGHTING,,0.79,,10.73,7.15,31.0,BRDE04 - Simul_Tramanda_corrigida_TB_AO_PS_TB.xlsx,0
2.0,5.8,0.0,1.2,1.2,0.0,8.1,2.5,25.7,1.4,C5,Braço,Unilateral,,TECNOWATT,,0.75,,10.83,6.9,30.0,BRDE04 - Simul_Tramanda_corrigida_TB_AO_PS_TB.xlsx,0
2.0,7.0,0.0,2.5,2.5,0.0,7.0,1.3,32.1,0.5,C5,Braço,Unilateral,,LEDSTAR,,0.41,,7.5,2.44,28.0,BRDE04 - Simul_Tramanda_corrigida_TB_AO_PS_TB.xlsx,0
2.0,7.0,0.0,2.5,2.5,0.0,7.0,1.3,32.1,0.5,C5,Braço,Unilateral,,SX LIGHTING,,0.51,,9.34,2.25,31.0,BRDE04 - Simul_Tramanda_corrigida_TB_AO_PS_TB.xlsx,0
2.0,7.0,0.0,2.5,2.5,0.0,7.0,1.3,32.1,0.5,C5,Braço,Unilateral,,TECNOWATT,,0.57,,9.18,3.64,30.0,BRDE04 - Simul_Tramanda_corrigida_TB_AO_PS_TB.xlsx,0
2.0,7.0,0.0,3.0,3.0,0.0,7.0,1.3,32.6,0.5,C5,Braço,Unilateral,,LEDSTAR,,0.43,,9.53,2.73,35.0,BRDE04 - Simul_Tramanda_corrigida_TB_AO_PS_TB.xlsx,0
2.0,7.0,0.0,3.0,3.0,0.0,7.0,1.3,32.6,0.5,C5,Braço,Unilateral,,SX LIGHTING,,0.49,,9.2,1.77,31.0,BRDE04 - Simul_Tramanda_corrigida_TB_AO_PS_TB.xlsx,0
2.0,7.0,0.0,3.0,3.0,0.0,7.0,1.3,32.6,0.5,C5,Braço,Unilateral,,TECNOWATT,,0.55,,9.04,3.17,30.0,BRDE04 - Simul_Tramanda_corrigida_TB_AO_PS_TB.xlsx,0
2.0,10.0,0.0,4.5,4.5,0.0,7.5,1.3,37.7,0.3,C4,Braço,Unilateral,,LEDSTAR,,0.29,,12.52,3.1,65.0,BRDE04 - Simul_Tramanda_corrigida_TB_AO_PS_TB.xlsx,0
2.0,10.0,0.0,4.5,4.5,0.0,7.5,1.3,37.7,0.3,C4,Braço,Unilateral,,SX LIGHTING,,0.42,,11.34,0.84,50.0,BRDE04 - Simul_Tramanda_corrigida_TB_AO_PS_TB.xlsx,0
2.0,10.0,0.0,4.5,4.5,0.0,7.5,1.3,37.7,0.3,C4,Braço,Unilateral,,TECNOWATT,,0.4,,12.21,1.05,60.0,BRDE04 - Simul_Tramanda_corrigida_TB_AO_PS_TB.xlsx,0
2.0,7.0,0.0,2.5,2.5,0.0,7.3,1.3,35.1,0.3,C5,Braço,Unilateral,,LEDSTAR,,0.4,,8.62,2.45,35.0,BRDE04 - Simul_Tramanda_corrigida_TB_AO_PS_TB.xlsx,0
2.0,7.0,0.0,2.5,2.5,0.0,7.3,1.3,35.1,0.3,C5,Braço,Unilateral,,SX LIGHTING,,0.42,,8.32,1.68,31.0,BRDE04 - Simul_Tramanda_corrigida_TB_AO_PS_TB.xlsx,0
2.0,7.0,0.0,2.5,2.5,0.0,7.3,1.3,35.1,0.3,C5,Braço,Unilateral,,TECNOWATT,,0.5,,8.23,2.85,30.0,BRDE04 - Simul_Tramanda_corrigida_TB_AO_PS_TB.xlsx,0
2.0,7.5,0.0,3.5,3.5,0.0,7.0,1.3,40.4,0.4,C5,Braço,Unilateral,,LEDSTAR,,0.26,,7.57,1.03,35.0,BRDE04 - Simul_Tramanda_corrigida_TB_AO_PS_TB.xlsx,0
2.0,7.5,0.0,3.5,3.5,0.0,7.0,1.3,40.4,0.4,C5,Braço,Unilateral,,SX LIGHTING,,0.3,,8.55,1.03,39.0,BRDE04 - Simul_Tramanda_corrigida_TB_AO_PS_TB.xlsx,0
2.0,7.5,0.0,3.5,3.5,0.0,7.0,1.3,40.4,0.4,C5,Braço,Unilateral,,TECNOWATT,,0.17,,9.48,0.7,40.0,BRDE04 - Simul_Tramanda_corrigida_TB_AO_PS_TB.xlsx,0
2.0,7.0,0.0,2.5,2.5,0.0,7.0,1.3,39.8,0.3,C5,Braço,Unilateral,,LEDSTAR,,0.26,,7.86,1.31,35.0,BRDE04 - Simul_Tramanda_corrigida_TB_AO_PS_TB.xlsx,0
2.0,7.0,0.0,2.5,2.5,0.0,7.0,1.3,39.8,0.3,C5,Braço,Unilateral,,SX LIGHTING,,0.3,,8.9,1.41,39.0,BRDE04 - Simul_Tramanda_corrigida_TB_AO_PS_TB.xlsx,0
2.0,7.0,0.0,2.5,2.5,0.0,7.0,1.3,39.8,0.3,C5,Braço,Unilateral,,TECNOWATT,,0.19,,10.03,1.35,40.0,BRDE04 - Simul_Tramanda_corrigida_TB_AO_PS_TB.xlsx,0
2.0,7.0,0.0,2.5,2.5,0.0,7.1,1.3,41.5,0.3,C5,Braço,Unilateral,,LEDSTAR,,0.27,,8.87,1.8,44.0,BRDE04 - Simul_Tramanda_corrigida_TB_AO_PS_TB.xlsx,0
2.0,7.0,0.0,2.5,2.5,0.0,7.1,1.3,41.5,0.3,C5,Braço,Unilateral,,SX LIGHTING,,0.27,,8.44,1.18,39.0,BRDE04 - Simul_Tramanda_corrigida_TB_AO_PS_TB.xlsx,0
2.0,7.0,0.0,2.5,2.5,0.0,7.1,1.3,41.5,0.3,C5,Braço,Unilateral,,TECNOWATT,,0.17,,11.24,1.11,50.0,BRDE04 - Simul_Tramanda_corrigida_TB_AO_PS_TB.xlsx,0
2.0,5.0,0.0,4.0,0.0,0.0,7.0,1.3,42.4,5.0,C1,Braço,Unilateral,,LEDSTAR,,0.36,,32.11,9.22,200.0,BRDE04 - Simul_Tramanda_corrigida_TB_AO_PS_TB.xlsx,0
2.0,5.0,0.0,4.0,0.0,0.0,7.0,1.3,42.4,5.0,C1,Braço,Unilateral,,SX LIGHTING,,0.51,,31.55,33.51,90.0,BRDE04 - Simul_Tramanda_corrigida_TB_AO_PS_TB.xlsx,1
2.0,5.0,0.0,4.0,0.0,0.0,7.0,1.3,42.4,5.0,C1,Braço,Unilateral,,TECNOWATT,,0.37,,34.91,9.566,120.0,BRDE04 - Simul_Tramanda_corrigida_TB_AO_PS_TB.xlsx,1
1.0,3.5,0.0,1.5,1.5,0.0,7.0,1.3,26.0,0.5,C5,Braço,Unilateral,,LEDSTAR,,0.52,,10.06,4.55,28.0,BRDE04 - Simul_Tramanda_corrigida_TB_AO_PS_TB.xlsx,0
1.0,3.5,0.0,1.5,1.5,0.0,7.0,1.3,26.0,0.5,C5,Braço,Unilateral,,SX LIGHTING,,0.66,,8.37,4.59,22.5,BRDE04 - Simul_Tramanda_corrigida_TB_AO_PS_TB.xlsx,0
1.0,3.5,0.0,1.5,1.5,0.0,7.0,1.3,26.0,0.5,C5,Braço,Unilateral,,TECNOWATT,,0.66,,12.72,6.94,30.0,BRDE04 - Simul_Tramanda_corrigida_TB_AO_PS_TB.xlsx,0
2.0,6.3,0.0,0.0,0.0,0.0,7.0,1.3,19.8,4.2,C5,Braço,Unilateral,,LEDSTAR,,0.53,,8.93,,28.0,BRDE04 - Simul_Tramanda_corrigida_TB_AO_PS_TB.xlsx,0
2.0,6.3,0.0,0.0,0.0,0.0,7.0,1.3,19.8,4.2,C5,Braço,Unilateral,,SX LIGHTING,,0.34,,10.36,,31.0,BRDE04 - Simul_Tramanda_corrigida_TB_AO_PS_TB.xlsx,0
2.0,6.3,0.0,0.0,0.0,0.0,7.0,1.3,19.8,4.2,C5,Braço,Unilateral,,TECNOWATT,,0.43,,9.72,,30.0,BRDE04 - Simul_Tramanda_corrigida_TB_AO_PS_TB.xlsx,0
2.0,7.0,0.0,2.5,2.0,0.0,7.0,1.3,35.5,0.3,C5,Suporte,Unilateral,,LEDSTAR,,0.36,,8.82,2.16,35.0,BRDE04 - Simul_Tramanda_corrigida_TB_AO_PS_TB.xlsx,0
2.0,7.0,0.0,2.5,2.0,0.0,7.0,1.3,35.5,0.3,C5,Suporte,Unilateral,,SX LIGHTING,,0.35,,8.52,1.23,31.0,BRDE04 - Simul_Tramanda_corrigida_TB_AO_PS_TB.xlsx,0
2.0,7.0,0.0,2.5,2.0,0.0,7.0,1.3,35.5,0.3,C5,Suporte,Unilateral,,TECNOWATT,,0.44,,8.39,2.49,30.0,BRDE04 - Simul_Tramanda_corrigida_TB_AO_PS_TB.xlsx,0
2.0,7.0,0.0,2.5,2.5,0.0,6.7,1.0,36.5,0.3,C5,Braço,Unilateral,,LEDSTAR,,0.3,,8.76,1.74,35.0,BRDE04 - Simul_Tramanda_corrigida_TB_AO_PS_TB.xlsx,0
2.0,7.0,0.0,2.5,2.5,0.0,6.7,1.0,36.5,0.3,C5,Braço,Unilateral,,SX LIGHTING,,0.26,,8.43,0.78,31.0,BRDE04 - Simul_Tramanda_corrigida_TB_AO_PS_TB.xlsx,0
2.0,7.0,0.0,2.5,2.5,0.0,6.7,1.0,36.5,0.3,C5,Braço,Unilateral,,TECNOWATT,,0.35,,8.26,1.95,30.0,BRDE04 - Simul_Tramanda_corrigida_TB_AO_PS_TB.xlsx,0
2.0,10.0,0.0,4.5,4.5,0.0,7.5,2.5,43.0,0.3,C4,Braço,Unilateral,,LEDSTAR,,0.24,,11.71,1.83,65.0,BRDE04 - Simul_Tramanda_corrigida_TB_AO_PS_TB.xlsx,0
2.0,10.0,0.0,4.5,4.5,0.0,7.5,2.5,43.0,0.3,C4,Braço,Unilateral,,SX LIGHTING,,0.26,,15.21,2.56,70.0,BRDE04 - Simul_Tramanda_corrigida_TB_AO_PS_TB.xlsx,0
2.0,10.0,0.0,4.5,4.5,0.0,7.5,2.5,43.0,0.3,C4,Braço,Unilateral,,TECNOWATT,,0.17,,11.4,0.6,60.0,BRDE04 - Simul_Tramanda_corrigida_TB_AO_PS_TB.xlsx,0
2.0,10.0,0.0,4.5,4.5,0.0,7.5,2.5,33.3,0.3,C4,Braço,Unilateral,,LEDSTAR,,0.42,,11.59,2.77,52.0,BRDE04 - Simul_Tramanda_corrigida_TB_AO_PS_TB.xlsx,0
2.0,10.0,0.0,4.5,4.5,0.0,7.5,2.5,33.3,0.3,C4,Braço,Unilateral,,SX LIGHTING,,0.53,,13.7,1.78,50.0,BRDE04 - Simul_Tramanda_corrigida_TB_AO_PS_TB.xlsx,0
2.0,10.0,0.0,4.5,4.5,0.0,7.5,2.5,33.3,0.3,C4,Braço,Unilateral,,TECNOWATT,,0.52,,10.2,1.33,40.0,BRDE04 - Simul_Tramanda_corrigida_TB_AO_PS_TB.xlsx,0
2.0,7.0,0.0,2.5,2.5,0.0,7.0,1.3,31.15,1.0,C5,Braço,Unilateral,,LEDSTAR,,0.41,,7.55,2.79,28.0,BRDE04 - Simul_Tramanda_corrigida_TB_AO_PS_TB.xlsx,0
2.0,7.0,0.0,2.5,2.5,0.0,7.0,1.3,31.15,1.0,C5,Braço,Unilateral,,SX LIGHTING,,0.55,,9.34,3.1,31.0,BRDE04 - Simul_Tramanda_corrigida_TB_AO_PS_TB.xlsx,0
2.0,7.0,0.0,2.5,2.5,0.0,7.0,1.3,31.15,1.0,C5,Braço,Unilateral,,TECNOWATT,,0.56,,9.15,4.36,30.0,BRDE04 - Simul_Tramanda_corrigida_TB_AO_PS_TB.xlsx,0
2.0,7.0,0.0,2.5,2.5,0.0,7.5,1.3,21.0,0.3,C5,Braço,Unilateral,,LEDSTAR,,0.67,,10.94,6.24,28.0,BRDE04 - Simul_Tramanda_corrigida_TB_AO_PS_TB.xlsx,0
2.0,7.0,0.0,2.5,2.5,0.0,7.5,1.3,21.0,0.3,C5,Braço,Unilateral,,SX LIGHTING,,0.8,,9.16,5.38,22.5,BRDE04 - Simul_Tramanda_corrigida_TB_AO_PS_TB.xlsx,0
2.0,7.0,0.0,2.5,2.5,0.0,7.5,1.3,21.0,0.3,C5,Braço,Unilateral,,TECNOWATT,,0.73,,13.5,7.79,30.0,BRDE04 - Simul_Tramanda_corrigida_TB_AO_PS_TB.xlsx,0
2.0,8.5,0.0,0.0,4.0,3.0,8.0,2.5,27.1,2.5,C1,Braço,Canteiro central,,LEDSTAR,,0.45,,31.24,,100.0,BRDE04 - Simul_Tramanda_corrigida_TB_AO_PS_TB.xlsx,0
2.0,8.5,0.0,0.0,4.0,3.0,8.0,2.5,27.1,2.5,C1,Braço,Canteiro central,,SX LIGHTING,,0.51,,32.23,,90.0,BRDE04 - Simul_Tramanda_corrigida_TB_AO_PS_TB.xlsx,0
2.0,8.5,0.0,0.0,4.0,3.0,8.0,2.5,27.1,2.5,C1,Braço,Canteiro central,,TECNOWATT,,0.47,,30.74,,100.0,BRDE04 - Simul_Tramanda_corrigida_TB_AO_PS_TB.xlsx,0
2.0,7.0,0.0,2.5,2.5,0.0,7.0,1.5,35.2,0.3,C4,Braço,Unilateral,,LEDSTAR,,0.36,,10.63,2.87,44.0,BRDE04 - Simul_Tramanda_corrigida_TB_AO_PS_TB.xlsx,0
2.0,7.0,0.0,2.5,2.5,0.0,7.0,1.5,35.2,0.3,C4,Braço,Unilateral,,SX LIGHTING,,0.44,,10.14,2.56,39.0,BRDE04 - Simul_Tramanda_corrigida_TB_AO_PS_TB.xlsx,0
2.0,7.0,0.0,2.5,2.5,0.0,7.0,1.5,35.2,0.3,C4,Braço,Unilateral,,TECNOWATT,,0.36,,11.46,2.73,40.0,BRDE04 - Simul_Tramanda_corrigida_TB_AO_PS_TB.xlsx,0
2.0,7.0,5.0,2.5,0.0,3.5,7.0,1.3,32.0,0.3,C5,Braço,Unilateral,Longo II,LEDSTAR,,0.52,,8.25,4.12,65.0,BRDE04 - Simul_Tramanda_corrigida_TB_AO_PS_TB.xlsx,0
2.0,7.0,5.0,2.5,0.0,3.5,7.0,1.3,32.0,0.3,C5,Braço,Unilateral,Longo II,SX LIGHTING,,0.64,,8.09,1.67,60.0,BRDE04 - Simul_Tramanda_corrigida_TB_AO_PS_TB.xlsx,0
2.0,7.0,5.0,2.5,0.0,3.5,7.0,1.3,32.0,0.3,C5,Braço,Unilateral,Longo II,TECNOWATT,,0.58,,7.84,3.61,68.0,BRDE04 - Simul_Tramanda_corrigida_TB_AO_PS_TB.xlsx,0
2.0,7.0,0.0,2.5,2.5,0.0,7.0,1.3,33.0,0.3,C5,Braço,Unilateral,,LEDSTAR,,0.41,,9.48,2.72,35.0,BRDE04 - Simul_Tramanda_corrigida_TB_AO_PS_TB.xlsx,0
2.0,7.0,0.0,2.5,2.5,0.0,7.0,1.3,33.0,0.3,C5,Braço,Unilateral,,SX LIGHTING,,0.45,,9.16,1.8,31.0,BRDE04 - Simul_Tramanda_corrigida_TB_AO_PS_TB.xlsx,0
2.0,7.0,0.0,2.5,2.5,0.0,7.0,1.3,33.0,0.3,C5,Braço,Unilateral,,TECNOWATT,,0.53,,9.02,3.18,30.0,BRDE04 - Simul_Tramanda_corrigida_TB_AO_PS_TB.xlsx,0
2.0,4.5,0.0,4.5,4.5,0.0,7.0,2.5,37.9,5.0,C5,Braço,Unilateral,,LEDSTAR,,0.38,,8.31,1.85,44.0,BRDE04 - Simul_Tramanda_corrigida_TB_AO_PS_TB.xlsx,0
2.0,4.5,0.0,4.5,4.5,0.0,7.0,2.5,37.9,5.0,C5,Braço,Unilateral,Longo II,SX LIGHTING,,0.64,,7.57,1.97,39.0,BRDE04 - Simul_Tramanda_corrigida_TB_AO_PS_TB.xlsx,0
2.0,4.5,0.0,4.5,4.5,0.0,7.0,2.5,37.9,5.0,C5,Braço,Unilateral,Longo II,TECNOWATT,,0.61,,8.9,2.16,40.0,BRDE04 - Simul_Tramanda_corrigida_TB_AO_PS_TB.xlsx,0
2.0,7.0,0.0,2.5,2.5,0.0,7.0,1.3,34.0,0.5,C5,Braço,Unilateral,,LEDSTAR,,0.4,,9.14,2.6,35.0,BRDE04 - Simul_Tramanda_corrigida_TB_AO_PS_TB.xlsx,0
2.0,7.0,0.0,2.5,2.5,0.0,7.0,1.3,34.0,0.5,C5,Braço,Unilateral,,SX LIGHTING,,0.38,,8.52,1.0,31.0,BRDE04 - Simul_Tramanda_corrigida_TB_AO_PS_TB.xlsx,0
2.0,7.0,0.0,2.5,2.5,0.0,7.0,1.3,34.0,0.5,C5,Braço,Unilateral,,TECNOWATT,,0.43,,11.51,2.75,40.0,BRDE04 - Simul_Tramanda_corrigida_TB_AO_PS_TB.xlsx,0
2.0,8.0,0.0,2.5,2.5,0.0,6.0,1.3,37.3,0.3,C5,Braço,Unilateral,,LEDSTAR,,0.19,,8.85,0.73,35.0,BRDE04 - Simul_Tramanda_corrigida_TB_AO_PS_TB.xlsx,0
2.0,8.0,0.0,2.5,2.5,0.0,6.0,1.3,37.3,0.3,C5,Braço,Unilateral,Médio I,SX LIGHTING,,0.24,,7.9,0.64,31.0,BRDE04 - Simul_Tramanda_corrigida_TB_AO_PS_TB.xlsx,0
2.0,8.0,0.0,2.5,2.5,0.0,6.0,1.3,37.3,0.3,C5,Braço,Unilateral,Médio I,TECNOWATT,,0.36,,7.76,1.75,30.0,BRDE04 - Simul_Tramanda_corrigida_TB_AO_PS_TB.xlsx,0
2.0,4.5,0.0,4.0,3.0,0.0,7.0,2.2,20.1,0.4,C2,Braço,Unilateral,,LEDSTAR,,0.69,,22.63,7.7,52.0,BRDE04 - Simul_Tramanda_corrigida_TB_AO_PS_TB.xlsx,0
2.0,4.5,0.0,4.0,3.0,0.0,7.0,2.2,20.1,0.4,C2,Braço,Unilateral,,SX LIGHTING,,0.81,,26.73,6.88,50.0,BRDE04 - Simul_Tramanda_corrigida_TB_AO_PS_TB.xlsx,0
2.0,4.5,0.0,4.0,3.0,0.0,7.0,2.2,20.1,0.4,C2,Braço,Unilateral,,TECNOWATT,,0.72,,25.15,7.52,50.0,BRDE04 - Simul_Tramanda_corrigida_TB_AO_PS_TB.xlsx,0
2.0,4.0,0.0,4.0,4.0,0.0,8.0,2.3,26.45,0.4,C3,Braço,Unilateral,,LEDSTAR,,0.62,,15.51,5.53,52.0,BRDE04 - Simul_Tramanda_corrigida_TB_AO_PS_TB.xlsx,0
2.0,4.0,0.0,4.0,4.0,0.0,8.0,2.3,26.45,0.4,C3,Braço,Unilateral,,SX LIGHTING,,0.76,,18.25,5.1,50.0,BRDE04 - Simul_Tramanda_corrigida_TB_AO_PS_TB.xlsx,0
2.0,4.0,0.0,4.0,4.0,0.0,8.0,2.3,26.45,0.4,C3,Braço,Unilateral,,TECNOWATT,,0.75,,17.76,5.56,50.0,BRDE04 - Simul_Tramanda_corrigida_TB_AO_PS_TB.xlsx,0
2.0,7.0,0.0,3.5,3.5,0.0,6.8,1.3,28.4,0.2,C4,Braço,Unilateral,,LEDSTAR,,0.51,,11.31,3.5,35.0,BRDE04 - Simul_Tramanda_corrigida_TB_AO_PS_TB.xlsx,0
2.0,7.0,0.0,3.5,3.5,0.0,6.8,1.3,28.4,0.2,C4,Braço,Unilateral,,SX LIGHTING,,0.63,,10.91,2.45,31.0,BRDE04 - Simul_Tramanda_corrigida_TB_AO_PS_TB.xlsx,0
2.0,7.0,0.0,3.5,3.5,0.0,6.8,1.3,28.4,0.2,C4,Braço,Unilateral,,TECNOWATT,,0.63,,10.74,3.79,30.0,BRDE04 - Simul_Tramanda_corrigida_TB_AO_PS_TB.xlsx,0
2.0,7.0,0.0,4.0,0.0,0.0,7.0,1.3,26.6,0.3,C3,Braço,Unilateral,,LEDSTAR,,0.53,,16.42,5.83,52.0,BRDE04 - Simul_Tramanda_corrigida_TB_AO_PS_TB.xlsx,0
2.0,7.0,0.0,4.0,0.0,0.0,7.0,1.3,26.6,0.3,C3,Braço,Unilateral,,SX LIGHTING,,0.68,,19.46,5.72,50.0,BRDE04 - Simul_Tramanda_corrigida_TB_AO_PS_TB.xlsx,0
2.0,7.0,0.0,4.0,0.0,0.0,7.0,1.3,26.6,0.3,C3,Braço,Unilateral,,TECNOWATT,,0.6,,15.01,5.26,40.0,BRDE04 - Simul_Tramanda_corrigida_TB_AO_PS_TB.xlsx,0
2.0,7.0,0.0,2.5,2.5,0.0,7.5,1.3,34.1,0.5,C5,Braço,Unilateral,,LEDSTAR,,0.45,,8.64,2.88,35.0,BRDE04 - Simul_Tramanda_corrigida_TB_AO_PS_TB.xlsx,0
2.0,7.0,0.0,2.5,2.5,0.0,7.5,1.3,34.1,0.5,C5,Braço,Unilateral,,SX LIGHTING,,0.53,,8.33,2.36,31.0,BRDE04 - Simul_Tramanda_corrigida_TB_AO_PS_TB.xlsx,0
2.0,7.0,0.0,2.5,2.5,0.0,7.5,1.3,34.1,0.5,C5,Braço,Unilateral,,TECNOWATT,,0.58,,8.24,3.37,30.0,BRDE04 - Simul_Tramanda_corrigida_TB_AO_PS_TB.xlsx,0
1.0,2.5,0.0,0.0,0.0,0.0,6.0,1.3,29.9,0.0,C5,Braço,Unilateral,,LEDSTAR,,0.39,,10.0,,17.0,BRDE04 - Simul_Tramanda_corrigida_TB_AO_PS_TB.xlsx,0
1.0,2.5,0.0,0.0,0.0,0.0,6.0,1.3,29.9,0.0,C5,Braço,Unilateral,,SX LIGHTING,,0.4,,13.41,,22.5,BRDE04 - Simul_Tramanda_corrigida_TB_AO_PS_TB.xlsx,0
1.0,2.5,0.0,0.0,0.0,0.0,6.0,1.3,29.9,0.0,C5,Braço,Unilateral,,TECNOWATT,,0.46,,19.9,,30.0,BRDE04 - Simul_Tramanda_corrigida_TB_AO_PS_TB.xlsx,0
2.0,8.2,0.0,0.0,3.8,10.0,7.6,2.5,45.1,5.6,C2,Braço,Canteiro central,Longo I,LEDSTAR,,0.38,,20.36,,155.0,BRDE04 - Simul_Tramanda_corrigida_TB_AO_PS_TB.xlsx,0
2.0,8.2,0.0,0.0,3.8,10.0,7.6,2.5,45.1,5.6,C2,Braço,Canteiro central,,SX LIGHTING,,0.34,,22.89,,146.0,BRDE04 - Simul_Tramanda_corrigida_TB_AO_PS_TB.xlsx,0
2.0,8.2,0.0,0.0,3.8,10.0,7.6,2.5,45.1,5.6,C2,Braço,Canteiro central,Longo II,TECNOWATT,,0.51,,20.24,,150.0,BRDE04 - Simul_Tramanda_corrigida_TB_AO_PS_TB.xlsx,0
2.0,7.0,0.0,2.5,2.5,2.5,7.5,1.3,21.8,0.8,C5,Braço,Unilateral,,LEDSTAR,,0.64,,10.35,6.21,28.0,BRDE04 - Simul_Tramanda_corrigida_TB_AO_PS_TB.xlsx,0
2.0,7.0,0.0,2.5,2.5,2.5,7.5,1.3,21.8,0.8,C5,Braço,Unilateral,,SX LIGHTING,,0.77,,8.39,4.89,22.5,BRDE04 - Simul_Tramanda_corrigida_TB_AO_PS_TB.xlsx,0
2.0,7.0,0.0,2.5,2.5,2.5,7.5,1.3,21.8,0.8,C5,Braço,Unilateral,,TECNOWATT,,0.71,,12.65,7.91,30.0,BRDE04 - Simul_Tramanda_corrigida_TB_AO_PS_TB.xlsx,0
2.0,7.0,0.0,2.5,2.5,0.0,7.5,1.3,42.9,0.3,C5,Braço,Unilateral,,LEDSTAR,,0.28,,8.21,1.74,44.0,BRDE04 - Simul_Tramanda_corrigida_TB_AO_PS_TB.xlsx,0
2.0,7.0,0.0,2.5,2.5,0.0,7.5,1.3,42.9,0.3,C5,Braço,Unilateral,,SX LIGHTING,,0.28,,7.81,1.17,39.0,BRDE04 - Simul_Tramanda_corrigida_TB_AO_PS_TB.xlsx,0
2.0,7.0,0.0,2.5,2.5,0.0,7.5,1.3,42.9,0.3,C5,Braço,Unilateral,Longo I,TECNOWATT,,0.22,,8.58,1.17,40.0,BRDE04 - Simul_Tramanda_corrigida_TB_AO_PS_TB.xlsx,0
2.0,7.0,0.0,2.5,2.5,0.0,7.0,1.3,25.1,0.35,C5,Braço,Unilateral,,LEDSTAR,,0.54,,9.65,4.38,28.0,BRDE04 - Simul_Tramanda_corrigida_TB_AO_PS_TB.xlsx,0
2.0,7.0,0.0,2.5,2.5,0.0,7.0,1.3,25.1,0.35,C5,Braço,Unilateral,,SX LIGHTING,,0.72,,8.08,3.94,22.5,BRDE04 - Simul_Tramanda_corrigida_TB_AO_PS_TB.xlsx,0
2.0,7.0,0.0,2.5,2.5,0.0,7.0,1.3,25.1,0.35,C5,Braço,Unilateral,,TECNOWATT,,0.67,,11.84,6.12,30.0,BRDE04 - Simul_Tramanda_corrigida_TB_AO_PS_TB.xlsx,0
2.0,7.0,0.0,2.5,2.5,0.0,7.5,1.6,34.2,0.5,C5,Braço,Unilateral,,LEDSTAR,,0.43,,8.68,2.74,35.0,BRDE04 - Simul_Tramanda_corrigida_TB_AO_PS_TB.xlsx,0
2.0,7.0,0.0,2.5,2.5,0.0,7.5,1.6,34.2,0.5,C5,Braço,Unilateral,,SX LIGHTING,,0.49,,8.38,2.12,31.0,BRDE04 - Simul_Tramanda_corrigida_TB_AO_PS_TB.xlsx,0
2.0,7.0,0.0,2.5,2.5,0.0,7.5,1.6,34.2,0.5,C5,Braço,Unilateral,,TECNOWATT,,0.55,,8.32,3.17,30.0,BRDE04 - Simul_Tramanda_corrigida_TB_AO_PS_TB.xlsx,0
2.0,7.0,0.0,0.0,4.3,3.0,7.5,1.9,37.3,1.5,C2,Braço,Unilateral,,LEDSTAR,,0.27,,20.06,,72.0,BRDE04 - Simul_Tramanda_corrigida_TB_AO_PS_TB.xlsx,0
2.0,7.0,0.0,0.0,4.3,3.0,7.5,1.9,37.3,1.5,C2,Braço,Unilateral,,SX LIGHTING,,0.32,,23.49,,70.0,BRDE04 - Simul_Tramanda_corrigida_TB_AO_PS_TB.xlsx,0
2.0,7.0,0.0,0.0,4.3,3.0,7.5,1.9,37.3,1.5,C2,Braço,Unilateral,,TECNOWATT,,0.35,,20.31,,68.0,BRDE04 - Simul_Tramanda_corrigida_TB_AO_PS_TB.xlsx,0
2.0,7.0,0.0,2.5,2.5,0.0,7.5,1.3,26.4,0.5,C5,Braço,Unilateral,,LEDSTAR,,0.56,,8.65,4.14,28.0,BRDE04 - Simul_Tramanda_corrigida_TB_AO_PS_TB.xlsx,0
2.0,7.0,0.0,2.5,2.5,0.0,7.5,1.3,26.4,0.5,C5,Braço,Unilateral,,SX LIGHTING,,0.75,,10.77,5.92,31.0,BRDE04 - Simul_Tramanda_corrigida_TB_AO_PS_TB.xlsx,0
2.0,7.0,0.0,2.5,2.5,0.0,7.5,1.3,26.4,0.5,C5,Braço,Unilateral,,TECNOWATT,,0.69,,10.68,5.89,30.0,BRDE04 - Simul_Tramanda_corrigida_TB_AO_PS_TB.xlsx,0
2.0,7.0,0.0,2.5,2.5,0.0,7.0,1.3,42.8,0.5,C5,Braço,Unilateral,,LEDSTAR,,0.25,,8.63,1.58,44.0,BRDE04 - Simul_Tramanda_corrigida_TB_AO_PS_TB.xlsx,0
2.0,7.0,0.0,2.5,2.5,0.0,7.0,1.3,42.8,0.5,C5,Braço,Unilateral,,SX LIGHTING,,0.22,,8.21,0.88,39.0,BRDE04 - Simul_Tramanda_corrigida_TB_AO_PS_TB.xlsx,0
2.0,7.0,0.0,2.5,2.5,0.0,7.0,1.3,42.8,0.5,C5,Braço,Unilateral,Longo I,TECNOWATT,,0.23,,8.63,1.24,40.0,BRDE04 - Simul_Tramanda_corrigida_TB_AO_PS_TB.xlsx,0
2.0,7.0,0.0,0.0,4.0,4.0,7.5,1.3,31.0,2.0,C2,Braço,Unilateral,,LEDSTAR,,0.32,,21.98,,28.0,BRDE04 - Simul_Tramanda_corrigida_TB_AO_PS_TB.xlsx,0
2.0,7.0,0.0,0.0,4.0,4.0,7.5,1.3,31.0,2.0,C2,Braço,Unilateral,,SX LIGHTING,,0.52,,19.8,,31.0,BRDE04 - Simul_Tramanda_corrigida_TB_AO_PS_TB.xlsx,0
2.0,7.0,0.0,0.0,4.0,4.0,7.5,1.3,31.0,2.0,C2,Braço,Unilateral,,TECNOWATT,,0.45,,20.38,,30.0,BRDE04 - Simul_Tramanda_corrigida_TB_AO_PS_TB.xlsx,0
2.0,8.5,0.0,0.0,4.0,10.0,6.8,1.3,35.8,5.0,C1,Braço,Canteiro central,,LEDSTAR,,0.39,,31.65,,215.0,BRDE04 - Simul_Tramanda_corrigida_TB_AO_PS_TB.xlsx,0
2.0,8.5,0.0,0.0,4.0,10.0,6.8,1.3,35.8,5.0,C1,Braço,Canteiro central,,SX LIGHTING,,0.37,,30.15,,90.0,BRDE04 - Simul_Tramanda_corrigida_TB_AO_PS_TB.xlsx,0
2.0,8.5,0.0,0.0,4.0,10.0,6.8,1.3,35.8,5.0,C1,Braço,Canteiro central,,TECNOWATT,,0.39,,36.03,,183.0,BRDE04 - Simul_Tramanda_corrigida_TB_AO_PS_TB.xlsx,0
2.0,7.0,0.0,2.5,2.5,0.0,7.5,1.3,37.0,0.4,C5,Braço,Unilateral,,LEDSTAR,,0.37,,7.98,2.13,35.0,BRDE04 - Simul_Tramanda_corrigida_TB_AO_PS_TB.xlsx,0
2.0,7.0,0.0,2.5,2.5,0.0,7.5,1.3,37.0,0.4,C5,Braço,Unilateral,,SX LIGHTING,,0.38,,7.7,1.35,31.0,BRDE04 - Simul_Tramanda_corrigida_TB_AO_PS_TB.xlsx,0
2.0,7.0,0.0,2.5,2.5,0.0,7.5,1.3,37.0,0.4,C5,Braço,Unilateral,,TECNOWATT,,0.47,,7.63,2.49,30.0,BRDE04 - Simul_Tramanda_corrigida_TB_AO_PS_TB.xlsx,0
2.0,7.0,0.0,2.59,2.5,0.0,7.5,1.3,21.0,0.35,C5,Braço,Unilateral,,LEDSTAR,,0.67,,10.92,6.22,28.0,BRDE04 - Simul_Tramanda_corrigida_TB_AO_PS_TB.xlsx,0
2.0,7.0,0.0,2.59,2.5,0.0,7.5,1.3,21.0,0.35,C5,Braço,Unilateral,,SX LIGHTING,,0.79,,9.15,5.35,22.5,BRDE04 - Simul_Tramanda_corrigida_TB_AO_PS_TB.xlsx,0
2.0,7.0,0.0,2.59,2.5,0.0,7.5,1.3,21.0,0.35,C5,Braço,Unilateral,,TECNOWATT,,0.73,,13.47,7.75,30.0,BRDE04 - Simul_Tramanda_corrigida_TB_AO_PS_TB.xlsx,0
2.0,7.0,0.0,2.5,3.0,0.0,7.0,1.3,42.1,0.4,C5,Braço,Unilateral,,LEDSTAR,,0.25,,8.81,1.66,44.0,BRDE04 - Simul_Tramanda_corrigida_TB_AO_PS_TB.xlsx,0
2.0,7.0,0.0,2.5,3.0,0.0,7.0,1.3,42.1,0.4,C5,Braço,Unilateral,,SX LIGHTING,,0.23,,8.38,0.95,39.0,BRDE04 - Simul_Tramanda_corrigida_TB_AO_PS_TB.xlsx,0
2.0,7.0,0.0,2.5,3.0,0.0,7.0,1.3,42.1,0.4,C5,Braço,Unilateral,Médio II,TECNOWATT,,0.17,,9.27,1.04,40.0,BRDE04 - Simul_Tramanda_corrigida_TB_AO_PS_TB.xlsx,0
2.0,8.3,0.0,2.0,2.0,0.0,7.2,1.3,45.5,0.2,C5,Braço,Unilateral,,LEDSTAR,,0.24,,7.65,1.37,44.0,BRDE04 - Simul_Tramanda_corrigida_TB_AO_PS_TB.xlsx,0
2.0,8.3,0.0,2.0,2.0,0.0,7.2,1.3,45.5,0.2,C5,Braço,Unilateral,Longo I,SX LIGHTING,,0.18,,10.0,0.85,50.0,BRDE04 - Simul_Tramanda_corrigida_TB_AO_PS_TB.xlsx,0
2.0,8.3,0.0,2.0,2.0,0.0,7.2,1.3,45.5,0.2,C5,Braço,Unilateral,Longo I,TECNOWATT,,0.17,,7.84,0.9,40.0,BRDE04 - Simul_Tramanda_corrigida_TB_AO_PS_TB.xlsx,0
2.0,7.0,0.0,2.5,2.5,0.0,6.2,1.3,42.6,0.35,C4,Braço,Unilateral,,LEDSTAR,,0.17,,11.21,1.16,52.0,BRDE04 - Simul_Tramanda_corrigida_TB_AO_PS_TB.xlsx,0
2.0,7.0,0.0,2.5,2.5,0.0,6.2,1.3,42.6,0.35,C4,Braço,Unilateral,Médio II,SX LIGHTING,,0.19,,11.59,0.89,50.0,BRDE04 - Simul_Tramanda_corrigida_TB_AO_PS_TB.xlsx,0
2.0,7.0,0.0,2.5,2.5,0.0,6.2,1.3,42.6,0.35,C4,Braço,Unilateral,Médio II,TECNOWATT,,0.18,,10.97,1.4,50.0,BRDE04 - Simul_Tramanda_corrigida_TB_AO_PS_TB.xlsx,0
2.0,7.0,0.0,3.5,3.0,0.0,6.8,1.1,39.6,0.4,C4,Braço,Unilateral,,LEDSTAR,,0.28,,11.14,2.02,52.0,BRDE04 - Simul_Tramanda_corrigida_TB_AO_PS_TB.xlsx,0
2.0,7.0,0.0,3.5,3.0,0.0,6.8,1.1,39.6,0.4,C4,Braço,Unilateral,,SX LIGHTING,,0.26,,13.22,1.0,50.0,BRDE04 - Simul_Tramanda_corrigida_TB_AO_PS_TB.xlsx,0
2.0,7.0,0.0,3.5,3.0,0.0,6.8,1.1,39.6,0.4,C4,Braço,Unilateral,,TECNOWATT,,0.17,,10.08,0.91,40.0,BRDE04 - Simul_Tramanda_corrigida_TB_AO_PS_TB.xlsx,0
2.0,8.5,0.0,0.0,3.0,10.0,7.0,2.5,56.0,4.7,C1,Braço,Unilateral,,LEDSTAR,,0.48,,33.31,,140.0,BRDE04 - Simul_Tramanda_corrigida_TB_AO_PS_TB.xlsx,1
2.0,8.5,0.0,0.0,3.0,10.0,7.0,2.5,56.0,4.7,C1,Braço,Unilateral,,SX LIGHTING,,0.38,,32.86,,137.0,BRDE04 - Simul_Tramanda_corrigida_TB_AO_PS_TB.xlsx,1
2.0,8.5,0.0,0.0,3.0,10.0,7.0,2.5,56.0,4.7,C1,Braço,Unilateral,,TECNOWATT,,0.47,,32.65,,150.0,BRDE04 - Simul_Tramanda_corrigida_TB_AO_PS_TB.xlsx,1
2.0,7.5,0.0,2.5,0.0,20.6,7.5,2.8,36.4,0.3,C1,Braço,Unilateral,,LEDSTAR,,0.37,,31.59,11.07,120.0,BRDE04 - Simul_Tramanda_corrigida_TB_AO_PS_TB.xlsx,0
2.0,7.5,0.0,2.5,0.0,20.6,7.5,2.8,36.4,0.3,C1,Braço,Unilateral,,SX LIGHTING,,0.41,,30.63,16.79,90.0,BRDE04 - Simul_Tramanda_corrigida_TB_AO_PS_TB.xlsx,0
2.0,7.5,0.0,2.5,0.0,20.6,7.5,2.8,36.4,0.3,C1,Braço,Unilateral,,TECNOWATT,,0.4,,29.76,13.35,100.0,BRDE04 - Simul_Tramanda_corrigida_TB_AO_PS_TB.xlsx,0
2.0,7.0,0.0,2.5,1.5,0.0,7.5,1.3,44.0,0.3,C5,Braço,Unilateral,,LEDSTAR,,0.26,,8.01,1.6,44.0,BRDE04 - Simul_Tramanda_corrigida_TB_AO_PS_TB.xlsx,0
2.0,7.0,0.0,2.5,1.5,0.0,7.5,1.3,44.0,0.3,C5,Braço,Unilateral,,SX LIGHTING,,0.25,,7.62,1.01,39.0,BRDE04 - Simul_Tramanda_corrigida_TB_AO_PS_TB.xlsx,0
2.0,7.0,0.0,2.5,1.5,0.0,7.5,1.3,44.0,0.3,C5,Braço,Unilateral,Longo I,TECNOWATT,,0.19,,8.37,1.0,40.0,BRDE04 - Simul_Tramanda_corrigida_TB_AO_PS_TB.xlsx,0
2.0,7.0,0.0,3.0,3.0,0.0,7.5,1.3,26.0,0.4,C5,Braço,Unilateral,,LEDSTAR,,0.57,,8.81,4.02,28.0,BRDE04 - Simul_Tramanda_corrigida_TB_AO_PS_TB.xlsx,0
2.0,7.0,0.0,3.0,3.0,0.0,7.5,1.3,26.0,0.4,C5,Braço,Unilateral,,TECNOWATT,,0.7,,10.86,5.45,30.0,BRDE04 - Simul_Tramanda_corrigida_TB_AO_PS_TB.xlsx,0
2.0,7.0,0.0,2.5,2.5,0.0,6.1,1.3,34.1,0.3,C5,Braço,Unilateral,,LEDSTAR,,0.3,,7.89,1.68,28.0,BRDE04 - Simul_Tramanda_corrigida_TB_AO_PS_TB.xlsx,0
2.0,7.0,0.0,2.5,2.5,0.0,6.1,1.3,34.1,0.3,C5,Braço,Unilateral,,SX LIGHTING,,0.23,,9.74,0.62,31.0,BRDE04 - Simul_Tramanda_corrigida_TB_AO_PS_TB.xlsx,0
2.0,7.0,0.0,2.5,2.5,0.0,6.1,1.3,34.1,0.3,C5,Braço,Unilateral,,TECNOWATT,,0.33,,9.55,1.92,30.0,BRDE04 - Simul_Tramanda_corrigida_TB_AO_PS_TB.xlsx,0
2.0,7.0,0.0,2.0,2.0,0.0,7.5,1.3,24.2,0.5,C5,Braço,Unilateral,,LEDSTAR,,0.6,,9.43,5.18,28.0,BRDE04 - Simul_Tramanda_corrigida_TB_AO_PS_TB.xlsx,0
2.0,7.0,0.0,2.0,2.0,0.0,7.5,1.3,24.2,0.5,C5,Braço,Unilateral,,SX LIGHTING,,0.76,,7.9,4.85,22.5,BRDE04 - Simul_Tramanda_corrigida_TB_AO_PS_TB.xlsx,0
2.0,7.0,0.0,2.0,2.0,0.0,7.5,1.3,24.2,0.5,C5,Braço,Unilateral,,TECNOWATT,,0.71,,11.62,7.23,30.0,BRDE04 - Simul_Tramanda_corrigida_TB_AO_PS_TB.xlsx,0
2.0,7.0,0.0,2.5,2.5,0.0,6.5,1.0,31.5,0.3,C5,Braço,Unilateral,,LEDSTAR,,0.37,,8.04,2.39,28.0,BRDE04 - Simul_Tramanda_corrigida_TB_AO_PS_TB.xlsx,0
2.0,7.0,0.0,2.5,2.5,0.0,6.5,1.0,31.5,0.3,C5,Braço,Unilateral,,SX LIGHTING,,0.45,,9.96,1.82,31.0,BRDE04 - Simul_Tramanda_corrigida_TB_AO_PS_TB.xlsx,0
2.0,7.0,0.0,2.5,2.5,0.0,6.5,1.0,31.5,0.3,C5,Braço,Unilateral,,TECNOWATT,,0.5,,9.75,3.39,30.0,BRDE04 - Simul_Tramanda_corrigida_TB_AO_PS_TB.xlsx,0
2.0,6.0,0.0,3.0,3.0,0.0,6.5,1.3,41.7,0.4,C5,Braço,Unilateral,Médio I,LEDSTAR,,0.2,,7.75,0.83,35.0,BRDE04 - Simul_Tramanda_corrigida_TB_AO_PS_TB.xlsx,0
2.0,6.0,0.0,3.0,3.0,0.0,6.5,1.3,41.7,0.4,C5,Braço,Unilateral,Médio I,SX LIGHTING,,0.22,,8.83,0.82,39.0,BRDE04 - Simul_Tramanda_corrigida_TB_AO_PS_TB.xlsx,0
2.0,6.0,0.0,3.0,3.0,0.0,6.5,1.3,41.7,0.4,C5,Braço,Unilateral,Médio I,TECNOWATT,,0.21,,7.53,0.94,30.0,BRDE04 - Simul_Tramanda_corrigida_TB_AO_PS_TB.xlsx,0
2.0,7.5,0.0,0.0,0.0,0.0,8.5,2.5,40.1,10.7,C2,Braço,Unilateral,Longo II,LEDSTAR,,0.45,,20.87,,200.0,BRDE04 - Simul_Tramanda_corrigida_TB_AO_PS_TB.xlsx,0
2.0,7.5,0.0,0.0,0.0,0.0,8.5,2.5,40.1,10.7,C2,Braço,Unilateral,Longo II,SX LIGHTING,,0.54,,19.93,,120.0,BRDE04 - Simul_Tramanda_corrigida_TB_AO_PS_TB.xlsx,1
2.0,7.5,0.0,0.0,0.0,0.0,8.5,2.5,40.1,10.7,C2,Braço,Unilateral,Longo II,TECNOWATT,,0.56,,22.5,,150.0,BRDE04 - Simul_Tramanda_corrigida_TB_AO_PS_TB.xlsx,1
2.0,7.0,0.0,2.5,2.5,0.0,7.5,1.3,33.5,0.4,C4,Braço,Unilateral,,LEDSTAR,,0.44,,10.48,3.64,44.0,BRDE04 - Simul_Tramanda_corrigida_TB_AO_PS_TB.xlsx,0
2.0,7.0,0.0,2.5,2.5,0.0,7.5,1.3,33.5,0.4,C4,Braço,Unilateral,Médio II,SX LIGHTING,,0.52,,10.15,3.13,39.0,BRDE04 - Simul_Tramanda_corrigida_TB_AO_PS_TB.xlsx,0
2.0,7.0,0.0,2.5,2.5,0.0,7.5,1.3,33.5,0.4,C4,Braço,Unilateral,,TECNOWATT,,0.52,,11.32,4.36,40.0,BRDE04 - Simul_Tramanda_corrigida_TB_AO_PS_TB.xlsx,0
2.0,7.0,0.0,2.5,2.5,0.0,6.1,1.3,40.1,0.3,C5,Braço,Unilateral,Médio I,LEDSTAR,,0.24,,7.89,1.13,35.0,BRDE04 - Simul_Tramanda_corrigida_TB_AO_PS_TB.xlsx,0
2.0,7.0,0.0,2.5,2.5,0.0,6.1,1.3,40.1,0.3,C5,Braço,Unilateral,Médio I,SX LIGHTING,,0.26,,8.97,1.16,39.0,BRDE04 - Simul_Tramanda_corrigida_TB_AO_PS_TB.xlsx,0
2.0,7.0,0.0,2.5,2.5,0.0,6.1,1.3,40.1,0.3,C5,Braço,Unilateral,Médio I,TECNOWATT,,0.26,,7.56,1.26,30.0,BRDE04 - Simul_Tramanda_corrigida_TB_AO_PS_TB.xlsx,0
2.0,7.0,0.0,2.5,2.5,0.0,7.6,1.5,40.3,0.4,C5,Braço,Unilateral,,LEDSTAR,,0.32,,8.67,2.17,44.0,BRDE04 - Simul_Tramanda_corrigida_TB_AO_PS_TB.xlsx,0
2.0,7.0,0.0,2.5,2.5,0.0,7.6,1.5,40.3,0.4,C5,Braço,Unilateral,,SX LIGHTING,,0.37,,8.25,1.82,39.0,BRDE04 - Simul_Tramanda_corrigida_TB_AO_PS_TB.xlsx,0
2.0,7.0,0.0,2.5,2.5,0.0,7.6,1.5,40.3,0.4,C5,Braço,Unilateral,,TECNOWATT,,0.27,,9.28,1.49,40.0,BRDE04 - Simul_Tramanda_corrigida_TB_AO_PS_TB.xlsx,0
2.0,7.0,0.0,2.5,2.5,0.0,7.5,1.6,37.5,0.5,C4,Braço,Unilateral,,LEDSTAR,,0.35,,11.05,3.01,52.0,BRDE04 - Simul_Tramanda_corrigida_TB_AO_PS_TB.xlsx,0
2.0,7.0,0.0,2.5,2.5,0.0,7.5,1.6,37.5,0.5,C4,Braço,Unilateral,,SX LIGHTING,,0.4,,13.08,2.68,50.0,BRDE04 - Simul_Tramanda_corrigida_TB_AO_PS_TB.xlsx,0
2.0,7.0,0.0,2.5,2.5,0.0,7.5,1.6,37.5,0.5,C4,Braço,Unilateral,,TECNOWATT,,0.36,,10.2,2.52,40.0,BRDE04 - Simul_Tramanda_corrigida_TB_AO_PS_TB.xlsx,0
2.0,7.0,0.0,2.0,2.5,0.0,7.0,1.3,29.2,0.5,C5,Braço,Unilateral,,LEDSTAR,,0.46,,8.25,3.33,28.0,BRDE04 - Simul_Tramanda_corrigida_TB_AO_PS_TB.xlsx,0
2.0,7.0,0.0,2.0,2.5,0.0,7.0,1.3,29.2,0.5,C5,Braço,Unilateral,,SX LIGHTING,,0.65,,10.26,4.2,31.0,BRDE04 - Simul_Tramanda_corrigida_TB_AO_PS_TB.xlsx,0
2.0,7.0,0.0,2.0,2.5,0.0,7.0,1.3,29.2,0.5,C5,Braço,Unilateral,,TECNOWATT,,0.62,,10.09,5.04,30.0,BRDE04 - Simul_Tramanda_corrigida_TB_AO_PS_TB.xlsx,0
2.0,7.0,0.0,2.5,2.5,0.0,6.8,1.3,31.0,0.3,C5,Braço,Unilateral,,LEDSTAR,,0.41,,8.01,2.53,28.0,BRDE04 - Simul_Tramanda_corrigida_TB_AO_PS_TB.xlsx,0
2.0,7.0,0.0,2.5,2.5,0.0,6.8,1.3,31.0,0.3,C5,Braço,Unilateral,,SX LIGHTING,,0.5,,9.96,2.2,31.0,BRDE04 - Simul_Tramanda_corrigida_TB_AO_PS_TB.xlsx,0
2.0,7.0,0.0,2.5,2.5,0.0,6.8,1.3,31.0,0.3,C5,Braço,Unilateral,,TECNOWATT,,0.57,,9.8,3.71,30.0,BRDE04 - Simul_Tramanda_corrigida_TB_AO_PS_TB.xlsx,0
2.0,7.0,0.0,3.0,3.0,0.0,7.5,2.0,35.6,0.4,C5,Braço,Unilateral,,LEDSTAR,,0.38,,8.39,2.58,35.0,BRDE04 - Simul_Tramanda_corrigida_TB_AO_PS_TB.xlsx,0
2.0,7.0,0.0,3.0,3.0,0.0,7.5,2.0,35.6,0.4,C5,Braço,Unilateral,,SX LIGHTING,,0.39,,8.12,2.67,31.0,BRDE04 - Simul_Tramanda_corrigida_TB_AO_PS_TB.xlsx,0
2.0,7.0,0.0,3.0,3.0,0.0,7.5,2.0,35.6,0.4,C5,Braço,Unilateral,,TECNOWATT,,0.48,,8.09,3.02,30.0,BRDE04 - Simul_Tramanda_corrigida_TB_AO_PS_TB.xlsx,0
2.0,7.0,0.0,2.5,2.5,0.0,6.0,1.3,37.7,0.3,C5,Braço,Unilateral,,LEDSTAR,,0.18,,9.31,0.89,35.0,BRDE04 - Simul_Tramanda_corrigida_TB_AO_PS_TB.xlsx,0
2.0,7.0,0.0,2.5,2.5,0.0,6.0,1.3,37.7,0.3,C5,Braço,Unilateral,Médio I,SX LIGHTING,,0.25,,8.01,1.42,31.0,BRDE04 - Simul_Tramanda_corrigida_TB_AO_PS_TB.xlsx,0
2.0,7.0,0.0,2.5,2.5,0.0,6.0,1.3,37.7,0.3,C5,Braço,Unilateral,Curto I,TECNOWATT,,0.25,,8.3,1.38,30.0,BRDE04 - Simul_Tramanda_corrigida_TB_AO_PS_TB.xlsx,0
2.0,7.0,0.0,2.5,2.5,0.0,6.7,1.3,20.9,0.4,C5,Braço,Unilateral,,LEDSTAR,,0.68,,10.85,5.15,28.0,BRDE04 - Simul_Tramanda_corrigida_TB_AO_PS_TB.xlsx,0
2.0,7.0,0.0,2.5,2.5,0.0,6.7,1.3,20.9,0.4,C5,Braço,Unilateral,,SX LIGHTING,,0.8,,9.08,3.74,22.5,BRDE04 - Simul_Tramanda_corrigida_TB_AO_PS_TB.xlsx,0
2.0,7.0,0.0,2.5,2.5,0.0,6.7,1.3,20.9,0.4,C5,Braço,Unilateral,,TECNOWATT,,0.73,,13.38,5.22,30.0,BRDE04 - Simul_Tramanda_corrigida_TB_AO_PS_TB.xlsx,0
2.0,6.3,0.0,2.5,2.5,0.0,8.0,1.3,39.1,1.0,C5,Braço,Unilateral,,LEDSTAR,,0.39,,8.54,2.75,44.0,BRDE04 - Simul_Tramanda_corrigida_TB_AO_PS_TB.xlsx,0
2.0,6.3,0.0,2.5,2.5,0.0,8.0,1.3,39.1,1.0,C5,Braço,Unilateral,,SX LIGHTING,,0.51,,8.12,3.56,39.0,BRDE04 - Simul_Tramanda_corrigida_TB_AO_PS_TB.xlsx,0
2.0,6.3,0.0,2.5,2.5,0.0,8.0,1.3,39.1,1.0,C5,Braço,Unilateral,,TECNOWATT,,0.41,,9.31,2.36,40.0,BRDE04 - Simul_Tramanda_corrigida_TB_AO_PS_TB.xlsx,0
2.0,7.0,0.0,2.5,2.5,0.0,7.0,1.3,32.3,0.3,C5,Braço,Unilateral,,LEDSTAR,,0.4,,7.52,2.18,28.0,BRDE04 - Simul_Tramanda_corrigida_TB_AO_PS_TB.xlsx,0
2.0,7.0,0.0,2.5,2.5,0.0,7.0,1.3,32.3,0.3,C5,Braço,Unilateral,,SX LIGHTING,,0.48,,9.36,2.64,31.0,BRDE04 - Simul_Tramanda_corrigida_TB_AO_PS_TB.xlsx,0
2.0,7.0,0.0,2.5,2.5,0.0,7.0,1.3,32.3,0.3,C5,Braço,Unilateral,,TECNOWATT,,0.56,,9.22,2.97,30.0,BRDE04 - Simul_Tramanda_corrigida_TB_AO_PS_TB.xlsx,0
2.0,10.0,0.0,5.0,0.0,0.0,7.4,1.3,37.5,0.3,C1,Braço,Unilateral,,LEDSTAR,,0.43,,34.33,0.78,170.0,BRDE04 - Simul_Tramanda_corrigida_TB_AO_PS_TB.xlsx,0
2.0,10.0,0.0,5.0,0.0,0.0,7.4,1.3,37.5,0.3,C1,Braço,Unilateral,Médio I,SX LIGHTING,,0.41,,29.86,4.85,137.0,BRDE04 - Simul_Tramanda_corrigida_TB_AO_PS_TB.xlsx,0
2.0,10.0,0.0,5.0,0.0,0.0,7.4,1.3,37.5,0.3,C1,Braço,Unilateral,Médio I,TECNOWATT,,0.38,,37.49,5.37,100.0,BRDE04 - Simul_Tramanda_corrigida_TB_AO_PS_TB.xlsx,1
2.0,7.0,0.0,0.0,2.0,0.0,7.5,1.3,31.3,0.4,C5,Braço,Unilateral,,LEDSTAR,,0.18,,9.32,,35.0,BRDE04 - Simul_Tramanda_corrigida_TB_AO_PS_TB.xlsx,0
2.0,7.0,0.0,0.0,2.0,0.0,7.5,1.3,31.3,0.4,C5,Braço,Unilateral,,SX LIGHTING,,0.61,,8.99,,31.0,BRDE04 - Simul_Tramanda_corrigida_TB_AO_PS_TB.xlsx,0
2.0,7.0,0.0,0.0,2.0,0.0,7.5,1.3,31.3,0.4,C5,Braço,Unilateral,,TECNOWATT,,0.64,,8.9,,30.0,BRDE04 - Simul_Tramanda_corrigida_TB_AO_PS_TB.xlsx,0
2.0,6.2,0.0,0.0,4.7,8.0,7.0,2.7,29.2,4.0,C2,Braço,Canteiro central,Longo II,LEDSTAR,,0.46,,23.97,,85.0,BRDE04 - Simul_Tramanda_corrigida_TB_AO_PS_TB.xlsx,0
2.0,6.2,0.0,0.0,4.7,8.0,7.0,2.7,29.2,4.0,C2,Braço,Canteiro central,Médio II,SX LIGHTING,,0.39,,22.84,,79.0,BRDE04 - Simul_Tramanda_corrigida_TB_AO_PS_TB.xlsx,0
2.0,6.2,0.0,0.0,4.7,8.0,7.0,2.7,29.2,4.0,C2,Braço,Canteiro central,Longo I,TECNOWATT,,0.48,,21.24,,80.0,BRDE04 - Simul_Tramanda_corrigida_TB_AO_PS_TB.xlsx,0
2.0,7.0,0.0,2.5,2.5,0.0,7.2,1.3,29.9,1.0,C4,Braço,Unilateral,,LEDSTAR,,0.5,,,3.01,35.0,BRDE04 - Simul_Tramanda_corrigida_TB_AO_PS_TB.xlsx,0
2.0,7.0,0.0,2.5,2.5,0.0,7.2,1.3,29.9,1.0,C4,Braço,Unilateral,,SX LIGHTING,,0.63,,11.21,2.97,39.0,BRDE04 - Simul_Tramanda_corrigida_TB_AO_PS_TB.xlsx,0
2.0,7.0,0.0,2.5,2.5,0.0,7.2,1.3,29.9,1.0,C4,Braço,Unilateral,,TECNOWATT,,0.52,,12.51,2.39,40.0,BRDE04 - Simul_Tramanda_corrigida_TB_AO_PS_TB.xlsx,0
1.0,5.0,0.0,0.0,0.0,0.0,5.7,1.3,44.0,0.1,C5,Braço,Unilateral,,LEDSTAR,,0.21,,8.93,,44.0,BRDE04 - Simul_Tramanda_corrigida_TB_AO_PS_TB.xlsx,0
1.0,5.0,0.0,0.0,0.0,0.0,5.7,1.3,44.0,0.1,C5,Braço,Unilateral,,SX LIGHTING,,0.22,,7.95,,39.0,BRDE04 - Simul_Tramanda_corrigida_TB_AO_PS_TB.xlsx,0
1.0,5.0,0.0,0.0,0.0,0.0,5.7,1.3,44.0,0.1,C5,Braço,Unilateral,,TECNOWATT,,0.19,,8.26,,40.0,BRDE04 - Simul_Tramanda_corrigida_TB_AO_PS_TB.xlsx,0
2.0,7.0,0.0,2.5,2.5,0.0,7.5,1.3,31.1,0.2,C5,Braço,Unilateral,,LEDSTAR,,0.5,,9.54,3.47,35.0,BRDE04 - Simul_Tramanda_corrigida_TB_AO_PS_TB.xlsx,0
2.0,7.0,0.0,2.5,2.5,0.0,7.5,1.3,31.1,0.2,C5,Braço,Unilateral,,SX LIGHTING,,0.62,,9.21,3.85,31.0,BRDE04 - Simul_Tramanda_corrigida_TB_AO_PS_TB.xlsx,0
2.0,7.0,0.0,2.5,2.5,0.0,7.5,1.3,31.1,0.2,C5,Braço,Unilateral,,TECNOWATT,,0.65,,9.15,3.67,30.0,BRDE04 - Simul_Tramanda_corrigida_TB_AO_PS_TB.xlsx,0
2.0,7.0,0.0,2.5,2.5,0.0,7.0,1.3,38.75,0.4,C5,Braço,Unilateral,,LEDSTAR,,0.28,,8.05,1.51,35.0,BRDE04 - Simul_Tramanda_corrigida_TB_AO_PS_TB.xlsx,0
2.0,7.0,0.0,2.5,2.5,0.0,7.0,1.3,38.75,0.4,C5,Braço,Unilateral,,SX LIGHTING,,0.22,,7.77,1.2,31.0,BRDE04 - Simul_Tramanda_corrigida_TB_AO_PS_TB.xlsx,0
2.0,7.0,0.0,2.5,2.5,0.0,7.0,1.3,38.75,0.4,C5,Braço,Unilateral,,TECNOWATT,,0.31,,7.65,1.71,30.0,BRDE04 - Simul_Tramanda_corrigida_TB_AO_PS_TB.xlsx,0
2.0,7.0,0.0,0.0,3.0,6.0,10.35,0.5,47.8,2.5,C2,Braço,Canteiro central,,LEDSTAR,,0.27,,20.14,,65.0,BRDE04 - Simul_Tramanda_corrigida_TB_AO_PS_TB.xlsx,0
2.0,7.0,0.0,0.0,3.0,6.0,10.35,0.5,47.8,2.5,C2,Braço,Canteiro central,,SX LIGHTING,,0.28,,24.19,,70.0,BRDE04 - Simul_Tramanda_corrigida_TB_AO_PS_TB.xlsx,0
2.0,7.0,0.0,0.0,3.0,6.0,10.35,0.5,47.8,2.5,C2,Braço,Canteiro central,,TECNOWATT,,0.29,,21.77,,68.0,BRDE04 - Simul_Tramanda_corrigida_TB_AO_PS_TB.xlsx,0
2.0,7.0,0.0,2.5,2.5,0.0,7.0,1.3,37.5,0.4,C5,Braço,Unilateral,,LEDSTAR,,0.31,,8.32,1.69,35.0,BRDE04 - Simul_Tramanda_corrigida_TB_AO_PS_TB.xlsx,0
2.0,7.0,0.0,2.5,2.5,0.0,7.0,1.3,37.5,0.4,C5,Braço,Unilateral,,SX LIGHTING,,0.26,,8.02,1.41,31.0,BRDE04 - Simul_Tramanda_corrigida_TB_AO_PS_TB.xlsx,0
2.0,7.0,0.0,2.5,2.5,0.0,7.0,1.3,37.5,0.4,C5,Braço,Unilateral,,TECNOWATT,,0.36,,7.9,1.97,30.0,BRDE04 - Simul_Tramanda_corrigida_TB_AO_PS_TB.xlsx,0
2.0,7.5,0.0,2.5,0.0,0.0,8.2,1.3,35.0,0.4,C5,Braço,Unilateral,,LEDSTAR,,0.49,,7.84,2.94,35.0,BRDE04 - Simul_Tramanda_corrigida_TB_AO_PS_TB.xlsx,0
2.0,7.5,0.0,2.5,0.0,0.0,8.2,1.3,35.0,0.4,C5,Braço,Unilateral,,SX LIGHTING,,0.6,,7.58,2.71,31.0,BRDE04 - Simul_Tramanda_corrigida_TB_AO_PS_TB.xlsx,0
2.0,7.5,0.0,2.5,0.0,0.0,8.2,1.3,35.0,0.4,C5,Braço,Unilateral,,TECNOWATT,,0.62,,7.55,3.43,30.0,BRDE04 - Simul_Tramanda_corrigida_TB_AO_PS_TB.xlsx,0
2.0,7.0,0.0,0.0,2.5,2.0,6.0,1.3,37.1,1.0,C5,Braço,Canteiro central,,LEDSTAR,,0.19,,9.33,,28.0,BRDE04 - Simul_Tramanda_corrigida_TB_AO_PS_TB.xlsx,0
2.0,7.0,0.0,0.0,2.5,2.0,6.0,1.3,37.1,1.0,C5,Braço,Canteiro central,,SX LIGHTING,,0.19,,13.09,,39.0,BRDE04 - Simul_Tramanda_corrigida_TB_AO_PS_TB.xlsx,0
2.0,7.0,0.0,0.0,2.5,2.0,6.0,1.3,37.1,1.0,C5,Braço,Canteiro central,Curto I,TECNOWATT,,0.22,,13.86,,40.0,BRDE04 - Simul_Tramanda_corrigida_TB_AO_PS_TB.xlsx,0
2.0,7.0,0.0,2.6,3.0,0.0,7.0,1.3,34.2,0.5,C5,Braço,Unilateral,,LEDSTAR,,0.4,,9.09,2.07,35.0,BRDE04 - Simul_Tramanda_corrigida_TB_AO_PS_TB.xlsx,0
2.0,7.0,0.0,2.6,3.0,0.0,7.0,1.3,34.2,0.5,C5,Braço,Unilateral,,SX LIGHTING,,0.43,,8.75,1.73,31.0,BRDE04 - Simul_Tramanda_corrigida_TB_AO_PS_TB.xlsx,0
2.0,7.0,0.0,2.6,3.0,0.0,7.0,1.3,34.2,0.5,C5,Braço,Unilateral,,TECNOWATT,,0.51,,8.62,2.2,30.0,BRDE04 - Simul_Tramanda_corrigida_TB_AO_PS_TB.xlsx,0
2.0,7.0,0.0,0.0,0.0,0.0,7.0,1.3,31.1,0.3,C5,Braço,Unilateral,,LEDSTAR,,0.43,,7.8,,28.0,BRDE04 - Simul_Tramanda_corrigida_TB_AO_PS_TB.xlsx,0
2.0,7.0,0.0,0.0,0.0,0.0,7.0,1.3,31.1,0.3,C5,Braço,Unilateral,,SX LIGHTING,,0.54,,9.7,,31.0,BRDE04 - Simul_Tramanda_corrigida_TB_AO_PS_TB.xlsx,0
2.0,7.0,0.0,0.0,0.0,0.0,7.0,1.3,31.1,0.3,C5,Braço,Unilateral,,TECNOWATT,,0.6,,9.57,,30.0,BRDE04 - Simul_Tramanda_corrigida_TB_AO_PS_TB.xlsx,0
2.0,10.0,0.0,3.0,3.0,0.0,5.0,1.5,47.5,0.5,C5,Braço,Unilateral,Médio I,LEDSTAR,,0.18,,8.05,1.19,52.0,BRDE04 - Simul_Tramanda_corrigida_TB_AO_PS_TB.xlsx,0
2.0,10.0,0.0,3.0,3.0,0.0,5.0,1.5,47.5,0.5,C5,Braço,Unilateral,Longo II,SX LIGHTING,,0.19,,8.82,2.87,50.0,BRDE04 - Simul_Tramanda_corrigida_TB_AO_PS_TB.xlsx,0
2.0,10.0,0.0,3.0,3.0,0.0,5.0,1.5,47.5,0.5,C5,Braço,Unilateral,Longo II,TECNOWATT,,0.21,,8.13,0.87,50.0,BRDE04 - Simul_Tramanda_corrigida_TB_AO_PS_TB.xlsx,0
2.0,7.0,0.0,2.5,2.5,0.0,7.5,1.3,23.0,0.5,C5,Braço,Unilateral,,LEDSTAR,,0.63,,9.93,4.3,28.0,BRDE04 - Simul_Tramanda_corrigida_TB_AO_PS_TB.xlsx,0
2.0,7.0,0.0,2.5,2.5,0.0,7.5,1.3,23.0,0.5,C5,Braço,Unilateral,,SX LIGHTING,,0.77,,8.31,3.07,22.5,BRDE04 - Simul_Tramanda_corrigida_TB_AO_PS_TB.xlsx,0
2.0,7.0,0.0,2.5,2.5,0.0,7.5,1.3,23.0,0.5,C5,Braço,Unilateral,,TECNOWATT,,0.71,,12.22,4.24,30.0,BRDE04 - Simul_Tramanda_corrigida_TB_AO_PS_TB.xlsx,0
2.0,8.5,0.0,0.0,3.0,0.0,7.0,1.3,35.8,0.35,C4,Braço,Unilateral,,LEDSTAR,,0.34,,11.44,,52.0,BRDE04 - Simul_Tramanda_corrigida_TB_AO_PS_TB.xlsx,0
2.0,8.5,0.0,0.0,3.0,0.0,7.0,1.3,35.8,0.35,C4,Braço,Unilateral,,SX LIGHTING,,0.43,,13.56,,50.0,BRDE04 - Simul_Tramanda_corrigida_TB_AO_PS_TB.xlsx,0
2.0,8.5,0.0,0.0,3.0,0.0,7.0,1.3,35.8,0.35,C4,Braço,Unilateral,,TECNOWATT,,0.34,,10.01,,40.0,BRDE04 - Simul_Tramanda_corrigida_TB_AO_PS_TB.xlsx,0
2.0,7.0,0.0,2.5,0.0,0.0,7.5,1.5,40.0,0.5,C5,Braço,Unilateral,,LEDSTAR,,0.32,,8.81,2.2,44.0,BRDE04 - Simul_Tramanda_corrigida_TB_AO_PS_TB.xlsx,0
2.0,7.0,0.0,2.5,0.0,0.0,7.5,1.5,40.0,0.5,C5,Braço,Unilateral,,SX LIGHTING,,0.38,,8.38,1.84,39.0,BRDE04 - Simul_Tramanda_corrigida_TB_AO_PS_TB.xlsx,0
2.0,7.0,0.0,2.5,0.0,0.0,7.5,1.5,40.0,0.5,C5,Braço,Unilateral,,TECNOWATT,,0.28,,9.52,1.86,40.0,BRDE04 - Simul_Tramanda_corrigida_TB_AO_PS_TB.xlsx,0
2.0,7.0,0.0,2.5,2.5,0.0,7.5,1.3,41.5,0.5,C5,Braço,Unilateral,,LEDSTAR,,0.31,,8.43,2.12,44.0,BRDE04 - Simul_Tramanda_corrigida_TB_AO_PS_TB.xlsx,0
2.0,7.0,0.0,2.5,2.5,0.0,7.5,1.3,41.5,0.5,C5,Braço,Unilateral,,SX LIGHTING,,0.35,,8.02,2.22,39.0,BRDE04 - Simul_Tramanda_corrigida_TB_AO_PS_TB.xlsx,0
2.0,7.0,0.0,2.5,2.5,0.0,7.5,1.3,41.5,0.5,C5,Braço,Unilateral,,TECNOWATT,,0.23,,9.09,1.22,40.0,BRDE04 - Simul_Tramanda_corrigida_TB_AO_PS_TB.xlsx,0
2.0,7.0,0.0,0.0,3.0,5.8,10.0,0.5,45.5,2.9,C1,Braço,Canteiro central,,LEDSTAR,,0.39,,30.14,,65.0,BRDE04 - Simul_Tramanda_corrigida_TB_AO_PS_TB.xlsx,0
2.0,7.0,0.0,0.0,3.0,5.8,10.0,0.5,45.5,2.9,C1,Braço,Canteiro central,,SX LIGHTING,,0.43,,35.9,,70.0,BRDE04 - Simul_Tramanda_corrigida_TB_AO_PS_TB.xlsx,0
2.0,7.0,0.0,0.0,3.0,5.8,10.0,0.5,45.5,2.9,C1,Braço,Canteiro central,,TECNOWATT,,0.48,,32.63,,68.0,BRDE04 - Simul_Tramanda_corrigida_TB_AO_PS_TB.xlsx,0
2.0,10.0,0.0,4.0,3.0,0.0,7.0,1.3,34.6,0.3,C4,Braço,Unilateral,,LEDSTAR,,0.39,,10.61,2.86,52.0,BRDE04 - Simul_Tramanda_corrigida_TB_AO_PS_TB.xlsx,0
2.0,10.0,0.0,4.0,3.0,0.0,7.0,1.3,34.6,0.3,C4,Braço,Unilateral,,SX LIGHTING,,0.42,,12.55,3.88,50.0,BRDE04 - Simul_Tramanda_corrigida_TB_AO_PS_TB.xlsx,0
2.0,10.0,0.0,4.0,3.0,0.0,7.0,1.3,34.6,0.3,C4,Braço,Unilateral,,TECNOWATT,,0.4,,11.4,2.02,50.0,BRDE04 - Simul_Tramanda_corrigida_TB_AO_PS_TB.xlsx,0
2.0,7.0,0.0,0.0,0.0,5.8,6.7,1.3,30.3,0.5,C1,Braço,Unilateral,,LEDSTAR,,0.39,,34.35,,35.0,BRDE04 - Simul_Tramanda_corrigida_TB_AO_PS_TB.xlsx,0
2.0,7.0,0.0,0.0,0.0,5.8,6.7,1.3,30.3,0.5,C1,Braço,Unilateral,,SX LIGHTING,,0.51,,33.58,,31.0,BRDE04 - Simul_Tramanda_corrigida_TB_AO_PS_TB.xlsx,0
2.0,7.0,0.0,0.0,0.0,5.8,6.7,1.3,30.3,0.5,C1,Braço,Unilateral,,TECNOWATT,,0.46,,31.56,,30.0,BRDE04 - Simul_Tramanda_corrigida_TB_AO_PS_TB.xlsx,0
2.0,7.0,0.0,0.0,2.5,2.0,7.0,1.3,34.2,1.0,C2,Braço,Canteiro central,,LEDSTAR,,0.27,,22.8,,65.0,BRDE04 - Simul_Tramanda_corrigida_TB_AO_PS_TB.xlsx,0
2.0,7.0,0.0,0.0,2.5,2.0,7.0,1.3,34.2,1.0,C2,Braço,Canteiro central,,SX LIGHTING,,0.39,,20.78,,60.0,BRDE04 - Simul_Tramanda_corrigida_TB_AO_PS_TB.xlsx,0
2.0,7.0,0.0,0.0,2.5,2.0,7.0,1.3,34.2,1.0,C2,Braço,Canteiro central,,TECNOWATT,,0.34,,21.68,,60.0,BRDE04 - Simul_Tramanda_corrigida_TB_AO_PS_TB.xlsx,0
2.0,7.0,0.0,2.5,2.5,0.0,7.0,1.3,34.6,0.3,C5,Braço,Unilateral,,LEDSTAR,,0.38,,9.05,0.6,35.0,BRDE04 - Simul_Tramanda_corrigida_TB_AO_PS_TB.xlsx,0
2.0,7.0,0.0,2.5,2.5,0.0,7.0,1.3,34.6,0.3,C5,Braço,Unilateral,,SX LIGHTING,,0.39,,8.73,2.06,31.0,BRDE04 - Simul_Tramanda_corrigida_TB_AO_PS_TB.xlsx,0
2.0,7.0,0.0,2.5,2.5,0.0,7.0,1.3,34.6,0.3,C5,Braço,Unilateral,,TECNOWATT,,0.48,,8.6,2.62,30.0,BRDE04 - Simul_Tramanda_corrigida_TB_AO_PS_TB.xlsx,0
2.0,7.0,0.0,2.5,2.5,0.0,7.0,1.3,38.2,0.7,C5,Braço,Unilateral,,LEDSTAR,,0.3,,8.07,1.48,35.0,BRDE04 - Simul_Tramanda_corrigida_TB_AO_PS_TB.xlsx,0
2.0,7.0,0.0,2.5,2.5,0.0,7.0,1.3,38.2,0.7,C5,Braço,Unilateral,,SX LIGHTING,,0.26,,7.77,1.17,31.0,BRDE04 - Simul_Tramanda_corrigida_TB_AO_PS_TB.xlsx,0
2.0,7.0,0.0,2.5,2.5,0.0,7.0,1.3,38.2,0.7,C5,Braço,Unilateral,,TECNOWATT,,0.25,,7.63,1.71,30.0,BRDE04 - Simul_Tramanda_corrigida_TB_AO_PS_TB.xlsx,0
2.0,7.0,0.0,2.5,0.0,0.0,7.5,1.3,41.5,0.35,C5,Braço,Unilateral,,LEDSTAR,,0.3,,8.48,1.98,44.0,BRDE04 - Simul_Tramanda_corrigida_TB_AO_PS_TB.xlsx,0
2.0,7.0,0.0,2.5,0.0,0.0,7.5,1.3,41.5,0.35,C5,Braço,Unilateral,,SX LIGHTING,,0.34,,8.07,1.53,39.0,BRDE04 - Simul_Tramanda_corrigida_TB_AO_PS_TB.xlsx,0
2.0,7.0,0.0,2.5,0.0,0.0,7.5,1.3,41.5,0.35,C5,Braço,Unilateral,,TECNOWATT,,0.22,,9.16,1.48,40.0,BRDE04 - Simul_Tramanda_corrigida_TB_AO_PS_TB.xlsx,0
2.0,7.0,0.0,2.7,0.0,0.0,7.5,1.3,36.1,0.5,C5,Braço,Unilateral,,LEDSTAR,,0.4,,8.16,2.3,35.0,BRDE04 - Simul_Tramanda_corrigida_TB_AO_PS_TB.xlsx,0
2.0,7.0,0.0,2.7,0.0,0.0,7.5,1.3,36.1,0.5,C5,Braço,Unilateral,,SX LIGHTING,,0.43,,7.87,1.53,31.0,BRDE04 - Simul_Tramanda_corrigida_TB_AO_PS_TB.xlsx,0
2.0,7.0,0.0,2.7,0.0,0.0,7.5,1.3,36.1,0.5,C5,Braço,Unilateral,,TECNOWATT,,0.51,,7.79,2.78,30.0,BRDE04 - Simul_Tramanda_corrigida_TB_AO_PS_TB.xlsx,0
2.0,7.0,0.0,2.5,2.5,0.0,7.5,1.3,37.8,0.3,C5,Braço,Unilateral,,LEDSTAR,,0.35,,7.83,2.06,35.0,BRDE04 - Simul_Tramanda_corrigida_TB_AO_PS_TB.xlsx,0
2.0,7.0,0.0,2.5,2.5,0.0,7.5,1.3,37.8,0.3,C5,Braço,Unilateral,,SX LIGHTING,,0.34,,7.56,1.97,31.0,BRDE04 - Simul_Tramanda_corrigida_TB_AO_PS_TB.xlsx,0
2.0,7.0,0.0,2.5,2.5,0.0,7.5,1.3,37.8,0.3,C5,Braço,Unilateral,,TECNOWATT,,0.43,,7.5,2.47,30.0,BRDE04 - Simul_Tramanda_corrigida_TB_AO_PS_TB.xlsx,0
2.0,7.0,0.0,2.5,2.5,0.0,7.5,1.3,23.7,0.5,C5,Braço,Unilateral,,LEDSTAR,,0.61,,9.63,4.09,28.0,BRDE04 - Simul_Tramanda_corrigida_TB_AO_PS_TB.xlsx,0
2.0,7.0,0.0,2.5,2.5,0.0,7.5,1.3,23.7,0.5,C5,Braço,Unilateral,,SX LIGHTING,,0.76,,8.07,2.96,22.5,BRDE04 - Simul_Tramanda_corrigida_TB_AO_PS_TB.xlsx,0
2.0,7.0,0.0,2.5,2.5,0.0,7.5,1.3,23.7,0.5,C5,Braço,Unilateral,,TECNOWATT,,0.71,,11.86,4.06,30.0,BRDE04 - Simul_Tramanda_corrigida_TB_AO_PS_TB.xlsx,0
2.0,7.5,0.0,2.5,2.5,0.0,7.5,1.3,35.4,0.5,C5,Braço,Unilateral,,LEDSTAR,,0.42,,8.32,2.44,35.0,BRDE04 - Simul_Tramanda_corrigida_TB_AO_PS_TB.xlsx,0
2.0,7.5,0.0,2.5,2.5,0.0,7.5,1.3,35.4,0.5,C5,Braço,Unilateral,,SX LIGHTING,,0.47,,8.02,2.44,31.0,BRDE04 - Simul_Tramanda_corrigida_TB_AO_PS_TB.xlsx,0
2.0,7.5,0.0,2.5,2.5,0.0,7.5,1.3,35.4,0.5,C5,Braço,Unilateral,,TECNOWATT,,0.54,,7.94,2.78,30.0,BRDE04 - Simul_Tramanda_corrigida_TB_AO_PS_TB.xlsx,0
2.0,7.0,0.0,0.0,2.5,2.0,7.5,1.3,28.9,1.0,C2,Braço,Unilateral,,LEDSTAR,,0.39,,26.14,,65.0,BRDE04 - Simul_Tramanda_corrigida_TB_AO_PS_TB.xlsx,0
2.0,7.0,0.0,0.0,2.5,2.0,7.5,1.3,28.9,1.0,C2,Braço,Unilateral,,SX LIGHTING,,0.58,,22.187,,50.0,BRDE04 - Simul_Tramanda_corrigida_TB_AO_PS_TB.xlsx,0
2.0,7.0,0.0,0.0,2.5,2.0,7.5,1.3,28.9,1.0,C2,Braço,Unilateral,,TECNOWATT,,0.49,,20.6,,50.0,BRDE04 - Simul_Tramanda_corrigida_TB_AO_PS_TB.xlsx,0
2.0,7.0,0.0,0.0,2.5,2.0,7.5,1.3,32.7,1.0,C2,Braço,Canteiro central,,LEDSTAR,,0.33,,23.1,,65.0,BRDE04 - Simul_Tramanda_corrigida_TB_AO_PS_TB.xlsx,0
2.0,7.0,0.0,0.0,2.5,2.0,7.5,1.3,32.7,1.0,C2,Braço,Canteiro central,,SX LIGHTING,,0.52,,21.11,,60.0,BRDE04 - Simul_Tramanda_corrigida_TB_AO_PS_TB.xlsx,0
2.0,7.0,0.0,0.0,2.5,2.0,7.5,1.3,32.7,1.0,C2,Braço,Canteiro central,,TECNOWATT,,0.46,,22.12,,60.0,BRDE04 - Simul_Tramanda_corrigida_TB_AO_PS_TB.xlsx,0
2.0,7.6,0.0,3.1,3.1,0.0,7.0,1.3,31.1,0.3,C5,Braço,Unilateral,,LEDSTAR,,0.41,,9.36,1.82,35.0,BRDE04 - Simul_Tramanda_corrigida_TB_AO_PS_TB.xlsx,0
2.0,7.6,0.0,3.1,3.1,0.0,7.0,1.3,31.1,0.3,C5,Braço,Unilateral,,SX LIGHTING,,0.57,,8.62,2.99,31.0,BRDE04 - Simul_Tramanda_corrigida_TB_AO_PS_TB.xlsx,0
2.0,7.6,0.0,3.1,3.1,0.0,7.0,1.3,31.1,0.3,C5,Braço,Unilateral,,TECNOWATT,,0.6,,8.57,2.76,30.0,BRDE04 - Simul_Tramanda_corrigida_TB_AO_PS_TB.xlsx,0
2.0,7.0,0.0,2.5,2.5,0.0,7.0,1.3,38.0,0.5,C5,Braço,Unilateral,,LEDSTAR,,0.3,,8.18,1.58,35.0,BRDE04 - Simul_Tramanda_corrigida_TB_AO_PS_TB.xlsx,0
2.0,7.0,0.0,2.5,2.5,0.0,7.0,1.3,38.0,0.5,C5,Braço,Unilateral,,SX LIGHTING,,0.25,,7.89,1.28,31.0,BRDE04 - Simul_Tramanda_corrigida_TB_AO_PS_TB.xlsx,0
2.0,7.0,0.0,2.5,2.5,0.0,7.0,1.3,38.0,0.5,C5,Braço,Unilateral,,TECNOWATT,,0.35,,7.75,1.82,30.0,BRDE04 - Simul_Tramanda_corrigida_TB_AO_PS_TB.xlsx,0
2.0,7.0,0.0,2.5,2.5,0.0,7.5,1.3,23.7,0.5,C5,Braço,Unilateral,,LEDSTAR,,0.61,,9.63,4.09,28.0,BRDE04 - Simul_Tramanda_corrigida_TB_AO_PS_TB.xlsx,0
2.0,7.0,0.0,2.5,2.5,0.0,7.5,1.3,23.7,0.5,C5,Braço,Unilateral,,SX LIGHTING,,0.76,,8.07,2.96,22.5,BRDE04 - Simul_Tramanda_corrigida_TB_AO_PS_TB.xlsx,0
2.0,7.0,0.0,2.5,2.5,0.0,7.5,1.3,23.7,0.5,C5,Braço,Unilateral,,TECNOWATT,,0.71,,11.86,4.06,30.0,BRDE04 - Simul_Tramanda_corrigida_TB_AO_PS_TB.xlsx,0
2.0,7.0,0.0,0.0,3.0,7.0,7.5,1.3,35.3,3.0,C5,Braço,Unilateral,,LEDSTAR,,0.32,,10.58,,52.0,BRDE04 - Simul_Tramanda_corrigida_TB_AO_PS_TB.xlsx,0
2.0,7.0,0.0,0.0,3.0,7.0,7.5,1.3,35.3,3.0,C5,Braço,Unilateral,,SX LIGHTING,,0.4,,12.45,,50.0,BRDE04 - Simul_Tramanda_corrigida_TB_AO_PS_TB.xlsx,0
2.0,7.0,0.0,0.0,3.0,7.0,7.5,1.3,35.3,3.0,C5,Braço,Unilateral,,TECNOWATT,,0.37,,13.0,,60.0,BRDE04 - Simul_Tramanda_corrigida_TB_AO_PS_TB.xlsx,0
2.0,7.0,0.0,2.5,3.0,0.0,7.5,1.3,48.7,0.3,C5,Braço,Unilateral,,LEDSTAR,,0.17,,7.58,1.03,44.0,BRDE04 - Simul_Tramanda_corrigida_TB_AO_PS_TB.xlsx,0
2.0,7.0,0.0,2.5,3.0,0.0,7.5,1.3,48.7,0.3,C5,Braço,Unilateral,,SX LIGHTING,,0.16,,10.11,1.82,60.0,BRDE04 - Simul_Tramanda_corrigida_TB_AO_PS_TB.xlsx,0
2.0,7.0,0.0,2.5,3.0,0.0,7.5,1.3,48.7,0.3,C5,Braço,Unilateral,,TECNOWATT,,0.16,,8.56,1.28,50.0,BRDE04 - Simul_Tramanda_corrigida_TB_AO_PS_TB.xlsx,0
2.0,6.7,0.0,2.4,2.4,0.0,6.6,1.6,32.05,0.3,C5,Braço,Unilateral,,LEDSTAR,,0.37,,8.01,2.17,28.0,BRDE04 - Simul_Tramanda_corrigida_TB_AO_PS_TB.xlsx,0
2.0,6.7,0.0,2.4,2.4,0.0,6.6,1.6,32.05,0.3,C5,Braço,Unilateral,,SX LIGHTING,,0.37,,9.95,2.4,31.0,BRDE04 - Simul_Tramanda_corrigida_TB_AO_PS_TB.xlsx,0
2.0,6.7,0.0,2.4,2.4,0.0,6.6,1.6,32.05,0.3,C5,Braço,Unilateral,,TECNOWATT,,0.48,,9.8,3.01,30.0,BRDE04 - Simul_Tramanda_corrigida_TB_AO_PS_TB.xlsx,0
2.0,7.0,0.0,2.5,3.0,7.0,7.5,1.3,38.0,0.3,C5,Braço,Unilateral,,LEDSTAR,,0.35,,7.79,1.88,35.0,BRDE04 - Simul_Tramanda_corrigida_TB_AO_PS_TB.xlsx,0
2.0,7.0,0.0,2.5,3.0,7.0,7.5,1.3,38.0,0.3,C5,Braço,Unilateral,,SX LIGHTING,,0.33,,7.52,1.71,31.0,BRDE04 - Simul_Tramanda_corrigida_TB_AO_PS_TB.xlsx,0
2.0,7.0,0.0,2.5,3.0,7.0,7.5,1.3,38.0,0.3,C5,Braço,Unilateral,,TECNOWATT,,0.43,,7.46,2.24,30.0,BRDE04 - Simul_Tramanda_corrigida_TB_AO_PS_TB.xlsx,0
2.0,7.0,0.0,3.3,3.3,0.0,7.3,1.3,46.0,0.3,C5,Braço,Unilateral,,LEDSTAR,,0.23,,7.83,1.4,44.0,BRDE04 - Simul_Tramanda_corrigida_TB_AO_PS_TB.xlsx,0
2.0,7.0,0.0,3.3,3.3,0.0,7.3,1.3,46.0,0.3,C5,Braço,Unilateral,Longo II,SX LIGHTING,,0.2,,9.29,4.23,50.0,BRDE04 - Simul_Tramanda_corrigida_TB_AO_PS_TB.xlsx,0
2.0,7.0,0.0,3.3,3.3,0.0,7.3,1.3,46.0,0.3,C5,Braço,Unilateral,Longo I,TECNOWATT,,0.17,,9.64,1.17,50.0,BRDE04 - Simul_Tramanda_corrigida_TB_AO_PS_TB.xlsx,0
2.0,7.0,0.0,2.5,2.5,0.0,7.5,1.3,32.7,0.3,C5,Braço,Unilateral,,LEDSTAR,,0.47,,9.05,3.06,35.0,BRDE04 - Simul_Tramanda_corrigida_TB_AO_PS_TB.xlsx,0
2.0,7.0,0.0,2.5,2.5,0.0,7.5,1.3,32.7,0.3,C5,Braço,Unilateral,,SX LIGHTING,,0.56,,8.74,3.26,31.0,BRDE04 - Simul_Tramanda_corrigida_TB_AO_PS_TB.xlsx,0
2.0,7.0,0.0,2.5,2.5,0.0,7.5,1.3,32.7,0.3,C5,Braço,Unilateral,,TECNOWATT,,0.61,,8.66,3.32,30.0,BRDE04 - Simul_Tramanda_corrigida_TB_AO_PS_TB.xlsx,0
2.0,7.0,0.0,3.5,4.0,0.0,7.5,1.3,33.9,1.0,C5,Braço,Unilateral,,LEDSTAR,,0.45,,8.53,1.89,35.0,BRDE04 - Simul_Tramanda_corrigida_TB_AO_PS_TB.xlsx,0
2.0,7.0,0.0,3.5,4.0,0.0,7.5,1.3,33.9,1.0,C5,Braço,Unilateral,,SX LIGHTING,,0.56,,8.19,1.18,31.0,BRDE04 - Simul_Tramanda_corrigida_TB_AO_PS_TB.xlsx,0
2.0,7.0,0.0,3.5,4.0,0.0,7.5,1.3,33.9,1.0,C5,Braço,Unilateral,,TECNOWATT,,0.57,,8.06,1.64,30.0,BRDE04 - Simul_Tramanda_corrigida_TB_AO_PS_TB.xlsx,0
2.0,7.0,0.0,2.5,2.5,0.0,7.0,1.3,30.9,0.3,C5,Braço,Unilateral,,LEDSTAR,,0.43,,7.85,2.39,28.0,BRDE04 - Simul_Tramanda_corrigida_TB_AO_PS_TB.xlsx,0
2.0,7.0,0.0,2.5,2.5,0.0,7.0,1.3,30.9,0.3,C5,Braço,Unilateral,,SX LIGHTING,,0.55,,9.76,3.06,31.0,BRDE04 - Simul_Tramanda_corrigida_TB_AO_PS_TB.xlsx,0
2.0,7.0,0.0,2.5,2.5,0.0,7.0,1.3,30.9,0.3,C5,Braço,Unilateral,,TECNOWATT,,0.61,,9.63,3.19,30.0,BRDE04 - Simul_Tramanda_corrigida_TB_AO_PS_TB.xlsx,0
2.0,7.0,0.0,2.9,2.8,0.0,7.4,1.3,41.9,0.64,C5,Braço,Unilateral,,LEDSTAR,,0.3,,8.4,1.92,44.0,BRDE04 - Simul_Tramanda_corrigida_TB_AO_PS_TB.xlsx,0
2.0,7.0,0.0,2.9,2.8,0.0,7.4,1.3,41.9,0.64,C5,Braço,Unilateral,,SX LIGHTING,,0.33,,7.99,1.77,39.0,BRDE04 - Simul_Tramanda_corrigida_TB_AO_PS_TB.xlsx,0
2.0,7.0,0.0,2.9,2.8,0.0,7.4,1.3,41.9,0.64,C5,Braço,Unilateral,,TECNOWATT,,0.19,,9.01,0.96,40.0,BRDE04 - Simul_Tramanda_corrigida_TB_AO_PS_TB.xlsx,0
2.0,7.0,0.0,2.5,2.5,0.0,7.7,1.4,40.0,0.3,C5,Braço,Unilateral,,LEDSTAR,,0.34,,8.64,2.5,44.0,BRDE04 - Simul_Tramanda_corrigida_TB_AO_PS_TB.xlsx,0
2.0,7.0,0.0,2.5,2.5,0.0,7.7,1.4,40.0,0.3,C5,Braço,Unilateral,,SX LIGHTING,,0.4,,8.22,3.04,39.0,BRDE04 - Simul_Tramanda_corrigida_TB_AO_PS_TB.xlsx,0
2.0,7.0,0.0,2.5,2.5,0.0,7.7,1.4,40.0,0.3,C5,Braço,Unilateral,,TECNOWATT,,0.31,,9.39,1.84,40.0,BRDE04 - Simul_Tramanda_corrigida_TB_AO_PS_TB.xlsx,0
2.0,7.0,0.0,0.0,0.0,0.0,7.5,1.3,32.3,0.3,C5,Braço,Unilateral,,LEDSTAR,,0.48,,9.17,,35.0,BRDE04 - Simul_Tramanda_corrigida_TB_AO_PS_TB.xlsx,0
2.0,7.0,0.0,0.0,0.0,0.0,7.5,1.3,32.3,0.3,C5,Braço,Unilateral,,SX LIGHTING,,0.58,,8.85,,31.0,BRDE04 - Simul_Tramanda_corrigida_TB_AO_PS_TB.xlsx,0
2.0,7.0,0.0,0.0,0.0,0.0,7.5,1.3,32.3,0.3,C5,Braço,Unilateral,,TECNOWATT,,0.62,,8.77,,30.0,BRDE04 - Simul_Tramanda_corrigida_TB_AO_PS_TB.xlsx,0
2.0,7.0,0.0,0.0,3.5,0.0,7.5,1.3,20.1,1.8,C4,Braço,Unilateral,,LEDSTAR,,0.7,,13.03,,28.0,BRDE04 - Simul_Tramanda_corrigida_TB_AO_PS_TB.xlsx,0
2.0,7.0,0.0,0.0,3.5,0.0,7.5,1.3,20.1,1.8,C4,Braço,Unilateral,,SX LIGHTING,,0.72,,14.77,,39.0,BRDE04 - Simul_Tramanda_corrigida_TB_AO_PS_TB.xlsx,0
2.0,7.0,0.0,0.0,3.5,0.0,7.5,1.3,20.1,1.8,C4,Braço,Unilateral,,TECNOWATT,,0.68,,17.03,,40.0,BRDE04 - Simul_Tramanda_corrigida_TB_AO_PS_TB.xlsx,0
2.0,8.0,0.0,3.8,4.0,0.0,7.0,1.3,36.0,10.0,C2,Braço,Bilateral frontal,Longo II,LEDSTAR,,0.82,,21.59,6.03,105.0,BRDE04 - Simul_Tramanda_corrigida_TB_AO_PS_TB.xlsx,0
2.0,8.0,0.0,3.8,4.0,0.0,7.0,1.3,36.0,10.0,C2,Braço,Bilateral frontal,Longo II,SX LIGHTING,,0.89,,22.24,4.93,90.0,BRDE04 - Simul_Tramanda_corrigida_TB_AO_PS_TB.xlsx,0
2.0,8.0,0.0,3.8,4.0,0.0,7.0,1.3,36.0,10.0,C2,Braço,Bilateral frontal,Longo II,TECNOWATT,,0.88,,22.57,7.37,120.0,BRDE04 - Simul_Tramanda_corrigida_TB_AO_PS_TB.xlsx,0
2.0,8.0,0.0,4.0,4.0,0.0,7.0,1.3,23.5,0.5,C5,Braço,Bilateral alternada,,LEDSTAR,,0.8,,11.88,4.23,17.0,BRDE04 - Simul_Tramanda_corrigida_TB_AO_PS_TB.xlsx,0
2.0,8.0,0.0,4.0,4.0,0.0,7.0,1.3,23.5,0.5,C5,Braço,Bilateral alternada,,SX LIGHTING,,0.74,,16.0,4.08,22.5,BRDE04 - Simul_Tramanda_corrigida_TB_AO_PS_TB.xlsx,0
2.0,8.0,0.0,4.0,4.0,0.0,7.0,1.3,23.5,0.5,C5,Braço,Bilateral alternada,,TECNOWATT,,0.72,,23.69,7.15,30.0,BRDE04 - Simul_Tramanda_corrigida_TB_AO_PS_TB.xlsx,0
2.0,7.0,0.0,2.5,2.5,0.0,7.5,1.3,36.7,0.3,C5,Braço,Unilateral,,LEDSTAR,,0.38,,7.74,1.79,35.0,BRDE04 - Simul_Tramanda_corrigida_TB_AO_PS_TB.xlsx,0
2.0,7.0,0.0,2.5,2.5,0.0,7.5,1.3,36.7,0.3,C5,Braço,Unilateral,,SX LIGHTING,,0.51,,8.72,2.39,39.0,BRDE04 - Simul_Tramanda_corrigida_TB_AO_PS_TB.xlsx,0
2.0,7.0,0.0,2.5,2.5,0.0,7.5,1.3,36.7,0.3,C5,Braço,Unilateral,,TECNOWATT,,0.37,,9.7,1.57,40.0,BRDE04 - Simul_Tramanda_corrigida_TB_AO_PS_TB.xlsx,0
2.0,10.0,0.0,4.0,2.8,0.0,6.0,1.5,36.7,0.3,C4,Braço,Unilateral,,LEDSTAR,,0.41,,16.98,4.23,85.0,BRDE04 - Simul_Tramanda_corrigida_TB_AO_PS_TB.xlsx,0
2.0,10.0,0.0,4.0,2.8,0.0,6.0,1.5,36.7,0.3,C4,Braço,Unilateral,,SX LIGHTING,,0.38,,18.13,3.59,70.0,BRDE04 - Simul_Tramanda_corrigida_TB_AO_PS_TB.xlsx,0
2.0,10.0,0.0,4.0,2.8,0.0,6.0,1.5,36.7,0.3,C4,Braço,Unilateral,,TECNOWATT,,0.48,,18.14,3.92,68.0,BRDE04 - Simul_Tramanda_corrigida_TB_AO_PS_TB.xlsx,0
2.0,7.0,0.0,2.5,0.0,0.0,7.5,1.3,58.9,0.3,C5,Braço,Unilateral,,LEDSTAR,,0.18,,8.35,1.14,65.0,BRDE04 - Simul_Tramanda_corrigida_TB_AO_PS_TB.xlsx,0
2.0,7.0,0.0,2.5,0.0,0.0,7.5,1.3,58.9,0.3,C5,Braço,Unilateral,,SX LIGHTING,,0.72,,9.71,4.08,31.0,BRDE04 - Simul_Tramanda_corrigida_TB_AO_PS_TB.xlsx,0
2.0,7.0,0.0,2.5,0.0,0.0,7.5,1.3,58.9,0.3,C5,Braço,Unilateral,,TECNOWATT,,0.74,,8.23,4.84,30.0,BRDE04 - Simul_Tramanda_corrigida_TB_AO_PS_TB.xlsx,0
2.0,6.5,0.0,2.5,0.0,0.0,7.5,1.3,41.4,0.5,C1,Braço,Unilateral,Longo II,LEDSTAR,,0.38,,32.41,8.43,190.0,BRDE04 - Simul_Tramanda_corrigida_TB_AO_PS_TB.xlsx,1
2.0,6.5,0.0,2.5,0.0,0.0,7.5,1.3,41.4,0.5,C1,Braço,Unilateral,,SX LIGHTING,,0.37,,29.98,11.4,137.0,BRDE04 - Simul_Tramanda_corrigida_TB_AO_PS_TB.xlsx,0
2.0,6.5,0.0,2.5,0.0,0.0,7.5,1.3,41.4,0.5,C1,Braço,Unilateral,,TECNOWATT,,0.71,,33.11,19.83,80.0,BRDE04 - Simul_Tramanda_corrigida_TB_AO_PS_TB.xlsx,0
2.0,6.0,0.0,3.5,0.0,0.0,7.5,1.3,35.7,0.3,C1,Braço,Unilateral,,LEDSTAR,,0.72,,32.05,36.35,100.0,BRDE04 - Simul_Tramanda_corrigida_TB_AO_PS_TB.xlsx,1
2.0,6.0,0.0,3.5,0.0,0.0,7.5,1.3,35.7,0.3,C1,Braço,Unilateral,,SX LIGHTING,,0.72,,30.98,31.21,70.0,BRDE04 - Simul_Tramanda_corrigida_TB_AO_PS_TB.xlsx,1
2.0,6.0,0.0,3.5,0.0,0.0,7.5,1.3,35.7,0.3,C1,Braço,Unilateral,,TECNOWATT,,0.67,,31.05,36.26,90.0,BRDE04 - Simul_Tramanda_corrigida_TB_AO_PS_TB.xlsx,1
2.0,6.5,0.0,2.8,0.0,0.0,7.5,1.3,35.0,1.0,C1,Braço,Unilateral,,LEDSTAR,,0.41,,36.27,19.79,120.0,BRDE04 - Simul_Tramanda_corrigida_TB_AO_PS_TB.xlsx,0
2.0,6.5,0.0,2.8,0.0,0.0,7.5,1.3,35.0,1.0,C1,Braço,Unilateral,,SX LIGHTING,,0.39,,29.89,18.23,79.0,BRDE04 - Simul_Tramanda_corrigida_TB_AO_PS_TB.xlsx,0
2.0,6.5,0.0,2.8,0.0,0.0,7.5,1.3,35.0,1.0,C1,Braço,Unilateral,,TECNOWATT,,0.48,,29.89,16.08,100.0,BRDE04 - Simul_Tramanda_corrigida_TB_AO_PS_TB.xlsx,0
2.0,6.5,0.0,2.5,2.5,0.0,7.5,1.3,38.5,0.3,C4,Braço,Unilateral,,LEDSTAR,,0.33,,10.9,3.11,52.0,BRDE04 - Simul_Tramanda_corrigida_TB_AO_PS_TB.xlsx,0
2.0,6.5,0.0,2.5,2.5,0.0,7.5,1.3,38.5,0.3,C4,Braço,Unilateral,,SX LIGHTING,,0.36,,12.89,5.51,50.0,BRDE04 - Simul_Tramanda_corrigida_TB_AO_PS_TB.xlsx,0
2.0,6.5,0.0,2.5,2.5,0.0,7.5,1.3,38.5,0.3,C4,Braço,Unilateral,,TECNOWATT,,0.31,,10.14,2.11,40.0,BRDE04 - Simul_Tramanda_corrigida_TB_AO_PS_TB.xlsx,0
1.0,7.0,0.0,2.5,2.5,0.0,7.5,1.3,37.0,0.5,C4,Braço,Unilateral,,LEDSTAR,,0.37,,11.1,3.17,52.0,BRDE04 - Simul_Tramanda_corrigida_TB_AO_PS_TB.xlsx,0
1.0,7.0,0.0,2.5,2.5,0.0,7.5,1.3,37.0,0.5,C4,Braço,Unilateral,,SX LIGHTING,,0.44,,13.06,5.56,50.0,BRDE04 - Simul_Tramanda_corrigida_TB_AO_PS_TB.xlsx,0
1.0,7.0,0.0,2.5,2.5,0.0,7.5,1.3,37.0,0.5,C4,Braço,Unilateral,,TECNOWATT,,0.38,,10.19,2.14,40.0,BRDE04 - Simul_Tramanda_corrigida_TB_AO_PS_TB.xlsx,0
2.0,6.0,0.0,3.0,3.0,0.0,7.5,1.3,26.5,0.3,C4,Braço,Unilateral,,LEDSTAR,,0.61,,11.46,5.15,35.0,BRDE04 - Simul_Tramanda_corrigida_TB_AO_PS_TB.xlsx,0
2.0,6.0,0.0,3.0,3.0,0.0,7.5,1.3,26.5,0.3,C4,Braço,Unilateral,,SX LIGHTING,,0.75,,11.1,5.08,31.0,BRDE04 - Simul_Tramanda_corrigida_TB_AO_PS_TB.xlsx,0
2.0,6.0,0.0,3.0,3.0,0.0,7.5,1.3,26.5,0.3,C4,Braço,Unilateral,,TECNOWATT,,0.72,,11.12,4.69,30.0,BRDE04 - Simul_Tramanda_corrigida_TB_AO_PS_TB.xlsx,0
2.0,6.5,0.0,0.0,3.0,3.0,7.5,1.3,40.0,0.6,C4,Braço,Canteiro central,,LEDSTAR,,0.32,,10.4,,52.0,BRDE04 - Simul_Tramanda_corrigida_TB_AO_PS_TB.xlsx,0
2.0,6.5,0.0,0.0,3.0,3.0,7.5,1.3,40.0,0.6,C4,Braço,Canteiro central,,SX LIGHTING,,0.35,,12.31,,50.0,BRDE04 - Simul_Tramanda_corrigida_TB_AO_PS_TB.xlsx,0
2.0,6.5,0.0,0.0,3.0,3.0,7.5,1.3,40.0,0.6,C4,Braço,Canteiro central,,TECNOWATT,,0.27,,11.41,,50.0,BRDE04 - Simul_Tramanda_corrigida_TB_AO_PS_TB.xlsx,0
2.0,7.0,0.0,3.0,2.0,0.0,7.5,1.3,37.0,0.3,C4,Braço,Unilateral,,LEDSTAR,,0.36,,11.17,3.41,52.0,BRDE04 - Simul_Tramanda_corrigida_TB_AO_PS_TB.xlsx,0
2.0,7.0,0.0,3.0,2.0,0.0,7.5,1.3,37.0,0.3,C4,Braço,Unilateral,,SX LIGHTING,,0.42,,13.23,6.09,50.0,BRDE04 - Simul_Tramanda_corrigida_TB_AO_PS_TB.xlsx,0
2.0,7.0,0.0,3.0,2.0,0.0,7.5,1.3,37.0,0.3,C4,Braço,Unilateral,,TECNOWATT,,0.38,,10.3,2.51,40.0,BRDE04 - Simul_Tramanda_corrigida_TB_AO_PS_TB.xlsx,0
2.0,7.0,0.0,3.0,3.0,0.0,7.5,1.3,37.0,0.5,C4,Braço,Unilateral,,LEDSTAR,,0.37,,11.1,3.01,52.0,BRDE04 - Simul_Tramanda_corrigida_TB_AO_PS_TB.xlsx,0
2.0,7.0,0.0,3.0,3.0,0.0,7.5,1.3,37.0,0.5,C4,Braço,Unilateral,,SX LIGHTING,,0.44,,13.16,5.18,50.0,BRDE04 - Simul_Tramanda_corrigida_TB_AO_PS_TB.xlsx,0
2.0,7.0,0.0,3.0,3.0,0.0,7.5,1.3,37.0,0.5,C4,Braço,Unilateral,,TECNOWATT,,0.38,,10.19,1.9,40.0,BRDE04 - Simul_Tramanda_corrigida_TB_AO_PS_TB.xlsx,0
2.0,7.0,0.0,2.5,2.5,0.0,7.5,1.3,37.0,0.3,C4,Braço,Unilateral,,LEDSTAR,,0.36,,11.17,3.25,52.0,BRDE04 - Simul_Tramanda_corrigida_TB_AO_PS_TB.xlsx,0
2.0,7.0,0.0,2.5,2.5,0.0,7.5,1.3,37.0,0.3,C4,Braço,Unilateral,,SX LIGHTING,,0.42,,13.23,5.73,50.0,BRDE04 - Simul_Tramanda_corrigida_TB_AO_PS_TB.xlsx,0
2.0,7.0,0.0,2.5,2.5,0.0,7.5,1.3,37.0,0.3,C4,Braço,Unilateral,,TECNOWATT,,0.38,,10.3,2.26,40.0,BRDE04 - Simul_Tramanda_corrigida_TB_AO_PS_TB.xlsx,0
2.0,7.0,0.0,2.5,2.5,0.0,7.5,1.3,38.5,0.3,C4,Braço,Unilateral,,LEDSTAR,,0.34,,10.74,2.93,52.0,BRDE04 - Simul_Tramanda_corrigida_TB_AO_PS_TB.xlsx,0
2.0,7.0,0.0,2.5,2.5,0.0,7.5,1.3,38.5,0.3,C4,Braço,Unilateral,,SX LIGHTING,,0.37,,12.72,5.11,50.0,BRDE04 - Simul_Tramanda_corrigida_TB_AO_PS_TB.xlsx,0
2.0,7.0,0.0,2.5,2.5,0.0,7.5,1.3,38.5,0.3,C4,Braço,Unilateral,,TECNOWATT,,0.32,,9.9,1.86,40.0,BRDE04 - Simul_Tramanda_corrigida_TB_AO_PS_TB.xlsx,0
2.0,7.0,0.0,0.0,3.0,0.0,7.5,1.3,41.6,0.5,C4,Braço,Unilateral,,LEDSTAR,,0.23,,10.16,,35.0,BRDE04 - Simul_Tramanda_corrigida_TB_AO_PS_TB.xlsx,0
2.0,7.0,0.0,0.0,3.0,0.0,7.5,1.3,41.6,0.5,C4,Braço,Unilateral,,SX LIGHTING,,0.33,,11.39,,39.0,BRDE04 - Simul_Tramanda_corrigida_TB_AO_PS_TB.xlsx,0
2.0,7.0,0.0,0.0,3.0,0.0,7.5,1.3,41.6,0.5,C4,Braço,Unilateral,,TECNOWATT,,0.22,,10.73,,50.0,BRDE04 - Simul_Tramanda_corrigida_TB_AO_PS_TB.xlsx,0
2.0,7.0,0.0,2.8,2.8,0.0,7.5,1.3,27.6,0.5,C4,Braço,Unilateral,,LEDSTAR,,0.47,,11.19,3.55,28.0,BRDE04 - Simul_Tramanda_corrigida_TB_AO_PS_TB.xlsx,0
2.0,7.0,0.0,2.8,2.8,0.0,7.5,1.3,27.6,0.5,C4,Braço,Unilateral,,SX LIGHTING,,0.7,,11.12,4.76,39.0,BRDE04 - Simul_Tramanda_corrigida_TB_AO_PS_TB.xlsx,0
2.0,7.0,0.0,2.8,2.8,0.0,7.5,1.3,27.6,0.5,C4,Braço,Unilateral,,TECNOWATT,,0.6,,13.52,4.83,30.0,BRDE04 - Simul_Tramanda_corrigida_TB_AO_PS_TB.xlsx,0
2.0,7.0,0.0,3.5,3.0,0.0,7.5,1.3,36.5,5.5,C2,Braço,Canteiro central,,LEDSTAR,,0.43,,22.11,4.67,170.0,BRDE04 - Simul_Tramanda_corrigida_TB_AO_PS_TB.xlsx,0
2.0,7.0,0.0,3.5,3.0,0.0,7.5,1.3,36.5,5.5,C2,Braço,Canteiro central,Longo I,SX LIGHTING,,0.62,,20.29,6.23,70.0,BRDE04 - Simul_Tramanda_corrigida_TB_AO_PS_TB.xlsx,1
2.0,7.0,0.0,3.5,3.0,0.0,7.5,1.3,36.5,5.5,C2,Braço,Canteiro central,,TECNOWATT,,0.44,,28.53,6.06,183.0,BRDE04 - Simul_Tramanda_corrigida_TB_AO_PS_TB.xlsx,0
2.0,7.0,0.0,2.5,2.5,0.0,7.8,1.3,29.0,0.5,C4,Braço,Unilateral,,LEDSTAR,,0.55,,11.69,4.8,44.0,BRDE04 - Simul_Tramanda_corrigida_TB_AO_PS_TB.xlsx,0
2.0,7.0,0.0,2.5,2.5,0.0,7.8,1.3,29.0,0.5,C4,Braço,Unilateral,,SX LIGHTING,,0.62,,13.14,4.61,31.0,BRDE04 - Simul_Tramanda_corrigida_TB_AO_PS_TB.xlsx,0
2.0,7.0,0.0,2.5,2.5,0.0,7.8,1.3,29.0,0.5,C4,Braço,Unilateral,,TECNOWATT,,0.6,,13.52,4.83,30.0,BRDE04 - Simul_Tramanda_corrigida_TB_AO_PS_TB.xlsx,0
2.0,7.0,0.0,2.5,2.5,0.0,7.5,1.3,20.7,0.3,C5,Braço,Unilateral,,LEDSTAR,,0.68,,11.1,5.25,28.0,BRDE04 - Simul_Tramanda_corrigida_TB_AO_PS_TB.xlsx,0
2.0,7.0,0.0,2.5,2.5,0.0,7.5,1.3,20.7,0.3,C5,Braço,Unilateral,,SX LIGHTING,,0.8,,9.29,3.81,22.5,BRDE04 - Simul_Tramanda_corrigida_TB_AO_PS_TB.xlsx,0
2.0,7.0,0.0,2.5,2.5,0.0,7.5,1.3,20.7,0.3,C5,Braço,Unilateral,,TECNOWATT,,0.73,,13.7,5.31,30.0,BRDE04 - Simul_Tramanda_corrigida_TB_AO_PS_TB.xlsx,0
2.0,7.0,0.0,3.0,4.5,0.0,6.6,1.3,33.1,0.3,C5,Braço,Unilateral,,LEDSTAR,,0.36,,7.67,1.35,28.0,BRDE04 - Simul_Tramanda_corrigida_TB_AO_PS_TB.xlsx,0
2.0,7.0,0.0,3.0,4.5,0.0,6.6,1.3,33.1,0.3,C5,Braço,Unilateral,,SX LIGHTING,,0.32,,9.28,1.84,31.0,BRDE04 - Simul_Tramanda_corrigida_TB_AO_PS_TB.xlsx,0
2.0,7.0,0.0,3.0,4.5,0.0,6.6,1.3,33.1,0.3,C5,Braço,Unilateral,,TECNOWATT,,0.41,,8.96,2.72,30.0,BRDE04 - Simul_Tramanda_corrigida_TB_AO_PS_TB.xlsx,0
2.0,7.0,0.0,2.5,3.0,0.0,7.3,1.6,34.3,0.3,C5,Braço,Unilateral,,LEDSTAR,,0.4,,8.88,2.54,35.0,BRDE04 - Simul_Tramanda_corrigida_TB_AO_PS_TB.xlsx,0
2.0,7.0,0.0,2.5,3.0,0.0,7.3,1.6,34.3,0.3,C5,Braço,Unilateral,,SX LIGHTING,,0.43,,8.58,2.51,31.0,BRDE04 - Simul_Tramanda_corrigida_TB_AO_PS_TB.xlsx,0
2.0,7.0,0.0,2.5,3.0,0.0,7.3,1.6,34.3,0.3,C5,Braço,Unilateral,,TECNOWATT,,0.51,,8.51,2.86,30.0,BRDE04 - Simul_Tramanda_corrigida_TB_AO_PS_TB.xlsx,0
2.0,7.0,0.0,2.5,2.5,0.0,7.5,2.0,30.0,0.5,C4,Braço,Unilateral,,LEDSTAR,,0.52,,9.95,4.06,35.0,BRDE04 - Simul_Tramanda_corrigida_TB_AO_PS_TB.xlsx,0
2.0,7.0,0.0,2.5,2.5,0.0,7.5,2.0,30.0,0.5,C4,Braço,Unilateral,,SX LIGHTING,,0.62,,11.31,5.67,39.0,BRDE04 - Simul_Tramanda_corrigida_TB_AO_PS_TB.xlsx,0
2.0,7.0,0.0,2.5,2.5,0.0,7.5,2.0,30.0,0.5,C4,Braço,Unilateral,,TECNOWATT,,0.64,,12.93,4.56,40.0,BRDE04 - Simul_Tramanda_corrigida_TB_AO_PS_TB.xlsx,0
2.0,7.0,0.0,2.5,2.5,0.0,7.5,1.3,25.3,0.4,C4,Braço,Unilateral,,LEDSTAR,,0.64,,11.67,4.89,35.0,BRDE04 - Simul_Tramanda_corrigida_TB_AO_PS_TB.xlsx,0
2.0,7.0,0.0,2.5,2.5,0.0,7.5,1.3,25.3,0.4,C4,Braço,Unilateral,,SX LIGHTING,,0.76,,11.28,3.98,31.0,BRDE04 - Simul_Tramanda_corrigida_TB_AO_PS_TB.xlsx,0
2.0,7.0,0.0,2.5,2.5,0.0,7.5,1.3,25.3,0.4,C4,Braço,Unilateral,,TECNOWATT,,0.71,,11.16,3.87,30.0,BRDE04 - Simul_Tramanda_corrigida_TB_AO_PS_TB.xlsx,0
2.0,7.0,0.0,0.0,2.5,0.0,7.0,1.3,22.8,0.6,C4,Braço,Unilateral,,LEDSTAR,,0.58,,10.52,,28.0,BRDE04 - Simul_Tramanda_corrigida_TB_AO_PS_TB.xlsx,0
2.0,7.0,0.0,0.0,2.5,0.0,7.0,1.3,22.8,0.6,C4,Braço,Unilateral,,SX LIGHTING,,0.73,,13.07,,31.0,BRDE04 - Simul_Tramanda_corrigida_TB_AO_PS_TB.xlsx,0
2.0,7.0,0.0,0.0,2.5,0.0,7.0,1.3,22.8,0.6,C4,Braço,Unilateral,,TECNOWATT,,0.66,,12.86,,30.0,BRDE04 - Simul_Tramanda_corrigida_TB_AO_PS_TB.xlsx,0
2.0,6.5,0.0,0.0,2.5,2.0,7.0,1.3,32.5,1.0,C2,Braço,Canteiro central,,LEDSTAR,,0.46,,20.97,,85.0,BRDE04 - Simul_Tramanda_corrigida_TB_AO_PS_TB.xlsx,0
2.0,6.5,0.0,0.0,2.5,2.0,7.0,1.3,32.5,1.0,C2,Braço,Canteiro central,,SX LIGHTING,,0.5,,21.63,,79.0,BRDE04 - Simul_Tramanda_corrigida_TB_AO_PS_TB.xlsx,0
2.0,6.5,0.0,0.0,2.5,2.0,7.0,1.3,32.5,1.0,C2,Braço,Canteiro central,,TECNOWATT,,0.58,,20.79,,80.0,BRDE04 - Simul_Tramanda_corrigida_TB_AO_PS_TB.xlsx,0
2.0,7.0,0.0,2.5,2.5,0.0,7.5,1.3,29.5,0.4,C4,Braço,Unilateral,,LEDSTAR,,0.56,,10.01,3.75,35.0,BRDE04 - Simul_Tramanda_corrigida_TB_AO_PS_TB.xlsx,0
2.0,7.0,0.0,2.5,2.5,0.0,7.5,1.3,29.5,0.4,C4,Braço,Unilateral,,SX LIGHTING,,0.66,,11.33,4.55,39.0,BRDE04 - Simul_Tramanda_corrigida_TB_AO_PS_TB.xlsx,0
2.0,7.0,0.0,2.5,2.5,0.0,7.5,1.3,29.5,0.4,C4,Braço,Unilateral,,TECNOWATT,,0.61,,12.85,3.83,40.0,BRDE04 - Simul_Tramanda_corrigida_TB_AO_PS_TB.xlsx,0
2.0,10.0,0.0,2.5,2.5,0.0,7.5,1.5,35.1,0.5,C2,Braço,Unilateral,Longo II,LEDSTAR,,0.39,,21.48,5.05,100.0,BRDE04 - Simul_Tramanda_corrigida_TB_AO_PS_TB.xlsx,0
2.0,10.0,0.0,2.5,2.5,0.0,7.5,1.5,35.1,0.5,C2,Braço,Unilateral,,SX LIGHTING,,0.35,,22.24,2.87,90.0,BRDE04 - Simul_Tramanda_corrigida_TB_AO_PS_TB.xlsx,0
2.0,10.0,0.0,2.5,2.5,0.0,7.5,1.5,35.1,0.5,C2,Braço,Unilateral,,TECNOWATT,,0.32,,19.95,1.39,100.0,BRDE04 - Simul_Tramanda_corrigida_TB_AO_PS_TB.xlsx,0
2.0,7.0,0.0,2.5,2.5,0.0,7.5,1.3,35.6,0.35,C4,Braço,Unilateral,,LEDSTAR,,0.4,,11.59,3.59,52.0,BRDE04 - Simul_Tramanda_corrigida_TB_AO_PS_TB.xlsx,0
2.0,7.0,0.0,2.5,2.5,0.0,7.5,1.3,35.6,0.35,C4,Braço,Unilateral,,SX LIGHTING,,0.48,,13.79,6.26,50.0,BRDE04 - Simul_Tramanda_corrigida_TB_AO_PS_TB.xlsx,0
2.0,7.0,0.0,2.5,2.5,0.0,7.5,1.3,35.6,0.35,C4,Braço,Unilateral,,TECNOWATT,,0.45,,23.56,5.9,100.0,BRDE04 - Simul_Tramanda_corrigida_TB_AO_PS_TB.xlsx,0
2.0,6.5,0.0,2.5,2.5,0.0,7.5,1.3,39.2,0.45,C4,Braço,Unilateral,,LEDSTAR,,0.33,,10.66,2.96,52.0,BRDE04 - Simul_Tramanda_corrigida_TB_AO_PS_TB.xlsx,0
2.0,6.5,0.0,2.5,2.5,0.0,7.5,1.3,39.2,0.45,C4,Braço,Unilateral,,SX LIGHTING,,0.36,,12.61,5.13,50.0,BRDE04 - Simul_Tramanda_corrigida_TB_AO_PS_TB.xlsx,0
2.0,6.5,0.0,2.5,2.5,0.0,7.5,1.3,39.2,0.45,C4,Braço,Unilateral,,TECNOWATT,,0.31,,21.84,4.31,100.0,BRDE04 - Simul_Tramanda_corrigida_TB_AO_PS_TB.xlsx,0
2.0,7.2,0.0,3.0,3.0,0.0,7.5,1.3,38.3,0.4,C5,Braço,Unilateral,,LEDSTAR,,0.35,,7.66,1.72,35.0,BRDE04 - Simul_Tramanda_corrigida_TB_AO_PS_TB.xlsx,0
2.0,7.2,0.0,3.0,3.0,0.0,7.5,1.3,38.3,0.4,C5,Braço,Unilateral,,SX LIGHTING,,0.43,,8.67,2.62,39.0,BRDE04 - Simul_Tramanda_corrigida_TB_AO_PS_TB.xlsx,0
2.0,7.2,0.0,3.0,3.0,0.0,7.5,1.3,38.3,0.4,C5,Braço,Unilateral,,TECNOWATT,,0.32,,9.8,1.57,40.0,BRDE04 - Simul_Tramanda_corrigida_TB_AO_PS_TB.xlsx,0
2.0,7.0,0.0,2.0,3.0,0.0,7.5,1.3,33.5,2.0,C4,Braço,Unilateral,,LEDSTAR,,0.42,,11.3,2.97,52.0,BRDE04 - Simul_Tramanda_corrigida_TB_AO_PS_TB.xlsx,0
2.0,7.0,0.0,2.0,3.0,0.0,7.5,1.3,33.5,2.0,C4,Braço,Unilateral,,SX LIGHTING,,0.6,,13.39,3.08,50.0,BRDE04 - Simul_Tramanda_corrigida_TB_AO_PS_TB.xlsx,0
2.0,7.0,0.0,2.0,3.0,0.0,7.5,1.3,33.5,2.0,C4,Braço,Unilateral,,TECNOWATT,,0.54,,11.96,3.53,50.0,BRDE04 - Simul_Tramanda_corrigida_TB_AO_PS_TB.xlsx,0
2.0,7.0,0.0,0.0,0.0,0.0,7.3,1.3,34.5,0.3,C5,Braço,Unilateral,,LEDSTAR,,0.41,,8.77,,35.0,BRDE04 - Simul_Tramanda_corrigida_TB_AO_PS_TB.xlsx,0
2.0,7.0,0.0,0.0,0.0,0.0,7.3,1.3,34.5,0.3,C5,Braço,Unilateral,,SX LIGHTING,,0.45,,8.46,,31.0,BRDE04 - Simul_Tramanda_corrigida_TB_AO_PS_TB.xlsx,0
2.0,7.0,0.0,0.0,0.0,0.0,7.3,1.3,34.5,0.3,C5,Braço,Unilateral,,TECNOWATT,,0.52,,8.38,,30.0,BRDE04 - Simul_Tramanda_corrigida_TB_AO_PS_TB.xlsx,0
2.0,7.0,0.0,2.5,2.5,0.0,7.5,1.3,40.4,0.2,C4,Braço,Unilateral,,LEDSTAR,,0.31,,10.26,2.66,52.0,BRDE04 - Simul_Tramanda_corrigida_TB_AO_PS_TB.xlsx,0
2.0,7.0,0.0,2.5,2.5,0.0,7.5,1.3,40.4,0.2,C4,Braço,Unilateral,,SX LIGHTING,,0.32,,12.25,,50.0,BRDE04 - Simul_Tramanda_corrigida_TB_AO_PS_TB.xlsx,0
2.0,7.0,0.0,2.5,2.5,0.0,7.5,1.3,40.4,0.2,C4,Braço,Unilateral,,TECNOWATT,,0.26,,11.24,1.55,50.0,BRDE04 - Simul_Tramanda_corrigida_TB_AO_PS_TB.xlsx,0
2.0,7.0,0.0,2.5,2.5,0.0,7.5,1.3,28.3,0.5,C4,Braço,Unilateral,,LEDSTAR,,0.58,,10.41,3.97,35.0,BRDE04 - Simul_Tramanda_corrigida_TB_AO_PS_TB.xlsx,0
2.0,7.0,0.0,2.5,2.5,0.0,7.5,1.3,28.3,0.5,C4,Braço,Unilateral,,SX LIGHTING,,0.73,,10.03,3.57,31.0,BRDE04 - Simul_Tramanda_corrigida_TB_AO_PS_TB.xlsx,0
2.0,7.0,0.0,2.5,2.5,0.0,7.5,1.3,28.3,0.5,C4,Braço,Unilateral,,TECNOWATT,,0.62,,13.33,4.0,40.0,BRDE04 - Simul_Tramanda_corrigida_TB_AO_PS_TB.xlsx,0
2.0,7.0,0.0,2.3,2.5,0.0,7.3,1.3,35.3,0.45,C4,Braço,Unilateral,,LEDSTAR,,0.56,,10.65,3.82,35.0,BRDE04 - Simul_Tramanda_corrigida_TB_AO_PS_TB.xlsx,0
2.0,7.0,0.0,2.3,2.5,0.0,7.3,1.3,35.3,0.45,C4,Braço,Unilateral,,SX LIGHTING,,0.72,,10.26,3.45,31.0,BRDE04 - Simul_Tramanda_corrigida_TB_AO_PS_TB.xlsx,0
2.0,7.0,0.0,2.3,2.5,0.0,7.3,1.3,35.3,0.45,C4,Braço,Unilateral,,TECNOWATT,,0.66,,10.15,3.41,30.0,BRDE04 - Simul_Tramanda_corrigida_TB_AO_PS_TB.xlsx,0
2.0,7.0,0.0,2.3,2.5,0.0,7.5,1.3,29.9,0.3,C4,Braço,Unilateral,,LEDSTAR,,0.51,,11.78,4.5,44.0,BRDE04 - Simul_Tramanda_corrigida_TB_AO_PS_TB.xlsx,0
2.0,7.0,0.0,2.3,2.5,0.0,7.5,1.3,29.9,0.3,C4,Braço,Unilateral,,SX LIGHTING,,0.65,,11.22,4.75,39.0,BRDE04 - Simul_Tramanda_corrigida_TB_AO_PS_TB.xlsx,0
2.0,7.0,0.0,2.3,2.5,0.0,7.5,1.3,29.9,0.3,C4,Braço,Unilateral,,TECNOWATT,,0.61,,12.74,3.87,40.0,BRDE04 - Simul_Tramanda_corrigida_TB_AO_PS_TB.xlsx,0
2.0,7.0,0.0,2.5,2.5,0.0,7.5,1.3,32.0,0.5,C4,Braço,Unilateral,,LEDSTAR,,0.47,,10.94,3.81,44.0,BRDE04 - Simul_Tramanda_corrigida_TB_AO_PS_TB.xlsx,0
2.0,7.0,0.0,2.5,2.5,0.0,7.5,1.3,32.0,0.5,C4,Braço,Unilateral,,SX LIGHTING,,0.63,,10.4,4.223,39.0,BRDE04 - Simul_Tramanda_corrigida_TB_AO_PS_TB.xlsx,0
2.0,7.0,0.0,2.5,2.5,0.0,7.5,1.3,32.0,0.5,C4,Braço,Unilateral,,TECNOWATT,,0.56,,,3.2,40.0,BRDE04 - Simul_Tramanda_corrigida_TB_AO_PS_TB.xlsx,0
2.0,7.0,0.0,2.5,2.5,0.0,7.5,1.3,34.5,0.4,C4,Braço,Unilateral,,LEDSTAR,,0.42,,10.18,3.34,44.0,BRDE04 - Simul_Tramanda_corrigida_TB_AO_PS_TB.xlsx,0
2.0,7.0,0.0,2.5,2.5,0.0,7.5,1.3,34.5,0.4,C4,Braço,Unilateral,,SX LIGHTING,,0.41,,10.74,2.38,39.0,BRDE04 - Simul_Tramanda_corrigida_TB_AO_PS_TB.xlsx,0
2.0,7.0,0.0,2.5,2.5,0.0,7.5,1.3,34.5,0.4,C4,Braço,Unilateral,Curto I,TECNOWATT,,0.48,,10.93,2.7,40.0,BRDE04 - Simul_Tramanda_corrigida_TB_AO_PS_TB.xlsx,0
2.0,7.0,0.0,2.5,2.5,0.0,7.5,1.3,34.5,0.3,C4,Braço,Unilateral,,LEDSTAR,,0.42,,10.21,3.38,44.0,BRDE04 - Simul_Tramanda_corrigida_TB_AO_PS_TB.xlsx,0
2.0,7.0,0.0,2.5,2.5,0.0,7.5,1.3,34.5,0.3,C4,Braço,Unilateral,,SX LIGHTING,,0.52,,14.19,6.65,50.0,BRDE04 - Simul_Tramanda_corrigida_TB_AO_PS_TB.xlsx,0
2.0,7.0,0.0,2.5,2.5,0.0,7.5,1.3,34.5,0.3,C4,Braço,Unilateral,,TECNOWATT,,0.49,,11.04,2.91,40.0,BRDE04 - Simul_Tramanda_corrigida_TB_AO_PS_TB.xlsx,0
2.0,7.0,0.0,2.5,0.0,0.0,7.5,1.3,32.5,0.4,C4,Braço,Unilateral,,LEDSTAR,,0.45,,10.81,3.87,44.0,BRDE04 - Simul_Tramanda_corrigida_TB_AO_PS_TB.xlsx,0
2.0,7.0,0.0,2.5,0.0,0.0,7.5,1.3,32.5,0.4,C4,Braço,Unilateral,,SX LIGHTING,,0.62,,10.28,4.41,39.0,BRDE04 - Simul_Tramanda_corrigida_TB_AO_PS_TB.xlsx,0
2.0,7.0,0.0,2.5,0.0,0.0,7.5,1.3,32.5,0.4,C4,Braço,Unilateral,,TECNOWATT,,0.55,,11.67,4.76,40.0,BRDE04 - Simul_Tramanda_corrigida_TB_AO_PS_TB.xlsx,0
2.0,6.8,0.0,2.5,2.5,0.0,7.5,2.5,34.3,0.3,C4,Braço,Unilateral,,LEDSTAR,,0.38,,10.43,4.01,44.0,BRDE04 - Simul_Tramanda_corrigida_TB_AO_PS_TB.xlsx,0
2.0,6.8,0.0,2.5,2.5,0.0,7.5,2.5,34.3,0.3,C4,Braço,Unilateral,Curto II,SX LIGHTING,,0.39,,11.06,2.96,39.0,BRDE04 - Simul_Tramanda_corrigida_TB_AO_PS_TB.xlsx,0
2.0,6.8,0.0,2.5,2.5,0.0,7.5,2.5,34.3,0.3,C4,Braço,Unilateral,,TECNOWATT,,0.45,,11.42,4.26,40.0,BRDE04 - Simul_Tramanda_corrigida_TB_AO_PS_TB.xlsx,0
2.0,7.0,0.0,2.5,0.0,0.0,7.5,2.5,50.0,0.5,C4,Braço,Unilateral,,LEDSTAR,,0.2,,10.96,1.34,65.0,BRDE04 - Simul_Tramanda_corrigida_TB_AO_PS_TB.xlsx,0
2.0,7.0,0.0,2.5,0.0,0.0,7.5,2.5,50.0,0.5,C4,Braço,Unilateral,,SX LIGHTING,,0.2,,14.18,1.84,70.0,BRDE04 - Simul_Tramanda_corrigida_TB_AO_PS_TB.xlsx,0
2.0,7.0,0.0,2.5,0.0,0.0,7.5,2.5,50.0,0.5,C4,Braço,Unilateral,,TECNOWATT,,0.69,,,4.98,30.0,BRDE04 - Simul_Tramanda_corrigida_TB_AO_PS_TB.xlsx,1
2.0,7.0,0.0,0.0,2.5,0.0,7.0,1.3,34.3,1.0,C4,Braço,Unilateral,,LEDSTAR,,0.31,,12.11,,35.0,BRDE04 - Simul_Tramanda_corrigida_TB_AO_PS_TB.xlsx,0
2.0,7.0,0.0,0.0,2.5,0.0,7.0,1.3,34.3,1.0,C4,Braço,Unilateral,,SX LIGHTING,,0.44,,13.5,,39.0,BRDE04 - Simul_Tramanda_corrigida_TB_AO_PS_TB.xlsx,1
2.0,7.0,0.0,0.0,2.5,0.0,7.0,1.3,34.3,1.0,C4,Braço,Unilateral,,TECNOWATT,,0.41,,11.34,,30.0,BRDE04 - Simul_Tramanda_corrigida_TB_AO_PS_TB.xlsx,0
2.0,7.2,0.0,2.8,2.6,0.0,7.5,1.3,34.8,0.45,C4,Braço,Unilateral,,LEDSTAR,,0.42,,10.01,3.14,44.0,BRDE04 - Simul_Tramanda_corrigida_TB_AO_PS_TB.xlsx,0
2.0,7.2,0.0,2.8,2.6,0.0,7.5,1.3,34.8,0.45,C4,Braço,Unilateral,,SX LIGHTING,,0.52,,13.92,6.05,50.0,BRDE04 - Simul_Tramanda_corrigida_TB_AO_PS_TB.xlsx,0
2.0,7.2,0.0,2.8,2.6,0.0,7.5,1.3,34.8,0.45,C4,Braço,Unilateral,,TECNOWATT,,0.46,,10.75,2.42,40.0,BRDE04 - Simul_Tramanda_corrigida_TB_AO_PS_TB.xlsx,0
2.0,7.0,0.0,2.5,2.6,0.0,7.0,1.3,35.0,0.45,C4,Braço,Unilateral,,LEDSTAR,,0.38,,10.57,2.88,44.0,BRDE04 - Simul_Tramanda_corrigida_TB_AO_PS_TB.xlsx,0
2.0,7.0,0.0,2.5,2.6,0.0,7.0,1.3,35.0,0.45,C4,Braço,Unilateral,,SX LIGHTING,,0.47,,10.06,3.14,39.0,BRDE04 - Simul_Tramanda_corrigida_TB_AO_PS_TB.xlsx,0
2.0,7.0,0.0,2.5,2.6,0.0,7.0,1.3,35.0,0.45,C4,Braço,Unilateral,,TECNOWATT,,0.36,,11.31,1.89,40.0,BRDE04 - Simul_Tramanda_corrigida_TB_AO_PS_TB.xlsx,0
2.0,7.5,0.0,2.9,0.0,6.0,7.0,1.3,32.0,3.0,C2,Braço,Canteiro central,,LEDSTAR,,0.3,,22.6,2.19,85.0,BRDE04 - Simul_Tramanda_corrigida_TB_AO_PS_TB.xlsx,0
2.0,7.5,0.0,2.9,0.0,6.0,7.0,1.3,32.0,3.0,C2,Braço,Canteiro central,,SX LIGHTING,,0.37,,20.21,1.35,70.0,BRDE04 - Simul_Tramanda_corrigida_TB_AO_PS_TB.xlsx,0
2.0,7.5,0.0,2.9,0.0,6.0,7.0,1.3,32.0,3.0,C2,Braço,Canteiro central,,TECNOWATT,,0.43,,21.04,1.33,80.0,BRDE04 - Simul_Tramanda_corrigida_TB_AO_PS_TB.xlsx,0
2.0,7.0,0.0,2.5,2.7,0.0,7.5,1.3,72.5,0.4,C4,Braço,Unilateral,,LEDSTAR,,0.38,,11.37,3.31,52.0,BRDE04 - Simul_Tramanda_corrigida_TB_AO_PS_TB.xlsx,0
2.0,7.0,0.0,2.5,2.7,0.0,7.5,1.3,72.5,0.4,C4,Braço,Unilateral,,SX LIGHTING,,0.46,,13.47,5.8,50.0,BRDE04 - Simul_Tramanda_corrigida_TB_AO_PS_TB.xlsx,0
2.0,7.0,0.0,2.5,2.7,0.0,7.5,1.3,72.5,0.4,C4,Braço,Unilateral,,TECNOWATT,,0.41,,10.46,2.29,40.0,BRDE04 - Simul_Tramanda_corrigida_TB_AO_PS_TB.xlsx,0
2.0,7.5,0.0,0.0,3.2,0.0,7.0,1.3,28.0,0.3,C5,Braço,Bilateral alternada,,LEDSTAR,,0.8,,10.27,,17.0,BRDE04 - Simul_Tramanda_corrigida_TB_AO_PS_TB.xlsx,0
2.0,7.5,0.0,0.0,3.2,0.0,7.0,1.3,28.0,0.3,C5,Braço,Bilateral alternada,,SX LIGHTING,,0.73,,14.22,,22.5,BRDE04 - Simul_Tramanda_corrigida_TB_AO_PS_TB.xlsx,0
2.0,7.5,0.0,0.0,3.2,0.0,7.0,1.3,28.0,0.3,C5,Braço,Bilateral alternada,,TECNOWATT,,0.71,,20.72,,30.0,BRDE04 - Simul_Tramanda_corrigida_TB_AO_PS_TB.xlsx,0
2.0,7.0,0.0,3.0,3.0,0.0,7.0,1.3,37.3,0.4,C4,Braço,Unilateral,,LEDSTAR,,0.32,,11.67,2.67,52.0,BRDE04 - Simul_Tramanda_corrigida_TB_AO_PS_TB.xlsx,0
2.0,7.0,0.0,3.0,3.0,0.0,7.0,1.3,37.3,0.4,C4,Braço,Unilateral,,SX LIGHTING,,0.33,,13.83,1.83,50.0,BRDE04 - Simul_Tramanda_corrigida_TB_AO_PS_TB.xlsx,0
2.0,7.0,0.0,3.0,3.0,0.0,7.0,1.3,37.3,0.4,C4,Braço,Unilateral,,TECNOWATT,,0.26,,10.64,1.84,40.0,BRDE04 - Simul_Tramanda_corrigida_TB_AO_PS_TB.xlsx,0
2.0,8.0,0.0,4.5,0.0,0.0,7.5,1.3,37.0,0.5,C4,Braço,Unilateral,,LEDSTAR,,0.36,,10.71,2.64,52.0,BRDE04 - Simul_Tramanda_corrigida_TB_AO_PS_TB.xlsx,0
2.0,8.0,0.0,4.5,0.0,0.0,7.5,1.3,37.0,0.5,C4,Braço,Unilateral,,SX LIGHTING,,0.46,,12.7,1.75,50.0,BRDE04 - Simul_Tramanda_corrigida_TB_AO_PS_TB.xlsx,0
2.0,8.0,0.0,4.5,0.0,0.0,7.5,1.3,37.0,0.5,C4,Braço,Unilateral,,TECNOWATT,,0.31,,11.33,2.85,50.0,BRDE04 - Simul_Tramanda_corrigida_TB_AO_PS_TB.xlsx,0
2.0,7.0,0.0,3.2,3.1,0.0,6.5,1.3,32.7,0.3,C4,Braço,Unilateral,,LEDSTAR,,0.36,,10.13,2.13,35.0,BRDE04 - Simul_Tramanda_corrigida_TB_AO_PS_TB.xlsx,0
2.0,7.0,0.0,3.2,3.1,0.0,6.5,1.3,32.7,0.3,C4,Braço,Unilateral,,SX LIGHTING,,0.45,,11.44,2.3,39.0,BRDE04 - Simul_Tramanda_corrigida_TB_AO_PS_TB.xlsx,0
2.0,7.0,0.0,3.2,3.1,0.0,6.5,1.3,32.7,0.3,C4,Braço,Unilateral,,TECNOWATT,,0.33,,12.78,2.52,40.0,BRDE04 - Simul_Tramanda_corrigida_TB_AO_PS_TB.xlsx,0
2.0,7.0,0.0,2.5,2.5,0.0,7.2,1.3,34.5,0.4,C4,Braço,Unilateral,,LEDSTAR,,0.4,,10.51,3.24,44.0,BRDE04 - Simul_Tramanda_corrigida_TB_AO_PS_TB.xlsx,0
2.0,7.0,0.0,2.5,2.5,0.0,7.2,1.3,34.5,0.4,C4,Braço,Unilateral,,SX LIGHTING,,0.52,,10.01,3.28,39.0,BRDE04 - Simul_Tramanda_corrigida_TB_AO_PS_TB.xlsx,0
2.0,7.0,0.0,2.5,2.5,0.0,7.2,1.3,34.5,0.4,C4,Braço,Unilateral,,TECNOWATT,,0.42,,11.3,3.51,40.0,BRDE04 - Simul_Tramanda_corrigida_TB_AO_PS_TB.xlsx,0
2.0,7.0,0.0,2.5,2.5,0.0,7.3,1.3,33.7,0.3,C4,Braço,Unilateral,,LEDSTAR,,0.42,,10.68,3.46,44.0,BRDE04 - Simul_Tramanda_corrigida_TB_AO_PS_TB.xlsx,0
2.0,7.0,0.0,2.5,2.5,0.0,7.3,1.3,33.7,0.3,C4,Braço,Unilateral,,SX LIGHTING,,0.55,,10.16,3.65,39.0,BRDE04 - Simul_Tramanda_corrigida_TB_AO_PS_TB.xlsx,0
2.0,7.0,0.0,2.5,2.5,0.0,7.3,1.3,33.7,0.3,C4,Braço,Unilateral,,TECNOWATT,,0.48,,11.52,3.93,40.0,BRDE04 - Simul_Tramanda_corrigida_TB_AO_PS_TB.xlsx,0
2.0,7.0,0.0,2.6,2.5,0.0,7.5,1.3,34.8,0.4,C4,Braço,Unilateral,,LEDSTAR,,0.42,,10.09,3.27,44.0,BRDE04 - Simul_Tramanda_corrigida_TB_AO_PS_TB.xlsx,0
2.0,7.0,0.0,2.6,2.5,0.0,7.5,1.3,34.8,0.4,C4,Braço,Unilateral,,SX LIGHTING,,0.51,,14.03,4.24,50.0,BRDE04 - Simul_Tramanda_corrigida_TB_AO_PS_TB.xlsx,0
2.0,7.0,0.0,2.6,2.5,0.0,7.5,1.3,34.8,0.4,C4,Braço,Unilateral,,TECNOWATT,,0.47,,10.9,3.73,40.0,BRDE04 - Simul_Tramanda_corrigida_TB_AO_PS_TB.xlsx,0
2.0,7.0,0.0,0.0,2.5,2.0,7.5,1.3,31.1,1.0,C2,Braço,Canteiro central,,LEDSTAR,,0.35,,24.29,,65.0,BRDE04 - Simul_Tramanda_corrigida_TB_AO_PS_TB.xlsx,0
2.0,7.0,0.0,0.0,2.5,2.0,7.5,1.3,31.1,1.0,C2,Braço,Canteiro central,,SX LIGHTING,,0.55,,20.61,,50.0,BRDE04 - Simul_Tramanda_corrigida_TB_AO_PS_TB.xlsx,0
2.0,7.0,0.0,0.0,2.5,2.0,7.5,1.3,31.1,1.0,C2,Braço,Canteiro central,,TECNOWATT,,0.49,,23.25,,60.0,BRDE04 - Simul_Tramanda_corrigida_TB_AO_PS_TB.xlsx,0
2.0,6.9,0.0,2.5,2.5,0.0,7.5,1.3,36.8,0.7,C4,Braço,Unilateral,,LEDSTAR,,0.38,,11.12,3.36,52.0,BRDE04 - Simul_Tramanda_corrigida_TB_AO_PS_TB.xlsx,0
2.0,6.9,0.0,2.5,2.5,0.0,7.5,1.3,36.8,0.7,C4,Braço,Unilateral,,SX LIGHTING,,0.46,,13.18,3.41,50.0,BRDE04 - Simul_Tramanda_corrigida_TB_AO_PS_TB.xlsx,0
2.0,6.9,0.0,2.5,2.5,0.0,7.5,1.3,36.8,0.7,C4,Braço,Unilateral,,TECNOWATT,,0.38,,10.19,3.02,40.0,BRDE04 - Simul_Tramanda_corrigida_TB_AO_PS_TB.xlsx,0
2.0,7.2,0.0,2.8,0.0,0.0,6.0,1.3,33.5,0.5,C4,Braço,Unilateral,,LEDSTAR,,0.27,,10.25,1.74,35.0,BRDE04 - Simul_Tramanda_corrigida_TB_AO_PS_TB.xlsx,0
2.0,7.2,0.0,2.8,0.0,0.0,6.0,1.3,33.5,0.5,C4,Braço,Unilateral,,SX LIGHTING,,0.36,,11.52,1.83,39.0,BRDE04 - Simul_Tramanda_corrigida_TB_AO_PS_TB.xlsx,0
2.0,7.2,0.0,2.8,0.0,0.0,6.0,1.3,33.5,0.5,C4,Braço,Unilateral,,TECNOWATT,,0.2,,12.64,1.88,40.0,BRDE04 - Simul_Tramanda_corrigida_TB_AO_PS_TB.xlsx,0
2.0,7.0,0.0,2.7,2.5,0.0,7.0,1.3,33.1,0.5,C4,Braço,Unilateral,,LEDSTAR,,0.41,,11.16,3.49,44.0,BRDE04 - Simul_Tramanda_corrigida_TB_AO_PS_TB.xlsx,0
2.0,7.0,0.0,2.7,2.5,0.0,7.0,1.3,33.1,0.5,C4,Braço,Unilateral,,SX LIGHTING,,0.55,,10.61,3.53,39.0,BRDE04 - Simul_Tramanda_corrigida_TB_AO_PS_TB.xlsx,0
2.0,7.0,0.0,2.7,2.5,0.0,7.0,1.3,33.1,0.5,C4,Braço,Unilateral,,TECNOWATT,,0.43,,11.92,3.81,40.0,BRDE04 - Simul_Tramanda_corrigida_TB_AO_PS_TB.xlsx,0
2.0,8.3,0.0,3.0,3.0,0.0,7.0,1.3,29.8,0.5,C4,Braço,Unilateral,,LEDSTAR,,0.44,,11.73,4.46,44.0,BRDE04 - Simul_Tramanda_corrigida_TB_AO_PS_TB.xlsx,0
2.0,8.3,0.0,3.0,3.0,0.0,7.0,1.3,29.8,0.5,C4,Braço,Unilateral,,SX LIGHTING,,0.57,,11.08,4.82,39.0,BRDE04 - Simul_Tramanda_corrigida_TB_AO_PS_TB.xlsx,0
2.0,8.3,0.0,3.0,3.0,0.0,7.0,1.3,29.8,0.5,C4,Braço,Unilateral,,TECNOWATT,,0.51,,12.23,4.22,40.0,BRDE04 - Simul_Tramanda_corrigida_TB_AO_PS_TB.xlsx,0
2.0,8.5,0.0,2.5,2.6,0.0,7.0,1.3,19.9,0.4,C4,Braço,Unilateral,,LEDSTAR,,0.57,,11.4,6.87,28.0,BRDE04 - Simul_Tramanda_corrigida_TB_AO_PS_TB.xlsx,0
2.0,8.5,0.0,2.5,2.6,0.0,7.0,1.3,19.9,0.4,C4,Braço,Unilateral,,SX LIGHTING,,0.54,,13.98,8.59,31.0,BRDE04 - Simul_Tramanda_corrigida_TB_AO_PS_TB.xlsx,0
2.0,8.5,0.0,2.5,2.6,0.0,7.0,1.3,19.9,0.4,C4,Braço,Unilateral,,TECNOWATT,,0.54,,13.67,8.58,30.0,BRDE04 - Simul_Tramanda_corrigida_TB_AO_PS_TB.xlsx,0
2.0,7.0,0.0,2.5,2.5,0.0,7.0,1.3,40.7,0.5,C4,Braço,Unilateral,,LEDSTAR,,0.27,,10.65,2.16,52.0,BRDE04 - Simul_Tramanda_corrigida_TB_AO_PS_TB.xlsx,0
2.0,7.0,0.0,2.5,2.5,0.0,7.0,1.3,40.7,0.5,C4,Braço,Unilateral,,SX LIGHTING,,0.25,,12.63,1.33,50.0,BRDE04 - Simul_Tramanda_corrigida_TB_AO_PS_TB.xlsx,0
2.0,7.0,0.0,2.5,2.5,0.0,7.0,1.3,40.7,0.5,C4,Braço,Unilateral,,TECNOWATT,,0.18,,11.46,1.23,50.0,BRDE04 - Simul_Tramanda_corrigida_TB_AO_PS_TB.xlsx,0
2.0,7.2,0.0,2.5,2.5,0.0,7.0,1.3,30.8,0.5,C4,Braço,Unilateral,,LEDSTAR,,0.46,,10.02,3.46,35.0,BRDE04 - Simul_Tramanda_corrigida_TB_AO_PS_TB.xlsx,0
2.0,7.2,0.0,2.5,2.5,0.0,7.0,1.3,30.8,0.5,C4,Braço,Unilateral,,SX LIGHTING,,0.62,,11.31,4.68,39.0,BRDE04 - Simul_Tramanda_corrigida_TB_AO_PS_TB.xlsx,0
2.0,7.2,0.0,2.5,2.5,0.0,7.0,1.3,30.8,0.5,C4,Braço,Unilateral,,TECNOWATT,,0.49,,12.65,5.06,40.0,BRDE04 - Simul_Tramanda_corrigida_TB_AO_PS_TB.xlsx,0
2.0,9.9,0.0,2.5,2.5,0.0,7.0,1.3,34.5,0.45,C4,Braço,Unilateral,,LEDSTAR,,0.32,,10.99,3.7,52.0,BRDE04 - Simul_Tramanda_corrigida_TB_AO_PS_TB.xlsx,0
2.0,9.9,0.0,2.5,2.5,0.0,7.0,1.3,34.5,0.45,C4,Braço,Unilateral,,SX LIGHTING,,0.46,,12.93,3.59,50.0,BRDE04 - Simul_Tramanda_corrigida_TB_AO_PS_TB.xlsx,0
2.0,9.9,0.0,2.5,2.5,0.0,7.0,1.3,34.5,0.45,C4,Braço,Unilateral,,TECNOWATT,,0.37,,13.83,3.88,60.0,BRDE04 - Simul_Tramanda_corrigida_TB_AO_PS_TB.xlsx,0
2.0,7.0,0.0,2.5,2.5,0.0,7.0,1.3,35.5,0.4,C4,Braço,Unilateral,,LEDSTAR,,0.37,,10.45,2.91,44.0,BRDE04 - Simul_Tramanda_corrigida_TB_AO_PS_TB.xlsx,0
2.0,7.0,0.0,2.5,2.5,0.0,7.0,1.3,35.5,0.4,C4,Braço,Unilateral,,SX LIGHTING,,0.41,,14.54,3.05,50.0,BRDE04 - Simul_Tramanda_corrigida_TB_AO_PS_TB.xlsx,0
2.0,7.0,0.0,2.5,2.5,0.0,7.0,1.3,35.5,0.4,C4,Braço,Unilateral,,TECNOWATT,,0.34,,11.18,2.8,40.0,BRDE04 - Simul_Tramanda_corrigida_TB_AO_PS_TB.xlsx,0
2.0,7.0,0.0,2.5,2.5,0.0,7.0,1.3,35.2,0.6,C4,Braço,Unilateral,,LEDSTAR,,0.37,,10.45,3.05,44.0,BRDE04 - Simul_Tramanda_corrigida_TB_AO_PS_TB.xlsx,0
2.0,7.0,0.0,2.5,2.5,0.0,7.0,1.3,35.2,0.6,C4,Braço,Unilateral,,SX LIGHTING,,0.44,,14.55,3.4,50.0,BRDE04 - Simul_Tramanda_corrigida_TB_AO_PS_TB.xlsx,0
2.0,7.0,0.0,2.5,2.5,0.0,7.0,1.3,35.2,0.6,C4,Braço,Unilateral,,TECNOWATT,,0.35,,11.14,3.04,40.0,BRDE04 - Simul_Tramanda_corrigida_TB_AO_PS_TB.xlsx,0
2.0,7.0,0.0,2.5,2.5,0.0,7.3,1.3,37.2,0.5,C4,Braço,Unilateral,,LEDSTAR,,0.35,,11.28,3.07,52.0,BRDE04 - Simul_Tramanda_corrigida_TB_AO_PS_TB.xlsx,0
2.0,7.0,0.0,2.5,2.5,0.0,7.3,1.3,37.2,0.5,C4,Braço,Unilateral,,SX LIGHTING,,0.4,,13.37,2.73,50.0,BRDE04 - Simul_Tramanda_corrigida_TB_AO_PS_TB.xlsx,0
2.0,7.0,0.0,2.5,2.5,0.0,7.3,1.3,37.2,0.5,C4,Braço,Unilateral,,TECNOWATT,,0.33,,10.32,2.49,40.0,BRDE04 - Simul_Tramanda_corrigida_TB_AO_PS_TB.xlsx,0
2.0,7.0,0.0,2.0,2.5,0.0,7.0,1.3,38.6,0.3,C4,Braço,Unilateral,,LEDSTAR,,0.3,,11.32,2.62,52.0,BRDE04 - Simul_Tramanda_corrigida_TB_AO_PS_TB.xlsx,0
2.0,7.0,0.0,2.0,2.5,0.0,7.0,1.3,38.6,0.3,C4,Braço,Unilateral,,SX LIGHTING,,0.29,,13.41,1.92,50.0,BRDE04 - Simul_Tramanda_corrigida_TB_AO_PS_TB.xlsx,0
2.0,7.0,0.0,2.0,2.5,0.0,7.0,1.3,38.6,0.3,C4,Braço,Unilateral,,TECNOWATT,,0.21,,10.34,1.66,40.0,BRDE04 - Simul_Tramanda_corrigida_TB_AO_PS_TB.xlsx,0
2.0,11.06,0.0,2.5,2.0,0.0,7.0,1.3,38.6,0.4,C1,Braço,Bilateral alternada,,LEDSTAR,,0.56,,32.14,9.34,85.0,BRDE04 - Simul_Tramanda_corrigida_TB_AO_PS_TB.xlsx,0
2.0,11.06,0.0,2.5,2.0,0.0,7.0,1.3,38.6,0.4,C1,Braço,Bilateral alternada,,SX LIGHTING,,0.53,,30.52,7.73,70.0,BRDE04 - Simul_Tramanda_corrigida_TB_AO_PS_TB.xlsx,0
2.0,11.06,0.0,2.5,2.0,0.0,7.0,1.3,38.6,0.4,C1,Braço,Bilateral alternada,,TECNOWATT,,0.51,,30.22,7.75,80.0,BRDE04 - Simul_Tramanda_corrigida_TB_AO_PS_TB.xlsx,0
2.0,7.0,0.0,2.0,2.5,0.0,7.0,1.3,25.6,0.6,C4,Braço,Unilateral,,LEDSTAR,,0.57,,12.1,6.09,35.0,BRDE04 - Simul_Tramanda_corrigida_TB_AO_PS_TB.xlsx,0
2.0,7.0,0.0,2.0,2.5,0.0,7.0,1.3,25.6,0.6,C4,Braço,Unilateral,,SX LIGHTING,,0.71,,11.63,6.8,31.0,BRDE04 - Simul_Tramanda_corrigida_TB_AO_PS_TB.xlsx,0
2.0,7.0,0.0,2.0,2.5,0.0,7.0,1.3,25.6,0.6,C4,Braço,Unilateral,,TECNOWATT,,0.65,,11.45,6.77,30.0,BRDE04 - Simul_Tramanda_corrigida_TB_AO_PS_TB.xlsx,0
2.0,7.0,0.0,2.5,2.5,0.0,7.0,1.3,34.3,0.5,C4,Braço,Unilateral,,LEDSTAR,,0.39,,10.77,3.24,44.0,BRDE04 - Simul_Tramanda_corrigida_TB_AO_PS_TB.xlsx,0
2.0,7.0,0.0,2.5,2.5,0.0,7.0,1.3,34.3,0.5,C4,Braço,Unilateral,,SX LIGHTING,,0.5,,10.24,3.17,39.0,BRDE04 - Simul_Tramanda_corrigida_TB_AO_PS_TB.xlsx,0
2.0,7.0,0.0,2.5,2.5,0.0,7.0,1.3,34.3,0.5,C4,Braço,Unilateral,,TECNOWATT,,0.38,,11.5,3.37,40.0,BRDE04 - Simul_Tramanda_corrigida_TB_AO_PS_TB.xlsx,0
2.0,7.0,0.0,0.0,3.0,1.5,7.0,1.3,34.3,0.4,C5,Braço,Canteiro central,,LEDSTAR,,0.28,,7.85,,28.0,BRDE04 - Simul_Tramanda_corrigida_TB_AO_PS_TB.xlsx,0
2.0,7.0,0.0,0.0,3.0,1.5,7.0,1.3,34.3,0.4,C5,Braço,Canteiro central,,SX LIGHTING,,0.29,,10.03,,22.5,BRDE04 - Simul_Tramanda_corrigida_TB_AO_PS_TB.xlsx,0
2.0,7.0,0.0,0.0,3.0,1.5,7.0,1.3,34.3,0.4,C5,Braço,Canteiro central,,TECNOWATT,,0.38,,15.06,,30.0,BRDE04 - Simul_Tramanda_corrigida_TB_AO_PS_TB.xlsx,0
2.0,7.0,0.0,2.5,2.5,0.0,7.5,1.3,28.2,0.4,C4,Braço,Unilateral,,LEDSTAR,,0.59,,10.47,4.7,35.0,BRDE04 - Simul_Tramanda_corrigida_TB_AO_PS_TB.xlsx,0
2.0,7.0,0.0,2.5,2.5,0.0,7.5,1.3,28.2,0.4,C4,Braço,Unilateral,,SX LIGHTING,,0.74,,10.1,4.87,31.0,BRDE04 - Simul_Tramanda_corrigida_TB_AO_PS_TB.xlsx,0
2.0,7.0,0.0,2.5,2.5,0.0,7.5,1.3,28.2,0.4,C4,Braço,Unilateral,,TECNOWATT,,0.68,,10.01,5.21,30.0,BRDE04 - Simul_Tramanda_corrigida_TB_AO_PS_TB.xlsx,0
2.0,7.0,0.0,0.0,3.0,2.0,5.3,1.3,27.9,1.0,C5,Braço,Canteiro central,,LEDSTAR,,0.3,,11.76,,28.0,BRDE04 - Simul_Tramanda_corrigida_TB_AO_PS_TB.xlsx,0
2.0,7.0,0.0,0.0,3.0,2.0,5.3,1.3,27.9,1.0,C5,Braço,Canteiro central,,SX LIGHTING,,0.39,,9.22,,22.5,BRDE04 - Simul_Tramanda_corrigida_TB_AO_PS_TB.xlsx,0
2.0,7.0,0.0,0.0,3.0,2.0,5.3,1.3,27.9,1.0,C5,Braço,Canteiro central,,TECNOWATT,,0.42,,14.19,,30.0,BRDE04 - Simul_Tramanda_corrigida_TB_AO_PS_TB.xlsx,0
2.0,7.0,0.0,0.0,2.5,0.0,6.3,1.3,36.1,0.5,C5,Braço,Unilateral,,LEDSTAR,,0.23,,10.01,,28.0,BRDE04 - Simul_Tramanda_corrigida_TB_AO_PS_TB.xlsx,0
2.0,7.0,0.0,0.0,2.5,0.0,6.3,1.3,36.1,0.5,C5,Braço,Unilateral,,SX LIGHTING,,0.22,,7.54,,22.5,BRDE04 - Simul_Tramanda_corrigida_TB_AO_PS_TB.xlsx,0
2.0,7.0,0.0,0.0,2.5,0.0,6.3,1.3,36.1,0.5,C5,Braço,Unilateral,,TECNOWATT,,0.24,,11.96,,30.0,BRDE04 - Simul_Tramanda_corrigida_TB_AO_PS_TB.xlsx,0
2.0,7.0,0.0,3.0,2.5,0.0,7.5,1.3,37.0,0.3,C4,Braço,Unilateral,,LEDSTAR,,0.36,,11.17,3.02,52.0,BRDE04 - Simul_Tramanda_corrigida_TB_AO_PS_TB.xlsx,0
2.0,7.0,0.0,3.0,2.5,0.0,7.5,1.3,37.0,0.3,C4,Braço,Unilateral,,SX LIGHTING,,0.42,,13.23,2.61,50.0,BRDE04 - Simul_Tramanda_corrigida_TB_AO_PS_TB.xlsx,0
2.0,7.0,0.0,3.0,2.5,0.0,7.5,1.3,37.0,0.3,C4,Braço,Unilateral,,TECNOWATT,,0.38,,10.3,2.52,40.0,BRDE04 - Simul_Tramanda_corrigida_TB_AO_PS_TB.xlsx,0
2.0,7.0,0.0,6.0,4.0,0.0,8.5,1.3,26.7,0.6,C4,Braço,Unilateral,,LEDSTAR,,0.63,,11.8,4.1,44.0,BRDE04 - Simul_Tramanda_corrigida_TB_AO_PS_TB.xlsx,0
2.0,7.0,0.0,6.0,4.0,0.0,8.5,1.3,26.7,0.6,C4,Braço,Unilateral,,SX LIGHTING,,0.78,,11.23,3.48,39.0,BRDE04 - Simul_Tramanda_corrigida_TB_AO_PS_TB.xlsx,0
2.0,7.0,0.0,6.0,4.0,0.0,8.5,1.3,26.7,0.6,C4,Braço,Unilateral,,TECNOWATT,,0.72,,12.9,4.09,40.0,BRDE04 - Simul_Tramanda_corrigida_TB_AO_PS_TB.xlsx,0
2.0,7.0,0.0,2.5,2.5,0.0,,1.3,38.5,0.4,C4,Braço,Unilateral,,LEDSTAR,,0.32,,11.06,2.67,52.0,BRDE04 - Simul_Tramanda_corrigida_TB_AO_PS_TB.xlsx,0
2.0,7.0,0.0,2.5,2.5,0.0,,1.3,38.5,0.4,C4,Braço,Unilateral,,SX LIGHTING,,0.33,,13.11,2.04,50.0,BRDE04 - Simul_Tramanda_corrigida_TB_AO_PS_TB.xlsx,0
2.0,7.0,0.0,2.5,2.5,0.0,,1.3,38.5,0.4,C4,Braço,Unilateral,,TECNOWATT,,0.25,,10.13,1.87,40.0,BRDE04 - Simul_Tramanda_corrigida_TB_AO_PS_TB.xlsx,0
2.0,7.0,0.0,2.5,2.5,0.0,7.5,1.3,29.1,0.5,C4,Braço,Unilateral,,LEDSTAR,,0.57,,10.12,4.42,35.0,BRDE04 - Simul_Tramanda_corrigida_TB_AO_PS_TB.xlsx,0
2.0,7.0,0.0,2.5,2.5,0.0,7.5,1.3,29.1,0.5,C4,Braço,Unilateral,,SX LIGHTING,,0.67,,11.44,5.69,39.0,BRDE04 - Simul_Tramanda_corrigida_TB_AO_PS_TB.xlsx,0
2.0,7.0,0.0,2.5,2.5,0.0,7.5,1.3,29.1,0.5,C4,Braço,Unilateral,,TECNOWATT,,0.6,,12.96,6.6,40.0,BRDE04 - Simul_Tramanda_corrigida_TB_AO_PS_TB.xlsx,0
2.0,7.0,0.0,2.5,2.5,0.0,7.5,1.3,35.6,0.5,C5,Braço,Unilateral,,LEDSTAR,,0.42,,8.27,2.53,35.0,BRDE04 - Simul_Tramanda_corrigida_TB_AO_PS_TB.xlsx,0
2.0,7.0,0.0,2.5,2.5,0.0,7.5,1.3,35.6,0.5,C5,Braço,Unilateral,,SX LIGHTING,,0.46,,7.98,1.89,31.0,BRDE04 - Simul_Tramanda_corrigida_TB_AO_PS_TB.xlsx,0
2.0,7.0,0.0,2.5,2.5,0.0,7.5,1.3,35.6,0.5,C5,Braço,Unilateral,,TECNOWATT,,0.53,,7.89,2.96,30.0,BRDE04 - Simul_Tramanda_corrigida_TB_AO_PS_TB.xlsx,0
2.0,6.2,0.0,0.0,4.0,8.0,7.5,2.8,29.6,4.0,C2,Braço,Canteiro central,,LEDSTAR,,0.36,,22.11,,72.0,BRDE04 - Simul_Tramanda_corrigida_TB_AO_PS_TB.xlsx,0
2.0,6.2,0.0,0.0,4.0,8.0,7.5,2.8,29.6,4.0,C2,Braço,Canteiro central,,SX LIGHTING,,0.46,,23.54,,70.0,BRDE04 - Simul_Tramanda_corrigida_TB_AO_PS_TB.xlsx,0
2.0,6.2,0.0,0.0,4.0,8.0,7.5,2.8,29.6,4.0,C2,Braço,Canteiro central,,TECNOWATT,,0.56,,20.68,,68.0,BRDE04 - Simul_Tramanda_corrigida_TB_AO_PS_TB.xlsx,0
2.0,7.0,0.0,2.5,2.5,0.0,7.5,1.3,35.8,0.6,C4,Braço,Unilateral,,LEDSTAR,,0.4,,11.43,3.68,52.0,BRDE04 - Simul_Tramanda_corrigida_TB_AO_PS_TB.xlsx,0
2.0,7.0,0.0,2.5,2.5,0.0,7.5,1.3,35.8,0.6,C4,Braço,Unilateral,,SX LIGHTING,,0.49,,13.55,4.03,50.0,BRDE04 - Simul_Tramanda_corrigida_TB_AO_PS_TB.xlsx,0
2.0,7.0,0.0,2.5,2.5,0.0,7.5,1.3,35.8,0.6,C4,Braço,Unilateral,,TECNOWATT,,0.43,,10.48,3.51,40.0,BRDE04 - Simul_Tramanda_corrigida_TB_AO_PS_TB.xlsx,0
2.0,7.0,0.0,2.5,2.5,0.0,7.5,1.3,40.8,0.4,C4,Braço,Unilateral,,LEDSTAR,,0.31,,10.1,2.41,52.0,BRDE04 - Simul_Tramanda_corrigida_TB_AO_PS_TB.xlsx,0
2.0,7.0,0.0,2.5,2.5,0.0,7.5,1.3,40.8,0.4,C4,Braço,Unilateral,,SX LIGHTING,,0.32,,11.97,1.86,50.0,BRDE04 - Simul_Tramanda_corrigida_TB_AO_PS_TB.xlsx,0
2.0,7.0,0.0,2.5,2.5,0.0,7.5,1.3,40.8,0.4,C4,Braço,Unilateral,,TECNOWATT,,0.24,,11.01,2.34,50.0,BRDE04 - Simul_Tramanda_corrigida_TB_AO_PS_TB.xlsx,0
2.0,7.0,0.0,2.5,2.0,0.0,7.5,1.3,35.8,0.5,C4,Braço,Unilateral,,LEDSTAR,,0.4,,11.47,3.64,52.0,BRDE04 - Simul_Tramanda_corrigida_TB_AO_PS_TB.xlsx,0
2.0,7.0,0.0,2.5,2.0,0.0,7.5,1.3,35.8,0.5,C4,Braço,Unilateral,,SX LIGHTING,,0.49,,13.6,3.92,50.0,BRDE04 - Simul_Tramanda_corrigida_TB_AO_PS_TB.xlsx,0
2.0,7.0,0.0,2.5,2.0,0.0,7.5,1.3,35.8,0.5,C4,Braço,Unilateral,,TECNOWATT,,0.43,,10.54,3.45,40.0,BRDE04 - Simul_Tramanda_corrigida_TB_AO_PS_TB.xlsx,0
2.0,7.0,0.0,2.5,2.5,0.0,7.5,1.3,33.8,0.5,C4,Braço,Unilateral,,LEDSTAR,,0.44,,10.35,3.6,44.0,BRDE04 - Simul_Tramanda_corrigida_TB_AO_PS_TB.xlsx,0
2.0,7.0,0.0,2.5,2.5,0.0,7.5,1.3,33.8,0.5,C4,Braço,Unilateral,,SX LIGHTING,,0.56,,14.4,5.0,50.0,BRDE04 - Simul_Tramanda_corrigida_TB_AO_PS_TB.xlsx,0
2.0,7.0,0.0,2.5,2.5,0.0,7.5,1.3,33.8,0.5,C4,Braço,Unilateral,,TECNOWATT,,0.5,,11.16,4.31,40.0,BRDE04 - Simul_Tramanda_corrigida_TB_AO_PS_TB.xlsx,0
2.0,5.0,0.0,1.5,1.5,0.0,8.5,1.3,34.9,0.5,C4,Braço,Unilateral,,LEDSTAR,,0.47,,11.04,4.66,52.0,BRDE04 - Simul_Tramanda_corrigida_TB_AO_PS_TB.xlsx,0
2.0,5.0,0.0,1.5,1.5,0.0,8.5,1.3,34.9,0.5,C4,Braço,Unilateral,,SX LIGHTING,,0.59,,13.01,6.63,50.0,BRDE04 - Simul_Tramanda_corrigida_TB_AO_PS_TB.xlsx,0
2.0,5.0,0.0,1.5,1.5,0.0,8.5,1.3,34.9,0.5,C4,Braço,Unilateral,,TECNOWATT,,0.61,,10.53,5.34,40.0,BRDE04 - Simul_Tramanda_corrigida_TB_AO_PS_TB.xlsx,0
2.0,7.0,0.0,2.0,2.0,0.0,7.5,1.3,34.7,0.3,C5,Braço,Unilateral,,LEDSTAR,,0.43,,8.53,2.88,35.0,BRDE04 - Simul_Tramanda_corrigida_TB_AO_PS_TB.xlsx,0
2.0,7.0,0.0,2.0,2.0,0.0,7.5,1.3,34.7,0.3,C5,Braço,Unilateral,,SX LIGHTING,,0.48,,8.23,3.07,31.0,BRDE04 - Simul_Tramanda_corrigida_TB_AO_PS_TB.xlsx,0
2.0,7.0,0.0,2.0,2.0,0.0,7.5,1.3,34.7,0.3,C5,Braço,Unilateral,,TECNOWATT,,0.54,,8.17,3.35,30.0,BRDE04 - Simul_Tramanda_corrigida_TB_AO_PS_TB.xlsx,0
2.0,7.0,0.0,2.5,0.0,0.0,7.5,1.3,27.9,0.4,C5,Braço,Unilateral,,LEDSTAR,,0.54,,8.21,3.64,28.0,BRDE04 - Simul_Tramanda_corrigida_TB_AO_PS_TB.xlsx,0
2.0,7.0,0.0,2.5,0.0,0.0,7.5,1.3,27.9,0.4,C5,Braço,Unilateral,,SX LIGHTING,,0.74,,10.21,5.05,31.0,BRDE04 - Simul_Tramanda_corrigida_TB_AO_PS_TB.xlsx,0
2.0,7.0,0.0,2.5,0.0,0.0,7.5,1.3,27.9,0.4,C5,Braço,Unilateral,,TECNOWATT,,0.68,,10.12,5.3,30.0,BRDE04 - Simul_Tramanda_corrigida_TB_AO_PS_TB.xlsx,0
2.0,7.0,0.0,2.5,0.0,0.0,7.0,1.3,31.9,0.3,C4,Braço,Unilateral,,LEDSTAR,,0.42,,11.67,3.77,44.0,BRDE04 - Simul_Tramanda_corrigida_TB_AO_PS_TB.xlsx,0
2.0,7.0,0.0,2.5,0.0,0.0,7.0,1.3,31.9,0.3,C4,Braço,Unilateral,,SX LIGHTING,,0.57,,11.1,3.93,39.0,BRDE04 - Simul_Tramanda_corrigida_TB_AO_PS_TB.xlsx,0
2.0,7.0,0.0,2.5,0.0,0.0,7.0,1.3,31.9,0.3,C4,Braço,Unilateral,,TECNOWATT,,0.48,,12.52,4.25,40.0,BRDE04 - Simul_Tramanda_corrigida_TB_AO_PS_TB.xlsx,0
2.0,7.0,0.0,2.5,2.6,0.0,5.8,1.3,27.4,0.4,C4,Braço,Unilateral,,LEDSTAR,,0.38,,10.11,2.14,28.0,BRDE04 - Simul_Tramanda_corrigida_TB_AO_PS_TB.xlsx,0
2.0,7.0,0.0,2.5,2.6,0.0,5.8,1.3,27.4,0.4,C4,Braço,Unilateral,Médio I,SX LIGHTING,,0.45,,12.43,1.21,31.0,BRDE04 - Simul_Tramanda_corrigida_TB_AO_PS_TB.xlsx,0
2.0,7.0,0.0,2.5,2.6,0.0,5.8,1.3,27.4,0.4,C4,Braço,Unilateral,Médio II,TECNOWATT,,0.5,,12.17,1.83,30.0,BRDE04 - Simul_Tramanda_corrigida_TB_AO_PS_TB.xlsx,0
2.0,7.0,0.0,2.5,2.5,0.0,7.0,1.3,34.6,0.3,C5,Braço,Unilateral,,LEDSTAR,,0.38,,9.05,2.29,35.0,BRDE04 - Simul_Tramanda_corrigida_TB_AO_PS_TB.xlsx,0
2.0,7.0,0.0,2.5,2.5,0.0,7.0,1.3,34.6,0.3,C5,Braço,Unilateral,,SX LIGHTING,,0.39,,8.73,2.06,31.0,BRDE04 - Simul_Tramanda_corrigida_TB_AO_PS_TB.xlsx,0
2.0,7.0,0.0,2.5,2.5,0.0,7.0,1.3,34.6,0.3,C5,Braço,Unilateral,,TECNOWATT,,0.48,,8.6,2.62,30.0,BRDE04 - Simul_Tramanda_corrigida_TB_AO_PS_TB.xlsx,0
2.0,7.0,0.0,4.0,4.0,0.0,8.0,3.0,20.0,14.5,C4,Braço,Unilateral,,LEDSTAR,,0.59,,11.25,4.2,44.0,BRDE04 - Simul_Tramanda_corrigida_TB_AO_PS_TB.xlsx,0
2.0,7.0,0.0,4.0,4.0,0.0,8.0,3.0,20.0,14.5,C4,Braço,Unilateral,,SX LIGHTING,,0.71,,10.85,3.62,39.0,BRDE04 - Simul_Tramanda_corrigida_TB_AO_PS_TB.xlsx,0
2.0,7.0,0.0,4.0,4.0,0.0,8.0,3.0,20.0,14.5,C4,Braço,Unilateral,,TECNOWATT,,0.72,,12.86,4.27,40.0,BRDE04 - Simul_Tramanda_corrigida_TB_AO_PS_TB.xlsx,0
2.0,7.0,0.0,2.5,2.5,0.0,6.2,0.4,20.9,0.5,C4,Braço,Unilateral,,LEDSTAR,,0.49,,11.8,2.98,28.0,BRDE04 - Simul_Tramanda_corrigida_TB_AO_PS_TB.xlsx,0
2.0,7.0,0.0,2.5,2.5,0.0,6.2,0.4,20.9,0.5,C4,Braço,Unilateral,,SX LIGHTING,,0.47,,14.36,1.54,31.0,BRDE04 - Simul_Tramanda_corrigida_TB_AO_PS_TB.xlsx,0
2.0,7.0,0.0,2.5,2.5,0.0,6.2,0.4,20.9,0.5,C4,Braço,Unilateral,,TECNOWATT,,0.46,,13.95,2.0,30.0,BRDE04 - Simul_Tramanda_corrigida_TB_AO_PS_TB.xlsx,0
2.0,7.0,0.0,2.5,2.0,0.0,6.5,1.3,36.3,0.4,C4,Braço,Unilateral,,LEDSTAR,,0.28,,11.18,2.24,44.0,BRDE04 - Simul_Tramanda_corrigida_TB_AO_PS_TB.xlsx,0
2.0,7.0,0.0,2.5,2.0,0.0,6.5,1.3,36.3,0.4,C4,Braço,Unilateral,,SX LIGHTING,,0.27,,10.6,1.75,39.0,BRDE04 - Simul_Tramanda_corrigida_TB_AO_PS_TB.xlsx,0
2.0,7.0,0.0,2.5,2.0,0.0,6.5,1.3,36.3,0.4,C4,Braço,Unilateral,Curto II,TECNOWATT,,0.19,,11.52,1.22,40.0,BRDE04 - Simul_Tramanda_corrigida_TB_AO_PS_TB.xlsx,0
2.0,7.0,0.0,2.5,2.5,0.0,7.3,1.3,29.8,0.5,C4,Braço,Unilateral,,LEDSTAR,,0.53,,10.1,3.76,35.0,BRDE04 - Simul_Tramanda_corrigida_TB_AO_PS_TB.xlsx,0
2.0,7.0,0.0,2.5,2.5,0.0,7.3,1.3,29.8,0.5,C4,Braço,Unilateral,,SX LIGHTING,,0.64,,11.42,4.97,39.0,BRDE04 - Simul_Tramanda_corrigida_TB_AO_PS_TB.xlsx,0
2.0,7.0,0.0,2.5,2.5,0.0,7.3,1.3,29.8,0.5,C4,Braço,Unilateral,,TECNOWATT,,0.57,,12.89,3.9,40.0,BRDE04 - Simul_Tramanda_corrigida_TB_AO_PS_TB.xlsx,0
2.0,7.0,0.0,2.5,0.0,0.0,6.7,0.65,31.6,0.4,C4,Braço,Unilateral,,LEDSTAR,,0.39,,11.72,4.03,44.0,BRDE04 - Simul_Tramanda_corrigida_TB_AO_PS_TB.xlsx,0
2.0,7.0,0.0,2.5,0.0,0.0,6.7,0.65,31.6,0.4,C4,Braço,Unilateral,,SX LIGHTING,,0.56,,11.09,4.29,39.0,BRDE04 - Simul_Tramanda_corrigida_TB_AO_PS_TB.xlsx,0
2.0,7.0,0.0,2.5,0.0,0.0,6.7,0.65,31.6,0.4,C4,Braço,Unilateral,,TECNOWATT,,0.39,,12.23,4.59,40.0,BRDE04 - Simul_Tramanda_corrigida_TB_AO_PS_TB.xlsx,0
2.0,7.0,0.0,2.5,2.5,0.0,7.1,1.3,52.5,0.6,C4,Braço,Unilateral,,LEDSTAR,,0.18,,10.53,1.27,65.0,BRDE04 - Simul_Tramanda_corrigida_TB_AO_PS_TB.xlsx,0
2.0,7.0,0.0,2.5,2.5,0.0,7.1,1.3,52.5,0.6,C4,Braço,Unilateral,,SX LIGHTING,,0.19,,12.9,2.07,70.0,BRDE04 - Simul_Tramanda_corrigida_TB_AO_PS_TB.xlsx,0
2.0,7.0,0.0,2.5,2.5,0.0,7.1,1.3,52.5,0.6,C4,Braço,Unilateral,,TECNOWATT,,0.72,,10.56,4.54,30.0,BRDE04 - Simul_Tramanda_corrigida_TB_AO_PS_TB.xlsx,1
2.0,7.0,0.0,2.5,2.5,0.0,6.3,1.3,42.9,0.3,C3,Braço,Unilateral,,LEDSTAR,,0.21,,15.4,2.06,72.0,BRDE04 - Simul_Tramanda_corrigida_TB_AO_PS_TB.xlsx,0
2.0,7.0,0.0,2.5,2.5,0.0,6.3,1.3,42.9,0.3,C3,Braço,Unilateral,,SX LIGHTING,,0.2,,18.18,2.63,70.0,BRDE04 - Simul_Tramanda_corrigida_TB_AO_PS_TB.xlsx,0
2.0,7.0,0.0,2.5,2.5,0.0,6.3,1.3,42.9,0.3,C3,Braço,Unilateral,Longo II,TECNOWATT,,0.23,,16.83,4.11,90.0,BRDE04 - Simul_Tramanda_corrigida_TB_AO_PS_TB.xlsx,0
2.0,7.0,0.0,2.5,0.0,0.0,6.9,1.3,20.9,1.5,C4,Braço,Unilateral,,LEDSTAR,,0.56,,10.98,7.22,28.0,BRDE04 - Simul_Tramanda_corrigida_TB_AO_PS_TB.xlsx,0
2.0,7.0,0.0,2.5,0.0,0.0,6.9,1.3,20.9,1.5,C4,Braço,Unilateral,,SX LIGHTING,,0.57,,13.51,10.4,31.0,BRDE04 - Simul_Tramanda_corrigida_TB_AO_PS_TB.xlsx,0
2.0,7.0,0.0,2.5,0.0,0.0,6.9,1.3,20.9,1.5,C4,Braço,Unilateral,,TECNOWATT,,0.55,,13.14,10.0,30.0,BRDE04 - Simul_Tramanda_corrigida_TB_AO_PS_TB.xlsx,0
2.0,7.0,0.0,2.0,2.0,0.0,7.0,1.3,35.3,0.5,C4,Braço,Unilateral,,LEDSTAR,,0.37,,10.46,3.02,44.0,BRDE04 - Simul_Tramanda_corrigida_TB_AO_PS_TB.xlsx,0
2.0,7.0,0.0,2.0,2.0,0.0,7.0,1.3,35.3,0.5,C4,Braço,Unilateral,Curto I,SX LIGHTING,,0.38,,10.54,2.63,39.0,BRDE04 - Simul_Tramanda_corrigida_TB_AO_PS_TB.xlsx,0
2.0,7.0,0.0,2.0,2.0,0.0,7.0,1.3,35.3,0.5,C4,Braço,Unilateral,,TECNOWATT,,0.35,,11.18,2.13,40.0,BRDE04 - Simul_Tramanda_corrigida_TB_AO_PS_TB.xlsx,0
2.0,7.0,0.0,3.0,2.5,0.0,6.7,1.3,30.1,0.35,C4,Braço,Unilateral,,LEDSTAR,,0.45,,10.74,2.91,35.0,BRDE04 - Simul_Tramanda_corrigida_TB_AO_PS_TB.xlsx,0
2.0,7.0,0.0,3.0,2.5,0.0,6.7,1.3,30.1,0.35,C4,Braço,Unilateral,,SX LIGHTING,,0.53,,10.34,2.73,31.0,BRDE04 - Simul_Tramanda_corrigida_TB_AO_PS_TB.xlsx,0
2.0,7.0,0.0,3.0,2.5,0.0,6.7,1.3,30.1,0.35,C4,Braço,Unilateral,,TECNOWATT,,0.58,,10.17,2.95,30.0,BRDE04 - Simul_Tramanda_corrigida_TB_AO_PS_TB.xlsx,0
2.0,7.0,0.0,4.0,4.0,0.0,7.8,2.8,13.1,1.5,C5,Braço,Unilateral,,LEDSTAR,,0.84,,10.3,5.08,17.0,BRDE04 - Simul_Tramanda_corrigida_TB_AO_PS_TB.xlsx,0
2.0,7.0,0.0,4.0,4.0,0.0,7.8,2.8,13.1,1.5,C5,Braço,Unilateral,,SX LIGHTING,,0.86,,14.31,5.27,22.5,BRDE04 - Simul_Tramanda_corrigida_TB_AO_PS_TB.xlsx,0
2.0,7.0,0.0,4.0,4.0,0.0,7.8,2.8,13.1,1.5,C5,Braço,Unilateral,,TECNOWATT,,0.79,,21.21,7.09,30.0,BRDE04 - Simul_Tramanda_corrigida_TB_AO_PS_TB.xlsx,0
2.0,7.0,0.0,2.5,2.5,0.0,7.5,1.3,37.4,0.5,C4,Braço,Unilateral,,LEDSTAR,,0.36,,10.98,3.09,52.0,BRDE04 - Simul_Tramanda_corrigida_TB_AO_PS_TB.xlsx,0
2.0,7.0,0.0,2.5,2.5,0.0,7.5,1.3,37.4,0.5,C4,Braço,Unilateral,,SX LIGHTING,,0.43,,13.02,5.39,50.0,BRDE04 - Simul_Tramanda_corrigida_TB_AO_PS_TB.xlsx,0
2.0,7.0,0.0,2.5,2.5,0.0,7.5,1.3,37.4,0.5,C4,Braço,Unilateral,,TECNOWATT,,0.36,,10.09,2.04,40.0,BRDE04 - Simul_Tramanda_corrigida_TB_AO_PS_TB.xlsx,0
2.0,7.5,0.0,0.0,3.0,8.0,7.5,2.5,24.5,4.0,C4,Braço,Canteiro central,,LEDSTAR,,0.47,,11.51,,35.0,BRDE04 - Simul_Tramanda_corrigida_TB_AO_PS_TB.xlsx,0
2.0,7.5,0.0,0.0,3.0,8.0,7.5,2.5,24.5,4.0,C4,Braço,Canteiro central,,SX LIGHTING,,0.58,,10.06,,31.0,BRDE04 - Simul_Tramanda_corrigida_TB_AO_PS_TB.xlsx,0
2.0,7.5,0.0,0.0,3.0,8.0,7.5,2.5,24.5,4.0,C4,Braço,Canteiro central,,TECNOWATT,,0.57,,10.18,,30.0,BRDE04 - Simul_Tramanda_corrigida_TB_AO_PS_TB.xlsx,0
2.0,7.0,0.0,2.5,2.5,0.0,7.5,1.3,35.5,0.4,C4,Braço,Unilateral,,LEDSTAR,,0.44,,11.01,3.9,52.0,BRDE04 - Simul_Tramanda_corrigida_TB_AO_PS_TB.xlsx,0
2.0,7.0,0.0,2.5,2.5,0.0,7.5,1.3,35.5,0.4,C4,Braço,Unilateral,,SX LIGHTING,,0.49,,13.75,6.25,50.0,BRDE04 - Simul_Tramanda_corrigida_TB_AO_PS_TB.xlsx,0
2.0,7.0,0.0,2.5,2.5,0.0,7.5,1.3,35.5,0.4,C4,Braço,Unilateral,,TECNOWATT,,0.44,,10.68,2.56,40.0,BRDE04 - Simul_Tramanda_corrigida_TB_AO_PS_TB.xlsx,0
2.0,7.0,0.0,3.0,4.0,0.0,6.8,1.3,39.15,0.5,C4,Braço,Unilateral,,LEDSTAR,,0.28,,11.32,1.883,52.0,BRDE04 - Simul_Tramanda_corrigida_TB_AO_PS_TB.xlsx,0
2.0,7.0,0.0,3.0,4.0,0.0,6.8,1.3,39.15,0.5,C4,Braço,Unilateral,,SX LIGHTING,,0.26,,13.43,2.39,50.0,BRDE04 - Simul_Tramanda_corrigida_TB_AO_PS_TB.xlsx,0
2.0,7.0,0.0,3.0,4.0,0.0,6.8,1.3,39.15,0.5,C4,Braço,Unilateral,,TECNOWATT,,0.18,,10.24,0.99,40.0,BRDE04 - Simul_Tramanda_corrigida_TB_AO_PS_TB.xlsx,0
2.0,7.0,0.0,2.0,3.0,0.0,6.8,1.3,33.6,0.8,C4,Braço,Unilateral,,LEDSTAR,,0.38,,11.07,2.68,44.0,BRDE04 - Simul_Tramanda_corrigida_TB_AO_PS_TB.xlsx,0
2.0,7.0,0.0,2.0,3.0,0.0,6.8,1.3,33.6,0.8,C4,Braço,Unilateral,,SX LIGHTING,,0.52,,10.51,1.98,39.0,BRDE04 - Simul_Tramanda_corrigida_TB_AO_PS_TB.xlsx,0
2.0,7.0,0.0,2.0,3.0,0.0,6.8,1.3,33.6,0.8,C4,Braço,Unilateral,,TECNOWATT,,0.35,,11.68,1.31,40.0,BRDE04 - Simul_Tramanda_corrigida_TB_AO_PS_TB.xlsx,0
2.0,7.0,0.0,2.5,2.5,0.0,7.5,1.3,42.3,0.2,C4,Braço,Unilateral,,LEDSTAR,,0.26,,12.43,1.96,65.0,BRDE04 - Simul_Tramanda_corrigida_TB_AO_PS_TB.xlsx,0
2.0,7.0,0.0,2.5,2.5,0.0,7.5,1.3,42.3,0.2,C4,Braço,Unilateral,,SX LIGHTING,,0.27,,11.14,3.1,50.0,BRDE04 - Simul_Tramanda_corrigida_TB_AO_PS_TB.xlsx,0
2.0,7.0,0.0,2.5,2.5,0.0,7.5,1.3,42.3,0.2,C4,Braço,Unilateral,,TECNOWATT,,0.18,,10.14,1.64,50.0,BRDE04 - Simul_Tramanda_corrigida_TB_AO_PS_TB.xlsx,0
2.0,7.0,0.0,0.0,4.0,0.0,7.5,1.3,36.8,0.5,C4,Braço,Unilateral,,LEDSTAR,,0.37,,10.97,,52.0,BRDE04 - Simul_Tramanda_corrigida_TB_AO_PS_TB.xlsx,0
2.0,7.0,0.0,0.0,4.0,0.0,7.5,1.3,36.8,0.5,C4,Braço,Unilateral,,SX LIGHTING,,0.46,,13.01,,50.0,BRDE04 - Simul_Tramanda_corrigida_TB_AO_PS_TB.xlsx,0
2.0,7.0,0.0,0.0,4.0,0.0,7.5,1.3,36.8,0.5,C4,Braço,Unilateral,,TECNOWATT,,0.41,,11.61,,50.0,BRDE04 - Simul_Tramanda_corrigida_TB_AO_PS_TB.xlsx,0
2.0,7.0,0.0,0.0,0.0,20.0,8.7,1.3,44.09,1.5,C1,Braço,Unilateral,,LEDSTAR,,0.39,,32.78,,200.0,BRDE04 - Simul_Tramanda_corrigida_TB_AO_PS_TB.xlsx,0
2.0,7.0,0.0,0.0,0.0,20.0,8.7,1.3,44.09,1.5,C1,Braço,Unilateral,Médio I,SX LIGHTING,,0.37,,31.01,,90.0,BRDE04 - Simul_Tramanda_corrigida_TB_AO_PS_TB.xlsx,1
2.0,7.0,0.0,0.0,0.0,20.0,8.7,1.3,44.09,1.5,C1,Braço,Unilateral,,TECNOWATT,,0.69,,31.63,,100.0,BRDE04 - Simul_Tramanda_corrigida_TB_AO_PS_TB.xlsx,1
2.0,7.0,0.0,2.5,2.5,0.0,7.9,2.8,32.9,0.3,C5,Braço,Unilateral,,LEDSTAR,,0.43,,12.09,4.26,52.0,BRDE04 - Simul_Tramanda_corrigida_TB_AO_PS_TB.xlsx,0
2.0,7.0,0.0,2.5,2.5,0.0,7.9,2.8,32.9,0.3,C5,Braço,Unilateral,,SX LIGHTING,,0.52,,14.21,6.79,50.0,BRDE04 - Simul_Tramanda_corrigida_TB_AO_PS_TB.xlsx,0
2.0,7.0,0.0,2.5,2.5,0.0,7.9,2.8,32.9,0.3,C5,Braço,Unilateral,,TECNOWATT,,0.51,,15.55,6.27,60.0,BRDE04 - Simul_Tramanda_corrigida_TB_AO_PS_TB.xlsx,0
2.0,7.0,0.0,1.5,0.0,0.0,7.5,1.3,35.6,1.0,C4,Braço,Unilateral,,LEDSTAR,,0.4,,11.31,4.19,52.0,BRDE04 - Simul_Tramanda_corrigida_TB_AO_PS_TB.xlsx,0
2.0,7.0,0.0,1.5,0.0,0.0,7.5,1.3,35.6,1.0,C4,Braço,Unilateral,,SX LIGHTING,,0.47,,14.56,5.27,60.0,BRDE04 - Simul_Tramanda_corrigida_TB_AO_PS_TB.xlsx,0
2.0,7.0,0.0,1.5,0.0,0.0,7.5,1.3,35.6,1.0,C4,Braço,Unilateral,,TECNOWATT,,0.38,,12.07,5.62,50.0,BRDE04 - Simul_Tramanda_corrigida_TB_AO_PS_TB.xlsx,0
2.0,7.0,0.0,2.5,2.5,0.0,6.5,1.3,33.5,0.3,C5,Braço,Unilateral,,LEDSTAR,,0.35,,7.67,1.8,28.0,BRDE04 - Simul_Tramanda_corrigida_TB_AO_PS_TB.xlsx,0
2.0,7.0,0.0,2.5,2.5,0.0,6.5,1.3,33.5,0.3,C5,Braço,Unilateral,,SX LIGHTING,,0.34,,9.52,1.53,31.0,BRDE04 - Simul_Tramanda_corrigida_TB_AO_PS_TB.xlsx,0
2.0,7.0,0.0,2.5,2.5,0.0,6.5,1.3,33.5,0.3,C5,Braço,Unilateral,,TECNOWATT,,0.43,,9.34,2.28,30.0,BRDE04 - Simul_Tramanda_corrigida_TB_AO_PS_TB.xlsx,0
2.0,7.0,0.0,2.5,2.5,0.0,7.5,1.3,33.1,0.5,C4,Braço,Unilateral,,LEDSTAR,,0.45,,10.57,3.59,44.0,BRDE04 - Simul_Tramanda_corrigida_TB_AO_PS_TB.xlsx,0
2.0,7.0,0.0,2.5,2.5,0.0,7.5,1.3,33.1,0.5,C4,Braço,Unilateral,,SX LIGHTING,,0.59,,10.05,4.12,39.0,BRDE04 - Simul_Tramanda_corrigida_TB_AO_PS_TB.xlsx,0
2.0,7.0,0.0,2.5,2.5,0.0,7.5,1.3,33.1,0.5,C4,Braço,Unilateral,,TECNOWATT,,0.48,,13.48,3.11,50.0,BRDE04 - Simul_Tramanda_corrigida_TB_AO_PS_TB.xlsx,0
2.0,6.0,0.0,4.0,4.0,0.0,7.5,2.8,38.5,6.5,C2,Braço,Bilateral frontal,,LEDSTAR,,0.71,,21.52,8.64,72.0,BRDE04 - Simul_Tramanda_corrigida_TB_AO_PS_TB.xlsx,0
2.0,6.0,0.0,4.0,4.0,0.0,7.5,2.8,38.5,6.5,C2,Braço,Bilateral frontal,,SX LIGHTING,,0.75,,24.86,9.96,70.0,BRDE04 - Simul_Tramanda_corrigida_TB_AO_PS_TB.xlsx,0
2.0,6.0,0.0,4.0,4.0,0.0,7.5,2.8,38.5,6.5,C2,Braço,Bilateral frontal,,TECNOWATT,,0.57,,,7.27,90.0,BRDE04 - Simul_Tramanda_corrigida_TB_AO_PS_TB.xlsx,0
2.0,7.0,0.0,0.0,2.5,4.0,5.6,1.3,22.5,2.0,C5,Braço,Canteiro central,,LEDSTAR,,0.38,,12.03,,28.0,BRDE04 - Simul_Tramanda_corrigida_TB_AO_PS_TB.xlsx,0
2.0,7.0,0.0,0.0,2.5,4.0,5.6,1.3,22.5,2.0,C5,Braço,Canteiro central,Longo II,SX LIGHTING,,0.54,,9.15,,22.5,BRDE04 - Simul_Tramanda_corrigida_TB_AO_PS_TB.xlsx,0
2.0,7.0,0.0,0.0,2.5,4.0,5.6,1.3,22.5,2.0,C5,Braço,Canteiro central,Médio I,TECNOWATT,,0.43,,13.97,,30.0,BRDE04 - Simul_Tramanda_corrigida_TB_AO_PS_TB.xlsx,0
2.0,7.0,0.0,2.0,2.0,0.0,6.5,0.65,38.5,0.4,C3,Braço,Unilateral,,LEDSTAR,,0.22,,15.2,1.86,65.0,BRDE04 - Simul_Tramanda_corrigida_TB_AO_PS_TB.xlsx,0
2.0,7.0,0.0,2.0,2.0,0.0,6.5,0.65,38.5,0.4,C3,Braço,Unilateral,,SX LIGHTING,,0.24,,19.36,2.61,70.0,BRDE04 - Simul_Tramanda_corrigida_TB_AO_PS_TB.xlsx,0
2.0,7.0,0.0,2.0,2.0,0.0,6.5,0.65,38.5,0.4,C3,Braço,Unilateral,,TECNOWATT,,0.17,,16.44,2.75,68.0,BRDE04 - Simul_Tramanda_corrigida_TB_AO_PS_TB.xlsx,0
2.0,7.0,0.0,2.0,2.5,0.0,7.3,1.3,33.9,2.0,C4,Braço,Unilateral,,LEDSTAR,,0.4,,11.35,2.98,52.0,BRDE04 - Simul_Tramanda_corrigida_TB_AO_PS_TB.xlsx,0
2.0,7.0,0.0,2.0,2.5,0.0,7.3,1.3,33.9,2.0,C4,Braço,Unilateral,,SX LIGHTING,,0.58,,13.44,3.43,50.0,BRDE04 - Simul_Tramanda_corrigida_TB_AO_PS_TB.xlsx,0
2.0,7.0,0.0,2.0,2.5,0.0,7.3,1.3,33.9,2.0,C4,Braço,Unilateral,,TECNOWATT,,0.44,,11.84,2.52,50.0,BRDE04 - Simul_Tramanda_corrigida_TB_AO_PS_TB.xlsx,0
2.0,7.0,0.0,2.5,2.5,0.0,7.0,1.5,43.7,0.6,C4,Braço,Unilateral,Médio I,LEDSTAR,,0.21,,10.05,1.84,52.0,BRDE04 - Simul_Tramanda_corrigida_TB_AO_PS_TB.xlsx,0
2.0,7.0,0.0,2.5,2.5,0.0,7.0,1.5,43.7,0.6,C4,Braço,Unilateral,Longo I,SX LIGHTING,,0.22,,10.65,4.43,50.0,BRDE04 - Simul_Tramanda_corrigida_TB_AO_PS_TB.xlsx,0
2.0,7.0,0.0,2.5,2.5,0.0,7.0,1.5,43.7,0.6,C4,Braço,Unilateral,Longo I,TECNOWATT,,0.23,,10.17,1.77,50.0,BRDE04 - Simul_Tramanda_corrigida_TB_AO_PS_TB.xlsx,0
2.0,7.0,0.0,2.5,2.5,0.0,7.5,1.3,40.3,0.4,C4,Braço,Unilateral,,LEDSTAR,,0.32,,10.23,2.62,52.0,BRDE04 - Simul_Tramanda_corrigida_TB_AO_PS_TB.xlsx,0
2.0,7.0,0.0,2.5,2.5,0.0,7.5,1.3,40.3,0.4,C4,Braço,Unilateral,,SX LIGHTING,,0.34,,12.12,4.37,50.0,BRDE04 - Simul_Tramanda_corrigida_TB_AO_PS_TB.xlsx,0
2.0,7.0,0.0,2.5,2.5,0.0,7.5,1.3,40.3,0.4,C4,Braço,Unilateral,,TECNOWATT,,0.26,,11.14,1.49,50.0,BRDE04 - Simul_Tramanda_corrigida_TB_AO_PS_TB.xlsx,0
2.0,7.5,0.0,4.0,3.5,0.0,7.0,2.5,24.5,0.4,C5,Braço,Canteiro central,,LEDSTAR,,0.55,,9.45,3.55,28.0,BRDE04 - Simul_Tramanda_corrigida_TB_AO_PS_TB.xlsx,0
2.0,7.5,0.0,4.0,3.5,0.0,7.0,2.5,24.5,0.4,C5,Braço,Canteiro central,,SX LIGHTING,,0.67,,8.33,2.27,22.5,BRDE04 - Simul_Tramanda_corrigida_TB_AO_PS_TB.xlsx,0
2.0,7.5,0.0,4.0,3.5,0.0,7.0,2.5,24.5,0.4,C5,Braço,Canteiro central,,TECNOWATT,,0.68,,12.26,3.36,30.0,BRDE04 - Simul_Tramanda_corrigida_TB_AO_PS_TB.xlsx,0
2.0,7.0,0.0,2.5,2.5,0.0,7.3,1.3,36.1,0.9,C4,Braço,Unilateral,,LEDSTAR,,0.39,,11.09,3.26,52.0,BRDE04 - Simul_Tramanda_corrigida_TB_AO_PS_TB.xlsx,0
2.0,7.0,0.0,2.5,2.5,0.0,7.3,1.3,36.1,0.9,C4,Braço,Unilateral,,SX LIGHTING,,0.53,,13.14,5.56,50.0,BRDE04 - Simul_Tramanda_corrigida_TB_AO_PS_TB.xlsx,0
2.0,7.0,0.0,2.5,2.5,0.0,7.3,1.3,36.1,0.9,C4,Braço,Unilateral,,TECNOWATT,,0.38,,11.91,2.22,50.0,BRDE04 - Simul_Tramanda_corrigida_TB_AO_PS_TB.xlsx,0
2.0,7.0,0.0,2.5,2.5,0.0,7.0,1.3,34.1,0.3,C4,Braço,Unilateral,,LEDSTAR,,0.39,,10.91,3.17,44.0,BRDE04 - Simul_Tramanda_corrigida_TB_AO_PS_TB.xlsx,0
2.0,7.0,0.0,2.5,2.5,0.0,7.0,1.3,34.1,0.3,C4,Braço,Unilateral,,SX LIGHTING,,0.49,,10.39,3.65,39.0,BRDE04 - Simul_Tramanda_corrigida_TB_AO_PS_TB.xlsx,0
2.0,7.0,0.0,2.5,2.5,0.0,7.0,1.3,34.1,0.3,C4,Braço,Unilateral,,TECNOWATT,,0.4,,11.71,2.27,40.0,BRDE04 - Simul_Tramanda_corrigida_TB_AO_PS_TB.xlsx,0
2.0,7.0,0.0,2.5,0.0,0.0,7.5,1.3,34.5,0.4,C4,Braço,Unilateral,,LEDSTAR,,0.42,,10.18,3.38,44.0,BRDE04 - Simul_Tramanda_corrigida_TB_AO_PS_TB.xlsx,0
2.0,7.0,0.0,2.5,0.0,0.0,7.5,1.3,34.5,0.4,C4,Braço,Unilateral,,SX LIGHTING,,0.52,,14.15,4.49,50.0,BRDE04 - Simul_Tramanda_corrigida_TB_AO_PS_TB.xlsx,0
2.0,7.0,0.0,2.5,0.0,0.0,7.5,1.3,34.5,0.4,C4,Braço,Unilateral,,TECNOWATT,,0.48,,10.99,3.92,40.0,BRDE04 - Simul_Tramanda_corrigida_TB_AO_PS_TB.xlsx,0
2.0,7.0,0.0,0.0,4.0,5.5,8.0,2.5,34.6,2.5,C2,Braço,Canteiro central,,LEDSTAR,,0.37,,23.73,,85.0,BRDE04 - Simul_Tramanda_corrigida_TB_AO_PS_TB.xlsx,0
2.0,7.0,0.0,0.0,4.0,5.5,8.0,2.5,34.6,2.5,C2,Braço,Canteiro central,,SX LIGHTING,,0.62,,21.18,,79.0,BRDE04 - Simul_Tramanda_corrigida_TB_AO_PS_TB.xlsx,0
2.0,7.0,0.0,0.0,4.0,5.5,8.0,2.5,34.6,2.5,C2,Braço,Canteiro central,,TECNOWATT,,0.52,,23.88,,100.0,BRDE04 - Simul_Tramanda_corrigida_TB_AO_PS_TB.xlsx,0
2.0,10.0,0.0,5.0,5.0,0.0,7.0,1.3,33.0,0.4,C5,Braço,Unilateral,,LEDSTAR,,0.38,,9.67,1.99,44.0,BRDE04 - Simul_Tramanda_corrigida_TB_AO_PS_TB.xlsx,0
2.0,10.0,0.0,5.0,5.0,0.0,7.0,1.3,33.0,0.4,C5,Braço,Unilateral,,SX LIGHTING,,0.53,,13.42,0.97,50.0,BRDE04 - Simul_Tramanda_corrigida_TB_AO_PS_TB.xlsx,0
2.0,10.0,0.0,5.0,5.0,0.0,7.0,1.3,33.0,0.4,C5,Braço,Unilateral,,TECNOWATT,,0.46,,14.4,1.15,60.0,BRDE04 - Simul_Tramanda_corrigida_TB_AO_PS_TB.xlsx,0
2.0,7.0,0.0,4.0,4.0,0.0,7.0,1.3,40.0,0.2,C5,Braço,Unilateral,,LEDSTAR,,0.25,,7.85,0.91,35.0,BRDE04 - Simul_Tramanda_corrigida_TB_AO_PS_TB.xlsx,0
2.0,7.0,0.0,4.0,4.0,0.0,7.0,1.3,40.0,0.2,C5,Braço,Unilateral,,SX LIGHTING,,0.29,,8.89,0.88,39.0,BRDE04 - Simul_Tramanda_corrigida_TB_AO_PS_TB.xlsx,0
2.0,7.0,0.0,4.0,4.0,0.0,7.0,1.3,40.0,0.2,C5,Braço,Unilateral,,TECNOWATT,,0.18,,10.03,0.97,40.0,BRDE04 - Simul_Tramanda_corrigida_TB_AO_PS_TB.xlsx,0
2.0,7.0,0.0,4.0,4.0,0.0,6.7,1.3,41.3,0.4,C5,Braço,Unilateral,,LEDSTAR,,0.2,,7.81,0.61,35.0,BRDE04 - Simul_Tramanda_corrigida_TB_AO_PS_TB.xlsx,0
2.0,7.0,0.0,4.0,4.0,0.0,6.7,1.3,41.3,0.4,C5,Braço,Unilateral,Médio II,SX LIGHTING,,0.28,,8.24,0.77,39.0,BRDE04 - Simul_Tramanda_corrigida_TB_AO_PS_TB.xlsx,0
2.0,7.0,0.0,4.0,4.0,0.0,6.7,1.3,41.3,0.4,C5,Braço,Unilateral,Médio II,TECNOWATT,,0.21,,9.45,0.9,40.0,BRDE04 - Simul_Tramanda_corrigida_TB_AO_PS_TB.xlsx,0
2.0,6.0,0.0,1.5,3.0,6.0,7.9,0.4,36.2,3.0,C2,Braço,Canteiro central,,LEDSTAR,,0.37,,23.73,11.9,65.0,BRDE04 - Simul_Tramanda_corrigida_TB_AO_PS_TB.xlsx,0
2.0,6.0,0.0,1.5,3.0,6.0,7.9,0.4,36.2,3.0,C2,Braço,Canteiro central,,SX LIGHTING,,0.62,,21.18,9.22,50.0,BRDE04 - Simul_Tramanda_corrigida_TB_AO_PS_TB.xlsx,0
2.0,6.0,0.0,1.5,3.0,6.0,7.9,0.4,36.2,3.0,C2,Braço,Canteiro central,,TECNOWATT,,0.52,,23.88,9.57,60.0,BRDE04 - Simul_Tramanda_corrigida_TB_AO_PS_TB.xlsx,0
2.0,6.0,0.0,4.0,2.5,0.0,5.6,1.3,17.1,0.2,C5,Braço,Unilateral,,LEDSTAR,,0.64,,17.13,1.81,28.0,BRDE04 - Simul_Tramanda_corrigida_TB_AO_PS_TB.xlsx,0
2.0,6.0,0.0,4.0,2.5,0.0,5.6,1.3,17.1,0.2,C5,Braço,Unilateral,,SX LIGHTING,,0.8,,20.76,0.86,31.0,BRDE04 - Simul_Tramanda_corrigida_TB_AO_PS_TB.xlsx,0
2.0,6.0,0.0,4.0,2.5,0.0,5.6,1.3,17.1,0.2,C5,Braço,Unilateral,,TECNOWATT,,0.73,,21.16,2.74,30.0,BRDE04 - Simul_Tramanda_corrigida_TB_AO_PS_TB.xlsx,0
2.0,10.0,0.0,2.0,0.0,28.0,7.5,1.3,19.5,0.5,C2,Braço,Bilateral frontal,,LEDSTAR,,0.72,,20.61,10.66,28.0,BRDE04 - Simul_Tramanda_corrigida_TB_AO_PS_TB.xlsx,0
2.0,10.0,0.0,2.0,0.0,28.0,7.5,1.3,19.5,0.5,C2,Braço,Bilateral frontal,,SX LIGHTING,,0.81,,24.92,11.75,31.0,BRDE04 - Simul_Tramanda_corrigida_TB_AO_PS_TB.xlsx,0
2.0,10.0,0.0,2.0,0.0,28.0,7.5,1.3,19.5,0.5,C2,Braço,Bilateral frontal,,TECNOWATT,,0.76,,24.36,11.5,30.0,BRDE04 - Simul_Tramanda_corrigida_TB_AO_PS_TB.xlsx,0
2.0,7.0,0.0,2.5,2.5,0.0,7.0,1.3,45.3,0.4,C5,Braço,Unilateral,,LEDSTAR,,0.22,,8.19,1.27,44.0,BRDE04 - Simul_Tramanda_corrigida_TB_AO_PS_TB.xlsx,0
2.0,7.0,0.0,2.5,2.5,0.0,7.0,1.3,45.3,0.4,C5,Braço,Unilateral,,SX LIGHTING,,0.17,,7.79,0.61,39.0,BRDE04 - Simul_Tramanda_corrigida_TB_AO_PS_TB.xlsx,0
2.0,7.0,0.0,2.5,2.5,0.0,7.0,1.3,45.3,0.4,C5,Braço,Unilateral,Longo I,TECNOWATT,,0.17,,8.14,0.89,40.0,BRDE04 - Simul_Tramanda_corrigida_TB_AO_PS_TB.xlsx,0
2.0,7.5,0.0,2.5,2.5,0.0,7.0,1.3,35.5,0.4,C4,Braço,Unilateral,,LEDSTAR,,0.37,,10.24,2.91,44.0,BRDE04 - Simul_Tramanda_corrigida_TB_AO_PS_TB.xlsx,0
2.0,7.5,0.0,2.5,2.5,0.0,7.0,1.3,35.5,0.4,C4,Braço,Unilateral,,SX LIGHTING,,0.42,,14.27,3.05,50.0,BRDE04 - Simul_Tramanda_corrigida_TB_AO_PS_TB.xlsx,0
2.0,7.5,0.0,2.5,2.5,0.0,7.0,1.3,35.5,0.4,C4,Braço,Unilateral,,TECNOWATT,,0.33,,10.85,2.8,40.0,BRDE04 - Simul_Tramanda_corrigida_TB_AO_PS_TB.xlsx,0
2.0,7.5,0.0,2.5,2.5,0.0,7.0,1.3,32.9,0.3,C4,Braço,Unilateral,,LEDSTAR,,0.4,,11.1,3.47,44.0,BRDE04 - Simul_Tramanda_corrigida_TB_AO_PS_TB.xlsx,0
2.0,7.5,0.0,2.5,2.5,0.0,7.0,1.3,32.9,0.3,C4,Braço,Unilateral,,SX LIGHTING,,0.54,,10.55,3.47,39.0,BRDE04 - Simul_Tramanda_corrigida_TB_AO_PS_TB.xlsx,0
2.0,7.5,0.0,2.5,2.5,0.0,7.0,1.3,32.9,0.3,C4,Braço,Unilateral,,TECNOWATT,,0.43,,11.78,3.75,40.0,BRDE04 - Simul_Tramanda_corrigida_TB_AO_PS_TB.xlsx,0
2.0,7.0,0.0,1.0,3.5,6.0,10.0,0.3,24.6,2.8,C2,Braço,Canteiro central,,LEDSTAR,,0.7,,21.35,10.93,44.0,BRDE04 - Simul_Tramanda_corrigida_TB_AO_PS_TB.xlsx,0
2.0,7.0,0.0,1.0,3.5,6.0,10.0,0.3,24.6,2.8,C2,Braço,Canteiro central,,SX LIGHTING,,0.76,,28.6,10.498,50.0,BRDE04 - Simul_Tramanda_corrigida_TB_AO_PS_TB.xlsx,0
2.0,7.0,0.0,1.0,3.5,6.0,10.0,0.3,24.6,2.8,C2,Braço,Canteiro central,,TECNOWATT,,0.66,,21.43,9.45,40.0,BRDE04 - Simul_Tramanda_corrigida_TB_AO_PS_TB.xlsx,0
2.0,4.0,0.0,2.0,3.0,0.0,6.8,1.3,48.0,0.4,C3,Braço,Bilateral alternada,,LEDSTAR,,0.57,,17.11,8.37,44.0,BRDE04 - Simul_Tramanda_corrigida_TB_AO_PS_TB.xlsx,0
2.0,4.0,0.0,2.0,3.0,0.0,6.8,1.3,48.0,0.4,C3,Braço,Bilateral alternada,,SX LIGHTING,,0.71,,16.23,9.99,39.0,BRDE04 - Simul_Tramanda_corrigida_TB_AO_PS_TB.xlsx,0
2.0,4.0,0.0,2.0,3.0,0.0,6.8,1.3,48.0,0.4,C3,Braço,Bilateral alternada,,TECNOWATT,,0.76,,19.13,10.55,40.0,BRDE04 - Simul_Tramanda_corrigida_TB_AO_PS_TB.xlsx,0
2.0,7.0,0.0,5.0,5.0,0.0,7.0,0.0,30.7,0.6,C4,Suporte,Unilateral,,LEDSTAR,,0.23,,15.47,6.76,28.0,BRDE04 - Simul_Tramanda_corrigida_TB_AO_PS_TB.xlsx,0
2.0,7.0,0.0,5.0,5.0,0.0,7.0,0.0,30.7,0.6,C4,Suporte,Unilateral,,SX LIGHTING,,0.35,,11.31,5.94,22.5,BRDE04 - Simul_Tramanda_corrigida_TB_AO_PS_TB.xlsx,0
2.0,7.0,0.0,5.0,5.0,0.0,7.0,0.0,30.7,0.6,C4,Suporte,Unilateral,,TECNOWATT,,0.33,,17.3,10.12,30.0,BRDE04 - Simul_Tramanda_corrigida_TB_AO_PS_TB.xlsx,0
2.0,7.0,0.0,3.0,3.0,0.0,6.6,2.8,25.7,0.2,C5,Braço,Unilateral,,LEDSTAR,,0.51,,9.47,2.14,28.0,BRDE04 - Simul_Tramanda_corrigida_TB_AO_PS_TB.xlsx,0
2.0,7.0,0.0,3.0,3.0,0.0,6.6,2.8,25.7,0.2,C5,Braço,Unilateral,,SX LIGHTING,,0.71,,11.39,0.7,31.0,BRDE04 - Simul_Tramanda_corrigida_TB_AO_PS_TB.xlsx,0
2.0,7.0,0.0,3.0,3.0,0.0,6.6,2.8,25.7,0.2,C5,Braço,Unilateral,,TECNOWATT,,0.67,,11.39,1.86,30.0,BRDE04 - Simul_Tramanda_corrigida_TB_AO_PS_TB.xlsx,0
2.0,4.0,0.0,0.0,5.0,0.5,10.0,0.25,35.1,0.2,C4,Braço,Unilateral,,LEDSTAR,,0.47,,12.43,,28.0,BRDE04 - Simul_Tramanda_corrigida_TB_AO_PS_TB.xlsx,0
2.0,4.0,0.0,0.0,5.0,0.5,10.0,0.25,35.1,0.2,C4,Braço,Unilateral,,SX LIGHTING,,0.51,,13.65,,31.0,BRDE04 - Simul_Tramanda_corrigida_TB_AO_PS_TB.xlsx,0
2.0,4.0,0.0,0.0,5.0,0.5,10.0,0.25,35.1,0.2,C4,Braço,Unilateral,,TECNOWATT,,0.51,,14.35,,30.0,BRDE04 - Simul_Tramanda_corrigida_TB_AO_PS_TB.xlsx,0
2.0,7.0,0.0,0.0,5.0,6.0,7.8,2.5,34.9,3.0,C4,Braço,Canteiro central,,LEDSTAR,,0.36,,17.42,,72.0,BRDE04 - Simul_Tramanda_corrigida_TB_AO_PS_TB.xlsx,0
2.0,7.0,0.0,0.0,5.0,6.0,7.8,2.5,34.9,3.0,C4,Braço,Canteiro central,,SX LIGHTING,,0.46,,18.59,,70.0,BRDE04 - Simul_Tramanda_corrigida_TB_AO_PS_TB.xlsx,0
2.0,7.0,0.0,0.0,5.0,6.0,7.8,2.5,34.9,3.0,C4,Braço,Canteiro central,,TECNOWATT,,0.52,,20.0,,80.0,BRDE04 - Simul_Tramanda_corrigida_TB_AO_PS_TB.xlsx,0
2.0,7.5,0.0,1.5,5.0,2.5,7.0,2.5,28.7,3.0,C2,Braço,Canteiro central,,LEDSTAR,,0.31,,21.27,15.92,65.0,BRDE04 - Simul_Tramanda_corrigida_TB_AO_PS_TB.xlsx,0
2.0,7.5,0.0,1.5,5.0,2.5,7.0,2.5,28.7,3.0,C2,Braço,Canteiro central,,SX LIGHTING,,0.37,,25.41,21.15,70.0,BRDE04 - Simul_Tramanda_corrigida_TB_AO_PS_TB.xlsx,0
2.0,7.5,0.0,1.5,5.0,2.5,7.0,2.5,28.7,3.0,C2,Braço,Canteiro central,,TECNOWATT,,0.44,,21.89,21.61,68.0,BRDE04 - Simul_Tramanda_corrigida_TB_AO_PS_TB.xlsx,0
2.0,8.0,0.0,2.0,2.0,0.0,7.0,1.3,42.3,0.4,C5,Braço,Unilateral,,LEDSTAR,,0.26,,8.42,1.72,44.0,BRDE04 - Simul_Tramanda_corrigida_TB_AO_PS_TB.xlsx,0
2.0,8.0,0.0,2.0,2.0,0.0,7.0,1.3,42.3,0.4,C5,Braço,Unilateral,,SX LIGHTING,,0.24,,7.98,1.03,39.0,BRDE04 - Simul_Tramanda_corrigida_TB_AO_PS_TB.xlsx,0
2.0,8.0,0.0,2.0,2.0,0.0,7.0,1.3,42.3,0.4,C5,Braço,Unilateral,Médio II,TECNOWATT,,0.18,,8.88,1.1,40.0,BRDE04 - Simul_Tramanda_corrigida_TB_AO_PS_TB.xlsx,0
2.0,7.0,0.0,2.5,2.5,0.0,7.0,1.3,34.5,0.4,C5,Braço,Unilateral,,LEDSTAR,,0.38,,10.75,3.15,44.0,BRDE04 - Simul_Tramanda_corrigida_TB_AO_PS_TB.xlsx,0
2.0,7.0,0.0,2.5,2.5,0.0,7.0,1.3,34.5,0.4,C5,Braço,Unilateral,,SX LIGHTING,,0.4,,8.72,1.54,31.0,BRDE04 - Simul_Tramanda_corrigida_TB_AO_PS_TB.xlsx,0
2.0,7.0,0.0,2.5,2.5,0.0,7.0,1.3,34.5,0.4,C5,Braço,Unilateral,,TECNOWATT,,0.49,,8.59,2.83,30.0,BRDE04 - Simul_Tramanda_corrigida_TB_AO_PS_TB.xlsx,0
2.0,8.0,0.0,2.5,2.0,0.0,7.0,1.3,31.1,0.3,C4,Braço,Unilateral,,LEDSTAR,,0.42,,11.5,4.02,44.0,BRDE04 - Simul_Tramanda_corrigida_TB_AO_PS_TB.xlsx,0
2.0,8.0,0.0,2.5,2.0,0.0,7.0,1.3,31.1,0.3,C4,Braço,Unilateral,,SX LIGHTING,,0.58,,10.91,4.31,39.0,BRDE04 - Simul_Tramanda_corrigida_TB_AO_PS_TB.xlsx,0
2.0,8.0,0.0,2.5,2.0,0.0,7.0,1.3,31.1,0.3,C4,Braço,Unilateral,,TECNOWATT,,0.45,,12.06,4.66,40.0,BRDE04 - Simul_Tramanda_corrigida_TB_AO_PS_TB.xlsx,0
2.0,8.0,0.0,4.0,3.0,0.0,7.3,1.3,29.9,0.3,C5,Braço,Unilateral,,LEDSTAR,,0.46,,7.57,2.56,28.0,BRDE04 - Simul_Tramanda_corrigida_TB_AO_PS_TB.xlsx,0
2.0,8.0,0.0,4.0,3.0,0.0,7.3,1.3,29.9,0.3,C5,Braço,Unilateral,,SX LIGHTING,,0.64,,9.38,2.28,31.0,BRDE04 - Simul_Tramanda_corrigida_TB_AO_PS_TB.xlsx,0
2.0,8.0,0.0,4.0,3.0,0.0,7.3,1.3,29.9,0.3,C5,Braço,Unilateral,,TECNOWATT,,0.59,,9.19,3.44,30.0,BRDE04 - Simul_Tramanda_corrigida_TB_AO_PS_TB.xlsx,0
2.0,12.0,0.0,4.0,4.0,0.0,7.0,1.3,29.0,0.3,C5,Braço,Unilateral,Longo II,LEDSTAR,,0.57,,8.32,2.52,35.0,BRDE04 - Simul_Tramanda_corrigida_TB_AO_PS_TB.xlsx,0
2.0,12.0,0.0,4.0,4.0,0.0,7.0,1.3,29.0,0.3,C5,Braço,Unilateral,Longo II,SX LIGHTING,,0.7,,7.79,1.3,31.0,BRDE04 - Simul_Tramanda_corrigida_TB_AO_PS_TB.xlsx,0
2.0,12.0,0.0,4.0,4.0,0.0,7.0,1.3,29.0,0.3,C5,Braço,Unilateral,Longo II,TECNOWATT,,0.67,,7.61,2.12,30.0,BRDE04 - Simul_Tramanda_corrigida_TB_AO_PS_TB.xlsx,0
2.0,7.0,0.0,2.0,2.0,0.0,6.68,1.3,24.0,0.3,C4,Braço,Unilateral,,LEDSTAR,,0.54,,10.48,4.93,28.0,BRDE04 - Simul_Tramanda_corrigida_TB_AO_PS_TB.xlsx,0
2.0,7.0,0.0,2.0,2.0,0.0,6.68,1.3,24.0,0.3,C4,Braço,Unilateral,,SX LIGHTING,,0.71,,13.01,7.05,31.0,BRDE04 - Simul_Tramanda_corrigida_TB_AO_PS_TB.xlsx,0
2.0,7.0,0.0,2.0,2.0,0.0,6.68,1.3,24.0,0.3,C4,Braço,Unilateral,,TECNOWATT,,0.65,,12.81,7.04,30.0,BRDE04 - Simul_Tramanda_corrigida_TB_AO_PS_TB.xlsx,0
2.0,7.0,0.0,2.0,2.0,0.0,7.5,1.3,44.3,0.2,C4,Braço,Unilateral,,LEDSTAR,,0.26,,12.32,3.22,65.0,BRDE04 - Simul_Tramanda_corrigida_TB_AO_PS_TB.xlsx,0
2.0,7.0,0.0,2.0,2.0,0.0,7.5,1.3,44.3,0.2,C4,Braço,Unilateral,,SX LIGHTING,,0.21,,11.02,1.08,50.0,BRDE04 - Simul_Tramanda_corrigida_TB_AO_PS_TB.xlsx,0
2.0,7.0,0.0,2.0,2.0,0.0,7.5,1.3,44.3,0.2,C4,Braço,Unilateral,Longo I,TECNOWATT,,0.21,,10.0,1.5,50.0,BRDE04 - Simul_Tramanda_corrigida_TB_AO_PS_TB.xlsx,0
2.0,7.0,0.0,2.5,2.5,0.0,6.8,1.3,36.9,0.3,C4,Braço,Unilateral,,LEDSTAR,,0.31,,10.32,2.4,44.0,BRDE04 - Simul_Tramanda_corrigida_TB_AO_PS_TB.xlsx,0
2.0,7.0,0.0,2.5,2.5,0.0,6.8,1.3,36.9,0.3,C4,Braço,Unilateral,,SX LIGHTING,,0.31,,14.35,1.88,50.0,BRDE04 - Simul_Tramanda_corrigida_TB_AO_PS_TB.xlsx,0
2.0,7.0,0.0,2.5,2.5,0.0,6.8,1.3,36.9,0.3,C4,Braço,Unilateral,,TECNOWATT,,0.23,,11.03,1.81,40.0,BRDE04 - Simul_Tramanda_corrigida_TB_AO_PS_TB.xlsx,0
2.0,7.0,0.0,2.5,2.5,0.0,7.0,1.3,31.1,0.3,C4,Braço,Unilateral,,LEDSTAR,,0.46,,10.06,3.26,35.0,BRDE04 - Simul_Tramanda_corrigida_TB_AO_PS_TB.xlsx,0
2.0,7.0,0.0,2.5,2.5,0.0,7.0,1.3,31.1,0.3,C4,Braço,Unilateral,,SX LIGHTING,,0.6,,11.39,4.31,39.0,BRDE04 - Simul_Tramanda_corrigida_TB_AO_PS_TB.xlsx,0
2.0,7.0,0.0,2.5,2.5,0.0,7.0,1.3,31.1,0.3,C4,Braço,Unilateral,,TECNOWATT,,0.51,,12.84,4.66,40.0,BRDE04 - Simul_Tramanda_corrigida_TB_AO_PS_TB.xlsx,0
2.0,7.0,0.0,0.0,2.5,4.7,6.2,2.5,22.3,2.35,C2,Braço,Canteiro central,,LEDSTAR,,0.47,,20.19,,17.0,BRDE04 - Simul_Tramanda_corrigida_TB_AO_PS_TB.xlsx,0
2.0,7.0,0.0,0.0,2.5,4.7,6.2,2.5,22.3,2.35,C2,Braço,Canteiro central,,SX LIGHTING,,0.58,,26.56,,22.5,BRDE04 - Simul_Tramanda_corrigida_TB_AO_PS_TB.xlsx,0
2.0,7.0,0.0,0.0,2.5,4.7,6.2,2.5,22.3,2.35,C2,Braço,Canteiro central,,TECNOWATT,,0.45,,20.49,,30.0,BRDE04 - Simul_Tramanda_corrigida_TB_AO_PS_TB.xlsx,0
2.0,7.0,0.0,2.5,2.5,0.0,7.7,1.3,32.8,0.3,C4,Braço,Unilateral,,LEDSTAR,,0.46,,10.51,3.82,44.0,BRDE04 - Simul_Tramanda_corrigida_TB_AO_PS_TB.xlsx,0
2.0,7.0,0.0,2.5,2.5,0.0,7.7,1.3,32.8,0.3,C4,Braço,Unilateral,,SX LIGHTING,,0.62,,10.0,4.4,39.0,BRDE04 - Simul_Tramanda_corrigida_TB_AO_PS_TB.xlsx,0
2.0,7.0,0.0,2.5,2.5,0.0,7.7,1.3,32.8,0.3,C4,Braço,Unilateral,,TECNOWATT,,0.58,,11.4,4.76,40.0,BRDE04 - Simul_Tramanda_corrigida_TB_AO_PS_TB.xlsx,0
2.0,5.0,0.0,3.5,4.0,0.0,7.0,1.3,34.8,0.4,C5,Braço,Unilateral,,LEDSTAR,,0.39,,8.76,2.03,35.0,BRDE04 - Simul_Tramanda_corrigida_TB_AO_PS_TB.xlsx,0
2.0,5.0,0.0,3.5,4.0,0.0,7.0,1.3,34.8,0.4,C5,Braço,Unilateral,,SX LIGHTING,,0.44,,10.75,1.08,39.0,BRDE04 - Simul_Tramanda_corrigida_TB_AO_PS_TB.xlsx,0
2.0,5.0,0.0,3.5,4.0,0.0,7.0,1.3,34.8,0.4,C5,Braço,Unilateral,,TECNOWATT,,0.43,,9.25,1.3,30.0,BRDE04 - Simul_Tramanda_corrigida_TB_AO_PS_TB.xlsx,0
2.0,8.0,0.0,2.0,2.0,0.0,7.0,1.3,29.1,0.3,C4,Braço,Unilateral,,LEDSTAR,,0.48,,10.34,4.29,35.0,BRDE04 - Simul_Tramanda_corrigida_TB_AO_PS_TB.xlsx,0
2.0,8.0,0.0,2.0,2.0,0.0,7.0,1.3,29.1,0.3,C4,Braço,Unilateral,,SX LIGHTING,,0.61,,11.66,5.79,39.0,BRDE04 - Simul_Tramanda_corrigida_TB_AO_PS_TB.xlsx,0
2.0,8.0,0.0,2.0,2.0,0.0,7.0,1.3,29.1,0.3,C4,Braço,Unilateral,,TECNOWATT,,0.48,,12.89,6.4,40.0,BRDE04 - Simul_Tramanda_corrigida_TB_AO_PS_TB.xlsx,0
2.0,7.0,0.0,0.0,5.0,5.5,6.7,2.7,20.2,3.3,C2,Braço,Canteiro central,,LEDSTAR,,0.57,,21.15,,52.0,BRDE04 - Simul_Tramanda_corrigida_TB_AO_PS_TB.xlsx,0
2.0,7.0,0.0,0.0,5.0,5.5,6.7,2.7,20.2,3.3,C2,Braço,Canteiro central,,SX LIGHTING,,0.66,,23.83,,50.0,BRDE04 - Simul_Tramanda_corrigida_TB_AO_PS_TB.xlsx,0
2.0,7.0,0.0,0.0,5.0,5.5,6.7,2.7,20.2,3.3,C2,Braço,Canteiro central,,TECNOWATT,,0.58,,27.59,,60.0,BRDE04 - Simul_Tramanda_corrigida_TB_AO_PS_TB.xlsx,0
2.0,6.0,0.0,2.5,2.5,0.0,6.0,1.3,22.8,0.4,C4,Braço,Unilateral,,LEDSTAR,,0.52,,12.44,4.95,28.0,BRDE04 - Simul_Tramanda_corrigida_TB_AO_PS_TB.xlsx,0
2.0,6.0,0.0,2.5,2.5,0.0,6.0,1.3,22.8,0.4,C4,Braço,Unilateral,,SX LIGHTING,,0.69,,10.42,4.28,22.5,BRDE04 - Simul_Tramanda_corrigida_TB_AO_PS_TB.xlsx,0
2.0,6.0,0.0,2.5,2.5,0.0,6.0,1.3,22.8,0.4,C4,Braço,Unilateral,,TECNOWATT,,0.66,,15.27,6.87,30.0,BRDE04 - Simul_Tramanda_corrigida_TB_AO_PS_TB.xlsx,0
2.0,8.0,0.0,2.5,2.5,0.0,7.0,1.3,30.7,0.4,C4,Braço,Unilateral,,LEDSTAR,,0.42,,11.6,4.21,44.0,BRDE04 - Simul_Tramanda_corrigida_TB_AO_PS_TB.xlsx,0
2.0,8.0,0.0,2.5,2.5,0.0,7.0,1.3,30.7,0.4,C4,Braço,Unilateral,,SX LIGHTING,,0.58,,10.99,4.63,39.0,BRDE04 - Simul_Tramanda_corrigida_TB_AO_PS_TB.xlsx,0
2.0,8.0,0.0,2.5,2.5,0.0,7.0,1.3,30.7,0.4,C4,Braço,Unilateral,,TECNOWATT,,0.45,,12.13,5.0,40.0,BRDE04 - Simul_Tramanda_corrigida_TB_AO_PS_TB.xlsx,0
2.0,7.0,0.0,4.0,4.0,0.0,6.8,1.3,32.2,0.3,C3,Braço,Unilateral,,LEDSTAR,,0.34,,18.25,5.71,65.0,BRDE04 - Simul_Tramanda_corrigida_TB_AO_PS_TB.xlsx,0
2.0,7.0,0.0,4.0,4.0,0.0,6.8,1.3,32.2,0.3,C3,Braço,Unilateral,,SX LIGHTING,,0.48,,16.45,2.39,50.0,BRDE04 - Simul_Tramanda_corrigida_TB_AO_PS_TB.xlsx,0
2.0,7.0,0.0,4.0,4.0,0.0,6.8,1.3,32.2,0.3,C3,Braço,Unilateral,,TECNOWATT,,0.46,,18.17,4.0,60.0,BRDE04 - Simul_Tramanda_corrigida_TB_AO_PS_TB.xlsx,0
2.0,7.5,0.0,2.5,2.5,0.0,5.9,1.3,35.4,0.3,C4,Braço,Unilateral,,LEDSTAR,,0.26,,11.64,2.2,44.0,BRDE04 - Simul_Tramanda_corrigida_TB_AO_PS_TB.xlsx,0
2.0,7.5,0.0,2.5,2.5,0.0,5.9,1.3,35.4,0.3,C4,Braço,Unilateral,,SX LIGHTING,,0.26,,10.97,1.22,39.0,BRDE04 - Simul_Tramanda_corrigida_TB_AO_PS_TB.xlsx,0
2.0,7.5,0.0,2.5,2.5,0.0,5.9,1.3,35.4,0.3,C4,Braço,Unilateral,Curto II,TECNOWATT,,0.24,,11.49,1.98,40.0,BRDE04 - Simul_Tramanda_corrigida_TB_AO_PS_TB.xlsx,0
2.0,7.0,0.0,0.0,2.5,15.0,6.3,2.5,31.5,7.5,C1,Braço,Canteiro central,Longo II,LEDSTAR,,0.52,,31.23,,190.0,BRDE04 - Simul_Tramanda_corrigida_TB_AO_PS_TB.xlsx,0
2.0,7.0,0.0,0.0,2.5,15.0,6.3,2.5,31.5,7.5,C1,Braço,Canteiro central,,SX LIGHTING,,0.62,,32.24,,90.0,BRDE04 - Simul_Tramanda_corrigida_TB_AO_PS_TB.xlsx,1
2.0,7.0,0.0,0.0,2.5,15.0,6.3,2.5,31.5,7.5,C1,Braço,Canteiro central,,TECNOWATT,,0.48,,35.58,,183.0,BRDE04 - Simul_Tramanda_corrigida_TB_AO_PS_TB.xlsx,0
2.0,7.0,0.0,0.0,2.5,10.5,7.0,1.3,38.2,5.25,C2,Braço,Canteiro central,,LEDSTAR,,0.4,,22.33,,140.0,BRDE04 - Simul_Tramanda_corrigida_TB_AO_PS_TB.xlsx,0
2.0,7.0,0.0,0.0,2.5,10.5,7.0,1.3,38.2,5.25,C2,Braço,Canteiro central,,SX LIGHTING,,0.34,,21.7,,137.0,BRDE04 - Simul_Tramanda_corrigida_TB_AO_PS_TB.xlsx,0
2.0,7.0,0.0,0.0,2.5,10.5,7.0,1.3,38.2,5.25,C2,Braço,Canteiro central,,TECNOWATT,,0.4,,21.12,,150.0,BRDE04 - Simul_Tramanda_corrigida_TB_AO_PS_TB.xlsx,0
2.0,7.0,0.0,2.5,2.5,0.0,7.0,1.3,39.6,0.3,C4,Braço,Unilateral,,LEDSTAR,,0.28,,11.03,2.32,52.0,BRDE04 - Simul_Tramanda_corrigida_TB_AO_PS_TB.xlsx,0
2.0,7.0,0.0,2.5,2.5,0.0,7.0,1.3,39.6,0.3,C4,Braço,Unilateral,,SX LIGHTING,,0.27,,13.07,1.49,50.0,BRDE04 - Simul_Tramanda_corrigida_TB_AO_PS_TB.xlsx,0
2.0,7.0,0.0,2.5,2.5,0.0,7.0,1.3,39.6,0.3,C4,Braço,Unilateral,,TECNOWATT,,0.2,,10.08,1.4,40.0,BRDE04 - Simul_Tramanda_corrigida_TB_AO_PS_TB.xlsx,0
2.0,7.0,0.0,2.5,2.5,0.0,7.0,1.3,34.6,0.3,C5,Braço,Unilateral,,LEDSTAR,,0.38,,9.05,2.38,35.0,BRDE04 - Simul_Tramanda_corrigida_TB_AO_PS_TB.xlsx,0
2.0,7.0,0.0,2.5,2.5,0.0,7.0,1.3,34.6,0.3,C5,Braço,Unilateral,,SX LIGHTING,,0.39,,8.73,1.45,31.0,BRDE04 - Simul_Tramanda_corrigida_TB_AO_PS_TB.xlsx,0
2.0,7.0,0.0,2.5,2.5,0.0,7.0,1.3,34.6,0.3,C5,Braço,Unilateral,,TECNOWATT,,0.48,,8.6,2.75,30.0,BRDE04 - Simul_Tramanda_corrigida_TB_AO_PS_TB.xlsx,0
2.0,7.0,0.0,0.0,0.0,0.0,7.0,1.3,38.7,0.3,C5,Braço,Unilateral,,LEDSTAR,,0.28,,8.09,,35.0,BRDE04 - Simul_Tramanda_corrigida_TB_AO_PS_TB.xlsx,0
2.0,7.0,0.0,0.0,0.0,0.0,7.0,1.3,38.7,0.3,C5,Braço,Unilateral,,SX LIGHTING,,0.21,,7.81,,31.0,BRDE04 - Simul_Tramanda_corrigida_TB_AO_PS_TB.xlsx,0
2.0,7.0,0.0,0.0,0.0,0.0,7.0,1.3,38.7,0.3,C5,Braço,Unilateral,,TECNOWATT,,0.31,,7.69,,30.0,BRDE04 - Simul_Tramanda_corrigida_TB_AO_PS_TB.xlsx,0
2.0,7.0,0.0,2.5,2.5,0.0,7.0,1.3,36.6,0.5,C4,Braço,Unilateral,,LEDSTAR,,0.34,,10.09,2.63,44.0,BRDE04 - Simul_Tramanda_corrigida_TB_AO_PS_TB.xlsx,0
2.0,7.0,0.0,2.5,2.5,0.0,7.0,1.3,36.6,0.5,C4,Braço,Unilateral,,SX LIGHTING,,0.37,,14.05,2.47,50.0,BRDE04 - Simul_Tramanda_corrigida_TB_AO_PS_TB.xlsx,0
2.0,7.0,0.0,2.5,2.5,0.0,7.0,1.3,36.6,0.5,C4,Braço,Unilateral,,TECNOWATT,,0.28,,10.78,2.27,40.0,BRDE04 - Simul_Tramanda_corrigida_TB_AO_PS_TB.xlsx,0
2.0,7.0,0.0,2.5,0.0,0.0,7.0,1.3,32.6,0.3,C4,Braço,Unilateral,,LEDSTAR,,0.41,,11.42,3.56,44.0,BRDE04 - Simul_Tramanda_corrigida_TB_AO_PS_TB.xlsx,0
2.0,7.0,0.0,2.5,0.0,0.0,7.0,1.3,32.6,0.3,C4,Braço,Unilateral,,SX LIGHTING,,0.54,,10.86,3.6,39.0,BRDE04 - Simul_Tramanda_corrigida_TB_AO_PS_TB.xlsx,0
2.0,7.0,0.0,2.5,0.0,0.0,7.0,1.3,32.6,0.3,C4,Braço,Unilateral,,TECNOWATT,,0.45,,12.25,3.89,40.0,BRDE04 - Simul_Tramanda_corrigida_TB_AO_PS_TB.xlsx,0
2.0,7.0,0.0,2.5,2.5,0.0,7.0,2.5,22.1,0.3,C4,Braço,Unilateral,,LEDSTAR,,0.6,,11.15,4.55,28.0,BRDE04 - Simul_Tramanda_corrigida_TB_AO_PS_TB.xlsx,0
2.0,7.0,0.0,2.5,2.5,0.0,7.0,2.5,22.1,0.3,C4,Braço,Unilateral,,SX LIGHTING,,0.72,,13.82,4.63,31.0,BRDE04 - Simul_Tramanda_corrigida_TB_AO_PS_TB.xlsx,0
2.0,7.0,0.0,2.5,2.5,0.0,7.0,2.5,22.1,0.3,C4,Braço,Unilateral,,TECNOWATT,,0.69,,13.81,5.51,30.0,BRDE04 - Simul_Tramanda_corrigida_TB_AO_PS_TB.xlsx,0
2.0,7.0,0.0,0.0,5.0,10.0,6.5,2.5,30.8,5.0,C1,Braço,Canteiro central,,LEDSTAR,,0.45,,32.38,,140.0,BRDE04 - Simul_Tramanda_corrigida_TB_AO_PS_TB.xlsx,0
2.0,7.0,0.0,0.0,5.0,10.0,6.5,2.5,30.8,5.0,C1,Braço,Canteiro central,,SX LIGHTING,,0.38,,31.47,,137.0,BRDE04 - Simul_Tramanda_corrigida_TB_AO_PS_TB.xlsx,0
2.0,7.0,0.0,0.0,5.0,10.0,6.5,2.5,30.8,5.0,C1,Braço,Canteiro central,,TECNOWATT,,0.51,,31.3,,150.0,BRDE04 - Simul_Tramanda_corrigida_TB_AO_PS_TB.xlsx,0
2.0,7.0,0.0,2.5,2.5,0.0,7.0,1.3,30.3,0.3,C4,Braço,Unilateral,,LEDSTAR,,0.48,,10.33,3.52,35.0,BRDE04 - Simul_Tramanda_corrigida_TB_AO_PS_TB.xlsx,0
2.0,7.0,0.0,2.5,2.5,0.0,7.0,1.3,30.3,0.3,C4,Braço,Unilateral,,SX LIGHTING,,0.62,,11.69,4.73,39.0,BRDE04 - Simul_Tramanda_corrigida_TB_AO_PS_TB.xlsx,0
2.0,7.0,0.0,2.5,2.5,0.0,7.0,1.3,30.3,0.3,C4,Braço,Unilateral,,TECNOWATT,,0.53,,13.18,5.12,40.0,BRDE04 - Simul_Tramanda_corrigida_TB_AO_PS_TB.xlsx,0
2.0,7.0,0.0,2.5,2.5,0.0,7.0,1.3,30.6,2.5,C4,Braço,Unilateral,,LEDSTAR,,0.41,,10.44,5.22,44.0,BRDE04 - Simul_Tramanda_corrigida_TB_AO_PS_TB.xlsx,0
2.0,7.0,0.0,2.5,2.5,0.0,7.0,1.3,30.6,2.5,C4,Braço,Unilateral,,SX LIGHTING,,0.56,,14.5,9.05,50.0,BRDE04 - Simul_Tramanda_corrigida_TB_AO_PS_TB.xlsx,0
2.0,7.0,0.0,2.5,2.5,0.0,7.0,1.3,30.6,2.5,C4,Braço,Unilateral,,TECNOWATT,,0.47,,10.73,6.59,40.0,BRDE04 - Simul_Tramanda_corrigida_TB_AO_PS_TB.xlsx,0
2.0,8.0,0.0,2.5,2.5,0.0,7.0,1.3,35.7,0.3,C4,Braço,Unilateral,,LEDSTAR,,0.36,,10.02,2.83,44.0,BRDE04 - Simul_Tramanda_corrigida_TB_AO_PS_TB.xlsx,0
2.0,8.0,0.0,2.5,2.5,0.0,7.0,1.3,35.7,0.3,C4,Braço,Unilateral,,SX LIGHTING,,0.42,,13.95,2.86,50.0,BRDE04 - Simul_Tramanda_corrigida_TB_AO_PS_TB.xlsx,0
2.0,8.0,0.0,2.5,2.5,0.0,7.0,1.3,35.7,0.3,C4,Braço,Unilateral,,TECNOWATT,,0.31,,10.51,2.66,40.0,BRDE04 - Simul_Tramanda_corrigida_TB_AO_PS_TB.xlsx,0
2.0,7.5,0.0,2.0,2.0,0.0,7.0,1.3,33.5,0.4,C4,Braço,Unilateral,,LEDSTAR,,0.4,,10.85,3.58,44.0,BRDE04 - Simul_Tramanda_corrigida_TB_AO_PS_TB.xlsx,0
2.0,7.5,0.0,2.0,2.0,0.0,7.0,1.3,33.5,0.4,C4,Braço,Unilateral,,SX LIGHTING,,0.54,,10.31,3.76,39.0,BRDE04 - Simul_Tramanda_corrigida_TB_AO_PS_TB.xlsx,0
2.0,7.5,0.0,2.0,2.0,0.0,7.0,1.3,33.5,0.4,C4,Braço,Unilateral,,TECNOWATT,,0.4,,11.49,3.99,40.0,BRDE04 - Simul_Tramanda_corrigida_TB_AO_PS_TB.xlsx,0
2.0,7.0,0.0,2.5,2.5,0.0,6.8,1.3,37.6,0.3,C4,Braço,Unilateral,,LEDSTAR,,0.3,,10.12,2.27,44.0,BRDE04 - Simul_Tramanda_corrigida_TB_AO_PS_TB.xlsx,0
2.0,7.0,0.0,2.5,2.5,0.0,6.8,1.3,37.6,0.3,C4,Braço,Unilateral,,SX LIGHTING,,0.28,,14.09,1.66,50.0,BRDE04 - Simul_Tramanda_corrigida_TB_AO_PS_TB.xlsx,0
2.0,7.0,0.0,2.5,2.5,0.0,6.8,1.3,37.6,0.3,C4,Braço,Unilateral,,TECNOWATT,,0.21,,10.82,1.59,40.0,BRDE04 - Simul_Tramanda_corrigida_TB_AO_PS_TB.xlsx,0
2.0,8.0,0.0,3.0,3.0,0.0,7.0,1.3,31.6,0.3,C5,Braço,Unilateral,,LEDSTAR,,0.42,,9.52,2.92,35.0,BRDE04 - Simul_Tramanda_corrigida_TB_AO_PS_TB.xlsx,0
2.0,8.0,0.0,3.0,3.0,0.0,7.0,1.3,31.6,0.3,C5,Braço,Unilateral,,SX LIGHTING,,0.49,,8.94,1.14,31.0,BRDE04 - Simul_Tramanda_corrigida_TB_AO_PS_TB.xlsx,0
2.0,8.0,0.0,3.0,3.0,0.0,7.0,1.3,31.6,0.3,C5,Braço,Unilateral,,TECNOWATT,,0.54,,8.92,3.37,30.0,BRDE04 - Simul_Tramanda_corrigida_TB_AO_PS_TB.xlsx,0
2.0,8.0,0.0,2.5,2.5,0.0,6.8,1.3,34.6,0.3,C4,Braço,Unilateral,,LEDSTAR,,0.35,,10.55,2.98,44.0,BRDE04 - Simul_Tramanda_corrigida_TB_AO_PS_TB.xlsx,0
2.0,8.0,0.0,2.5,2.5,0.0,6.8,1.3,34.6,0.3,C4,Braço,Unilateral,,SX LIGHTING,,0.47,,10.0,2.64,39.0,BRDE04 - Simul_Tramanda_corrigida_TB_AO_PS_TB.xlsx,0
2.0,8.0,0.0,2.5,2.5,0.0,6.8,1.3,34.6,0.3,C4,Braço,Unilateral,,TECNOWATT,,0.37,,11.02,2.09,40.0,BRDE04 - Simul_Tramanda_corrigida_TB_AO_PS_TB.xlsx,0
2.0,7.0,0.0,2.5,3.0,0.0,6.8,0.6,45.6,0.6,C4,Braço,Unilateral,,LEDSTAR,,0.21,,12.0,1.88,65.0,BRDE04 - Simul_Tramanda_corrigida_TB_AO_PS_TB.xlsx,0
2.0,7.0,0.0,2.5,3.0,0.0,6.8,0.6,45.6,0.6,C4,Braço,Unilateral,Longo I,SX LIGHTING,,0.19,,10.2,0.83,50.0,BRDE04 - Simul_Tramanda_corrigida_TB_AO_PS_TB.xlsx,0
2.0,7.0,0.0,2.5,3.0,0.0,6.8,0.6,45.6,0.6,C4,Braço,Unilateral,Longo I,TECNOWATT,,0.18,,11.64,1.38,60.0,BRDE04 - Simul_Tramanda_corrigida_TB_AO_PS_TB.xlsx,0
2.0,6.0,0.0,1.5,1.5,0.0,6.7,1.5,33.4,0.3,C5,Braço,Unilateral,,LEDSTAR,,0.35,,7.82,2.25,28.0,BRDE04 - Simul_Tramanda_corrigida_TB_AO_PS_TB.xlsx,0
2.0,6.0,0.0,1.5,1.5,0.0,6.7,1.5,33.4,0.3,C5,Braço,Unilateral,,SX LIGHTING,,0.34,,9.75,1.83,31.0,BRDE04 - Simul_Tramanda_corrigida_TB_AO_PS_TB.xlsx,0
2.0,6.0,0.0,1.5,1.5,0.0,6.7,1.5,33.4,0.3,C5,Braço,Unilateral,,TECNOWATT,,0.43,,9.71,3.2,30.0,BRDE04 - Simul_Tramanda_corrigida_TB_AO_PS_TB.xlsx,0
2.0,7.0,0.0,4.0,6.0,0.0,6.0,0.7,36.2,0.5,C4,Braço,Unilateral,,LEDSTAR,,0.28,,10.75,1.51,44.0,BRDE04 - Simul_Tramanda_corrigida_TB_AO_PS_TB.xlsx,0
2.0,7.0,0.0,4.0,6.0,0.0,6.0,0.7,36.2,0.5,C4,Braço,Unilateral,,SX LIGHTING,,0.25,,15.11,0.64,50.0,BRDE04 - Simul_Tramanda_corrigida_TB_AO_PS_TB.xlsx,0
2.0,7.0,0.0,4.0,6.0,0.0,6.0,0.7,36.2,0.5,C4,Braço,Unilateral,Curto II,TECNOWATT,,0.19,,11.38,0.68,40.0,BRDE04 - Simul_Tramanda_corrigida_TB_AO_PS_TB.xlsx,0
2.0,7.0,0.0,4.0,4.0,0.0,7.0,2.3,32.7,1.5,C5,Braço,Unilateral,,LEDSTAR,,0.42,,9.5,2.33,35.0,BRDE04 - Simul_Tramanda_corrigida_TB_AO_PS_TB.xlsx,0
2.0,7.0,0.0,4.0,4.0,0.0,7.0,2.3,32.7,1.5,C5,Braço,Unilateral,,SX LIGHTING,,0.48,,9.17,1.17,31.0,BRDE04 - Simul_Tramanda_corrigida_TB_AO_PS_TB.xlsx,0
2.0,7.0,0.0,4.0,4.0,0.0,7.0,2.3,32.7,1.5,C5,Braço,Unilateral,,TECNOWATT,,0.55,,9.01,2.59,30.0,BRDE04 - Simul_Tramanda_corrigida_TB_AO_PS_TB.xlsx,0
2.0,7.0,0.0,2.0,2.0,0.0,6.8,1.5,42.2,0.3,C5,Braço,Unilateral,,LEDSTAR,,0.18,,7.63,0.81,35.0,BRDE04 - Simul_Tramanda_corrigida_TB_AO_PS_TB.xlsx,0
2.0,7.0,0.0,2.0,2.0,0.0,6.8,1.5,42.2,0.3,C5,Braço,Unilateral,,SX LIGHTING,,0.19,,8.65,0.82,39.0,BRDE04 - Simul_Tramanda_corrigida_TB_AO_PS_TB.xlsx,0
2.0,7.0,0.0,2.0,2.0,0.0,6.8,1.5,42.2,0.3,C5,Braço,Unilateral,Médio II,TECNOWATT,,0.17,,9.24,1.1,40.0,BRDE04 - Simul_Tramanda_corrigida_TB_AO_PS_TB.xlsx,0
2.0,7.0,0.0,1.5,1.5,0.0,6.8,1.5,28.1,1.3,C4,Braço,Unilateral,,LEDSTAR,,0.48,,10.96,5.34,35.0,BRDE04 - Simul_Tramanda_corrigida_TB_AO_PS_TB.xlsx,0
2.0,7.0,0.0,1.5,1.5,0.0,6.8,1.5,28.1,1.3,C4,Braço,Unilateral,,SX LIGHTING,,0.6,,10.47,5.76,31.0,BRDE04 - Simul_Tramanda_corrigida_TB_AO_PS_TB.xlsx,0
2.0,7.0,0.0,1.5,1.5,0.0,6.8,1.5,28.1,1.3,C4,Braço,Unilateral,,TECNOWATT,,0.57,,10.22,6.32,30.0,BRDE04 - Simul_Tramanda_corrigida_TB_AO_PS_TB.xlsx,0
2.0,7.0,0.0,2.0,2.0,0.0,7.3,1.7,34.6,0.2,C5,Braço,Unilateral,,LEDSTAR,,0.39,,8.83,2.54,35.0,BRDE04 - Simul_Tramanda_corrigida_TB_AO_PS_TB.xlsx,0
2.0,7.0,0.0,2.0,2.0,0.0,7.3,1.7,34.6,0.2,C5,Braço,Unilateral,,SX LIGHTING,,0.4,,8.53,1.77,31.0,BRDE04 - Simul_Tramanda_corrigida_TB_AO_PS_TB.xlsx,0
2.0,7.0,0.0,2.0,2.0,0.0,7.3,1.7,34.6,0.2,C5,Braço,Unilateral,,TECNOWATT,,0.49,,8.49,2.95,30.0,BRDE04 - Simul_Tramanda_corrigida_TB_AO_PS_TB.xlsx,0
2.0,7.0,0.0,3.0,2.0,0.0,7.0,1.3,37.4,0.3,C5,Braço,Unilateral,,LEDSTAR,,0.31,,8.37,1.57,35.0,BRDE04 - Simul_Tramanda_corrigida_TB_AO_PS_TB.xlsx,0
2.0,7.0,0.0,3.0,2.0,0.0,7.0,1.3,37.4,0.3,C5,Braço,Unilateral,,SX LIGHTING,,0.26,,8.07,0.65,31.0,BRDE04 - Simul_Tramanda_corrigida_TB_AO_PS_TB.xlsx,0
2.0,7.0,0.0,3.0,2.0,0.0,7.0,1.3,37.4,0.3,C5,Braço,Unilateral,,TECNOWATT,,0.36,,7.96,1.76,30.0,BRDE04 - Simul_Tramanda_corrigida_TB_AO_PS_TB.xlsx,0
2.0,7.0,0.0,3.5,3.5,0.0,8.0,1.3,36.5,5.5,C4,Braço,Bilateral alternada,,LEDSTAR,,0.74,,11.76,4.61,44.0,BRDE04 - Simul_Tramanda_corrigida_TB_AO_PS_TB.xlsx,0
2.0,7.0,0.0,3.5,3.5,0.0,8.0,1.3,36.5,5.5,C4,Braço,Bilateral alternada,,SX LIGHTING,,0.71,,10.32,5.89,39.0,BRDE04 - Simul_Tramanda_corrigida_TB_AO_PS_TB.xlsx,0
2.0,7.0,0.0,3.5,3.5,0.0,8.0,1.3,36.5,5.5,C4,Braço,Bilateral alternada,,TECNOWATT,,0.81,,10.79,8.02,50.0,BRDE04 - Simul_Tramanda_corrigida_TB_AO_PS_TB.xlsx,0
2.0,6.7,0.0,0.0,0.0,0.0,5.5,0.7,38.5,0.3,C5,Braço,Unilateral,Curto II,LEDSTAR,,0.22,,8.74,,35.0,BRDE04 - Simul_Tramanda_corrigida_TB_AO_PS_TB.xlsx,0
2.0,6.7,0.0,0.0,0.0,0.0,5.5,0.7,38.5,0.3,C5,Braço,Unilateral,Médio I,SX LIGHTING,,0.18,,8.03,,31.0,BRDE04 - Simul_Tramanda_corrigida_TB_AO_PS_TB.xlsx,0
2.0,6.7,0.0,0.0,0.0,0.0,5.5,0.7,38.5,0.3,C5,Braço,Unilateral,Curto II,TECNOWATT,,0.21,,8.31,,30.0,BRDE04 - Simul_Tramanda_corrigida_TB_AO_PS_TB.xlsx,0
2.0,7.0,0.0,2.0,2.5,0.0,6.6,0.9,24.7,0.7,C4,Braço,Unilateral,,LEDSTAR,,0.52,,12.71,6.82,35.0,BRDE04 - Simul_Tramanda_corrigida_TB_AO_PS_TB.xlsx,0
2.0,7.0,0.0,2.0,2.5,0.0,6.6,0.9,24.7,0.7,C4,Braço,Unilateral,,SX LIGHTING,,0.62,,12.1,7.78,31.0,BRDE04 - Simul_Tramanda_corrigida_TB_AO_PS_TB.xlsx,0
2.0,7.0,0.0,2.0,2.5,0.0,6.6,0.9,24.7,0.7,C4,Braço,Unilateral,,TECNOWATT,,0.57,,11.83,7.78,30.0,BRDE04 - Simul_Tramanda_corrigida_TB_AO_PS_TB.xlsx,0
2.0,8.0,0.0,4.5,3.0,0.0,4.8,1.5,25.8,0.5,C3,Braço,Unilateral,,LEDSTAR,,0.31,,17.22,1.29,44.0,BRDE04 - Simul_Tramanda_corrigida_TB_AO_PS_TB.xlsx,0
2.0,8.0,0.0,4.5,3.0,0.0,4.8,1.5,25.8,0.5,C3,Braço,Unilateral,,SX LIGHTING,,0.36,,23.74,0.66,50.0,BRDE04 - Simul_Tramanda_corrigida_TB_AO_PS_TB.xlsx,0
2.0,8.0,0.0,4.5,3.0,0.0,4.8,1.5,25.8,0.5,C3,Braço,Unilateral,,TECNOWATT,,0.28,,20.75,0.89,50.0,BRDE04 - Simul_Tramanda_corrigida_TB_AO_PS_TB.xlsx,0
2.0,7.0,0.0,3.5,0.0,0.0,7.2,1.3,31.5,1.2,C3,Braço,Unilateral,,LEDSTAR,,0.35,,17.23,7.86,65.0,BRDE04 - Simul_Tramanda_corrigida_TB_AO_PS_TB.xlsx,0
2.0,7.0,0.0,3.5,0.0,0.0,7.2,1.3,31.5,1.2,C3,Braço,Unilateral,,SX LIGHTING,,0.63,,15.43,5.51,50.0,BRDE04 - Simul_Tramanda_corrigida_TB_AO_PS_TB.xlsx,0
2.0,7.0,0.0,3.5,0.0,0.0,7.2,1.3,31.5,1.2,C3,Braço,Unilateral,,TECNOWATT,,0.5,,16.78,7.17,60.0,BRDE04 - Simul_Tramanda_corrigida_TB_AO_PS_TB.xlsx,0
2.0,7.0,0.0,3.0,2.0,0.0,7.5,1.3,33.1,1.5,C4,Braço,Unilateral,,LEDSTAR,,0.44,,10.07,4.02,44.0,BRDE04 - Simul_Tramanda_corrigida_TB_AO_PS_TB.xlsx,0
2.0,7.0,0.0,3.0,2.0,0.0,7.5,1.3,33.1,1.5,C4,Braço,Unilateral,,SX LIGHTING,,0.62,,14.02,6.15,50.0,BRDE04 - Simul_Tramanda_corrigida_TB_AO_PS_TB.xlsx,0
2.0,7.0,0.0,3.0,2.0,0.0,7.5,1.3,33.1,1.5,C4,Braço,Unilateral,,TECNOWATT,,0.47,,10.56,5.12,40.0,BRDE04 - Simul_Tramanda_corrigida_TB_AO_PS_TB.xlsx,0
2.0,7.0,0.0,3.0,3.0,0.0,7.0,1.3,33.7,0.3,C5,Braço,Unilateral,,LEDSTAR,,0.4,,9.29,2.42,35.0,BRDE04 - Simul_Tramanda_corrigida_TB_AO_PS_TB.xlsx,0
2.0,7.0,0.0,3.0,3.0,0.0,7.0,1.3,33.7,0.3,C5,Braço,Unilateral,,SX LIGHTING,,0.43,,8.95,1.44,31.0,BRDE04 - Simul_Tramanda_corrigida_TB_AO_PS_TB.xlsx,0
2.0,7.0,0.0,3.0,3.0,0.0,7.0,1.3,33.7,0.3,C5,Braço,Unilateral,,TECNOWATT,,0.51,,8.83,2.76,30.0,BRDE04 - Simul_Tramanda_corrigida_TB_AO_PS_TB.xlsx,0
2.0,7.0,0.0,0.0,0.0,0.0,7.5,1.3,35.7,0.4,C5,Braço,Unilateral,,LEDSTAR,,0.41,,8.27,,35.0,BRDE04 - Simul_Tramanda_corrigida_TB_AO_PS_TB.xlsx,0
2.0,7.0,0.0,0.0,0.0,0.0,7.5,1.3,35.7,0.4,C5,Braço,Unilateral,,SX LIGHTING,,0.45,,7.98,,31.0,BRDE04 - Simul_Tramanda_corrigida_TB_AO_PS_TB.xlsx,0
2.0,7.0,0.0,0.0,0.0,0.0,7.5,1.3,35.7,0.4,C5,Braço,Unilateral,,TECNOWATT,,0.52,,7.91,,30.0,BRDE04 - Simul_Tramanda_corrigida_TB_AO_PS_TB.xlsx,0
2.0,7.0,0.0,2.5,1.5,0.0,8.0,1.3,29.2,0.5,C4,Braço,Unilateral,,LEDSTAR,,0.56,,11.38,5.25,44.0,BRDE04 - Simul_Tramanda_corrigida_TB_AO_PS_TB.xlsx,0
2.0,7.0,0.0,2.5,1.5,0.0,8.0,1.3,29.2,0.5,C4,Braço,Unilateral,,SX LIGHTING,,0.71,,10.82,5.81,39.0,BRDE04 - Simul_Tramanda_corrigida_TB_AO_PS_TB.xlsx,0
2.0,7.0,0.0,2.5,1.5,0.0,8.0,1.3,29.2,0.5,C4,Braço,Unilateral,,TECNOWATT,,0.71,,12.17,6.08,40.0,BRDE04 - Simul_Tramanda_corrigida_TB_AO_PS_TB.xlsx,0
2.0,7.0,0.0,2.5,2.5,0.0,6.1,1.4,37.5,0.6,C5,Braço,Unilateral,,LEDSTAR,,0.19,,9.15,0.97,35.0,BRDE04 - Simul_Tramanda_corrigida_TB_AO_PS_TB.xlsx,0
2.0,7.0,0.0,2.5,2.5,0.0,6.1,1.4,37.5,0.6,C5,Braço,Unilateral,,SX LIGHTING,,0.22,,10.3,0.97,39.0,BRDE04 - Simul_Tramanda_corrigida_TB_AO_PS_TB.xlsx,0
2.0,7.0,0.0,2.5,2.5,0.0,6.1,1.4,37.5,0.6,C5,Braço,Unilateral,,TECNOWATT,,0.18,,8.56,0.9,30.0,BRDE04 - Simul_Tramanda_corrigida_TB_AO_PS_TB.xlsx,0
2.0,6.0,0.0,0.0,0.0,0.0,7.5,1.5,28.8,0.8,C5,Braço,Unilateral,,LEDSTAR,,0.53,,8.15,,28.0,BRDE04 - Simul_Tramanda_corrigida_TB_AO_PS_TB.xlsx,0
2.0,6.0,0.0,0.0,0.0,0.0,7.5,1.5,28.8,0.8,C5,Braço,Unilateral,,SX LIGHTING,,0.74,,10.15,,31.0,BRDE04 - Simul_Tramanda_corrigida_TB_AO_PS_TB.xlsx,0
2.0,6.0,0.0,0.0,0.0,0.0,7.5,1.5,28.8,0.8,C5,Braço,Unilateral,,TECNOWATT,,0.7,,10.15,,30.0,BRDE04 - Simul_Tramanda_corrigida_TB_AO_PS_TB.xlsx,0
2.0,6.5,0.0,0.0,4.5,7.0,7.5,2.5,20.7,3.5,C3,Braço,Canteiro central,,LEDSTAR,,0.6,,15.36,,35.0,BRDE04 - Simul_Tramanda_corrigida_TB_AO_PS_TB.xlsx,0
2.0,6.5,0.0,0.0,4.5,7.0,7.5,2.5,20.7,3.5,C3,Braço,Canteiro central,,SX LIGHTING,,0.65,,16.87,,39.0,BRDE04 - Simul_Tramanda_corrigida_TB_AO_PS_TB.xlsx,0
2.0,6.5,0.0,0.0,4.5,7.0,7.5,2.5,20.7,3.5,C3,Braço,Canteiro central,,TECNOWATT,,0.51,,18.82,,40.0,BRDE04 - Simul_Tramanda_corrigida_TB_AO_PS_TB.xlsx,0
2.0,8.0,0.0,2.5,3.0,0.0,6.6,1.5,41.6,0.7,C5,Braço,Unilateral,,LEDSTAR,,0.24,,8.86,1.58,44.0,BRDE04 - Simul_Tramanda_corrigida_TB_AO_PS_TB.xlsx,0
2.0,8.0,0.0,2.5,3.0,0.0,6.6,1.5,41.6,0.7,C5,Braço,Unilateral,,SX LIGHTING,,0.2,,8.3,0.62,39.0,BRDE04 - Simul_Tramanda_corrigida_TB_AO_PS_TB.xlsx,0
2.0,8.0,0.0,2.5,3.0,0.0,6.6,1.5,41.6,0.7,C5,Braço,Unilateral,Médio II,TECNOWATT,,0.22,,8.96,1.28,40.0,BRDE04 - Simul_Tramanda_corrigida_TB_AO_PS_TB.xlsx,0
2.0,7.0,0.0,2.5,2.0,0.0,7.5,1.3,39.3,0.4,C4,Braço,Unilateral,,LEDSTAR,,0.33,,10.48,2.71,52.0,BRDE04 - Simul_Tramanda_corrigida_TB_AO_PS_TB.xlsx,0
2.0,7.0,0.0,2.5,2.0,0.0,7.5,1.3,39.3,0.4,C4,Braço,Unilateral,,SX LIGHTING,,0.37,,12.42,2.32,50.0,BRDE04 - Simul_Tramanda_corrigida_TB_AO_PS_TB.xlsx,0
2.0,7.0,0.0,2.5,2.0,0.0,7.5,1.3,39.3,0.4,C4,Braço,Unilateral,,TECNOWATT,,0.29,,11.43,2.92,50.0,BRDE04 - Simul_Tramanda_corrigida_TB_AO_PS_TB.xlsx,0
1.0,5.4,,2.51,2.24,0.0,5.78,2.31,39.46,0.6,P6,Braço,Unilateral,Médio I,LEDSTAR,,0.32,,17.15,0.73,70.0,CEF06.120260611 - Simul_Recife_PV.xlsx,0
1.0,5.4,,2.51,2.24,0.0,5.78,2.31,39.46,0.6,P6,Braço,Unilateral,Longo II,SX LIGHTING,,0.42,,17.56,2.07,79.0,CEF06.120260611 - Simul_Recife_PV.xlsx,0
1.0,5.4,,2.51,2.24,0.0,5.78,2.31,39.46,0.6,P6,Braço,Unilateral,Médio II,TECNOWATT,,0.2,,21.83,0.72,90.0,CEF06.120260611 - Simul_Recife_PV.xlsx,0
2.0,5.9,,2.4,2.4,0.0,6.63,2.44,40.3,0.85,C4,Braço,Unilateral,,LEDSTAR,,0.23,,10.09,1.62,44.0,CEF06.120260611 - Simul_Recife_PV.xlsx,0
2.0,5.9,,2.4,2.4,0.0,6.63,2.44,40.3,0.85,C4,Braço,Unilateral,Médio I,SX LIGHTING,,0.24,,13.26,1.39,50.0,CEF06.120260611 - Simul_Recife_PV.xlsx,0
2.0,5.9,,2.4,2.4,0.0,6.63,2.44,40.3,0.85,C4,Braço,Unilateral,Médio II,TECNOWATT,,0.27,,11.99,2.34,50.0,CEF06.120260611 - Simul_Recife_PV.xlsx,0
3.0,12.01,,2.56,1.62,0.0,7.9,2.63,50.6,0.77,C4,Braço,Bilateral frontal,Longo II,LEDSTAR,,0.24,,11.39,1.94,90.0,CEF06.120260611 - Simul_Recife_PV.xlsx,0
3.0,12.01,,2.56,1.62,0.0,7.9,2.63,50.6,0.77,C4,Braço,Bilateral frontal,Longo II,SX LIGHTING,,0.27,,11.07,1.94,70.0,CEF06.120260611 - Simul_Recife_PV.xlsx,0
3.0,12.01,,2.56,1.62,0.0,7.9,2.63,50.6,0.77,C4,Braço,Bilateral frontal,Longo II,TECNOWATT,,0.63,,11.4,4.22,40.0,CEF06.120260611 - Simul_Recife_PV.xlsx,0
2.0,4.67,,2.56,2.74,0.0,6.66,2.67,38.3,0.5,C3,Braço,Unilateral,,LEDSTAR,,0.32,,15.82,3.08,65.0,CEF06.120260611 - Simul_Recife_PV.xlsx,0
2.0,4.67,,2.56,2.74,0.0,6.66,2.67,38.3,0.5,C3,Braço,Unilateral,,SX LIGHTING,,0.29,,21.08,4.05,70.0,CEF06.120260611 - Simul_Recife_PV.xlsx,0
2.0,4.67,,2.56,2.74,0.0,6.66,2.67,38.3,0.5,C3,Braço,Unilateral,,TECNOWATT,,0.25,,21.64,3.42,80.0,CEF06.120260611 - Simul_Recife_PV.xlsx,0
2.0,8.68,,2.3,1.4,0.0,6.93,1.71,30.94,0.61,C3,Braço,Unilateral,,LEDSTAR,,0.4,,16.52,1.88,65.0,CEF06.120260611 - Simul_Recife_PV.xlsx,0
2.0,8.68,,2.3,1.4,0.0,6.93,1.71,30.94,0.61,C3,Braço,Unilateral,,SX LIGHTING,,0.5,,16.51,1.05,60.0,CEF06.120260611 - Simul_Recife_PV.xlsx,0
2.0,8.68,,2.3,1.4,0.0,6.93,1.71,30.94,0.61,C3,Braço,Unilateral,,TECNOWATT,,0.56,,18.56,1.69,68.0,CEF06.120260611 - Simul_Recife_PV.xlsx,0
2.0,7.4,,2.37,1.39,0.0,7.16,1.51,38.9,1.23,C3,Braço,Unilateral,,LEDSTAR,,0.24,,15.48,5.66,72.0,CEF06.120260611 - Simul_Recife_PV.xlsx,0
2.0,7.4,,2.37,1.39,0.0,7.16,1.51,38.9,1.23,C3,Braço,Unilateral,,SX LIGHTING,,0.29,,17.66,5.97,70.0,CEF06.120260611 - Simul_Recife_PV.xlsx,0
2.0,7.4,,2.37,1.39,0.0,7.16,1.51,38.9,1.23,C3,Braço,Unilateral,Médio I,TECNOWATT,,0.23,,15.55,2.89,68.0,CEF06.120260611 - Simul_Recife_PV.xlsx,0
2.0,9.15,,3.5,2.55,0.0,6.55,1.72,,0.87,C5,Braço,Unilateral,,LEDSTAR,,0.3,,9.21,0.73,44.0,CEF06.120260611 - Simul_Recife_PV.xlsx,0
2.0,9.15,,3.5,2.55,0.0,6.55,1.72,,0.87,C5,Braço,Unilateral,Médio II,SX LIGHTING,,0.45,,8.42,0.79,39.0,CEF06.120260611 - Simul_Recife_PV.xlsx,0
2.0,9.15,,3.5,2.55,0.0,6.55,1.72,,0.87,C5,Braço,Unilateral,Médio II,TECNOWATT,,0.36,,9.26,0.6,40.0,CEF06.120260611 - Simul_Recife_PV.xlsx,0
4.0,11.81,,2.1,2.1,0.0,5.88,2.63,42.8,1.47,C4,Braço,Bilateral alternada,,LEDSTAR,,0.36,,12.36,1.8,35.0,CEF06.120260611 - Simul_Recife_PV.xlsx,0
4.0,11.81,,2.1,2.1,0.0,5.88,2.63,42.8,1.47,C4,Braço,Bilateral alternada,,SX LIGHTING,,0.2,,13.88,0.97,39.0,CEF06.120260611 - Simul_Recife_PV.xlsx,0
4.0,11.81,,2.1,2.1,0.0,5.88,2.63,42.8,1.47,C4,Braço,Bilateral alternada,,TECNOWATT,,0.19,,14.96,1.52,40.0,CEF06.120260611 - Simul_Recife_PV.xlsx,0
1.0,,,,,0.0,12.0,0.3,38.75,1.01,P5,Suporte,Unilateral,,LEDSTAR,,,,,3.47,35.0,CEF06.120260611 - Simul_Recife_PV.xlsx,0
1.0,,,,,0.0,12.0,0.3,38.75,1.01,P5,Suporte,Unilateral,,SX LIGHTING,,,,,4.37,39.0,CEF06.120260611 - Simul_Recife_PV.xlsx,0
1.0,,,,,0.0,12.0,0.3,38.75,1.01,P5,Suporte,Unilateral,,TECNOWATT,,,,,3.91,30.0,CEF06.120260611 - Simul_Recife_PV.xlsx,0
1.0,3.65,,1.48,1.0,0.0,6.0,1.55,28.36,0.0,C5,Braço,Unilateral,,LEDSTAR,,0.37,,10.47,3.0,28.0,CEF06.120260611 - Simul_Recife_PV.xlsx,0
1.0,3.65,,1.48,1.0,0.0,6.0,1.55,28.36,0.0,C5,Braço,Unilateral,,SX LIGHTING,,0.43,,8.74,2.11,22.5,CEF06.120260611 - Simul_Recife_PV.xlsx,0
1.0,3.65,,1.48,1.0,0.0,6.0,1.55,28.36,0.0,C5,Braço,Unilateral,,TECNOWATT,,0.46,,13.11,4.22,30.0,CEF06.120260611 - Simul_Recife_PV.xlsx,0
1.0,8.49,,,,0.0,5.49,0.94,13.9,0.0,C4,Braço,Bilateral alternada,,LEDSTAR,,0.84,,23.12,,17.0,CEF06.120260611 - Simul_Recife_PV.xlsx,0
1.0,8.49,,,,0.0,5.49,0.94,13.9,0.0,C4,Braço,Bilateral alternada,,SX LIGHTING,,0.79,,30.72,,22.5,CEF06.120260611 - Simul_Recife_PV.xlsx,0
1.0,8.49,,,,0.0,5.49,0.94,13.9,0.0,C4,Braço,Bilateral alternada,,TECNOWATT,,0.81,,44.32,,30.0,CEF06.120260611 - Simul_Recife_PV.xlsx,0
1.0,6.93,,2.97,2.15,0.0,7.34,1.61,37.15,0.64,C4,Braço,Unilateral,,LEDSTAR,,0.32,,11.25,4.81,35.0,CEF06.120260611 - Simul_Recife_PV.xlsx,0
1.0,6.93,,2.97,2.15,0.0,7.34,1.61,37.15,0.64,C4,Braço,Unilateral,,SX LIGHTING,,0.38,,10.31,3.54,31.0,CEF06.120260611 - Simul_Recife_PV.xlsx,0
1.0,6.93,,2.97,2.15,0.0,7.34,1.61,37.15,0.64,C4,Braço,Unilateral,,TECNOWATT,,0.42,,10.68,5.53,30.0,CEF06.120260611 - Simul_Recife_PV.xlsx,0
1.0,6.07,,3.2,,0.0,19.3,0.5,38.49,6.58,C4,Suporte,Bilateral alternada,,LEDSTAR,,0.97,,10.25,9.3,28.0,CEF06.120260611 - Simul_Recife_PV.xlsx,0
1.0,6.07,,3.2,,0.0,19.3,0.5,38.49,6.58,C4,Suporte,Bilateral alternada,,SX LIGHTING,,0.98,,11.97,10.79,31.0,CEF06.120260611 - Simul_Recife_PV.xlsx,0
1.0,6.07,,3.2,,0.0,19.3,0.5,38.49,6.58,C4,Suporte,Bilateral alternada,,TECNOWATT,,0.96,,11.89,10.29,30.0,CEF06.120260611 - Simul_Recife_PV.xlsx,0
1.0,7.99,,2.99,1.57,0.0,4.94,0.0,14.25,3.38,C4,Suporte,Unilateral,Curto I,LEDSTAR,,0.48,,18.43,29.25,44.0,CEF06.120260611 - Simul_Recife_PV.xlsx,0
1.0,7.99,,2.99,1.57,0.0,4.94,0.0,14.25,3.38,C4,Suporte,Unilateral,Curto I,SX LIGHTING,,0.47,,23.93,39.57,50.0,CEF06.120260611 - Simul_Recife_PV.xlsx,0
1.0,7.99,,2.99,1.57,0.0,4.94,0.0,14.25,3.38,C4,Suporte,Unilateral,Curto I,TECNOWATT,,0.33,,27.8,55.78,68.0,CEF06.120260611 - Simul_Recife_PV.xlsx,0
1.0,4.08,,2.88,2.09,0.0,7.23,2.53,15.02,0.74,C4,,Bilateral alternada,,LEDSTAR,,0.97,,19.8,9.6,17.0,CEF06.120260611 - Simul_Recife_PV.xlsx,0
1.0,4.08,,2.88,2.09,0.0,7.23,2.53,15.02,0.74,C4,,Bilateral alternada,,SX LIGHTING,,0.95,,27.37,11.69,22.5,CEF06.120260611 - Simul_Recife_PV.xlsx,0
1.0,4.08,,2.88,2.09,0.0,7.23,2.53,15.02,0.74,C4,,Bilateral alternada,,TECNOWATT,,0.96,,41.14,16.69,30.0,CEF06.120260611 - Simul_Recife_PV.xlsx,0
1.0,12.08,,2.73,2.73,0.0,4.32,0.0,14.37,3.52,C4,Suporte,Bilateral frontal,Curto I,LEDSTAR,,0.77,,12.61,16.23,28.0,CEF06.120260611 - Simul_Recife_PV.xlsx,0
1.0,12.08,,2.73,2.73,0.0,4.32,0.0,14.37,3.52,C4,Suporte,Bilateral frontal,Curto I,SX LIGHTING,,0.4,,12.81,22.52,31.0,CEF06.120260611 - Simul_Recife_PV.xlsx,0
1.0,12.08,,2.73,2.73,0.0,4.32,0.0,14.37,3.52,C4,Suporte,Bilateral frontal,Curto I,TECNOWATT,,0.53,,12.58,21.05,30.0,CEF06.120260611 - Simul_Recife_PV.xlsx,0
1.0,4.84,,,,0.0,8.95,2.93,20.0,0.94,C5,,Bilateral alternada,,LEDSTAR,,0.98,,17.07,,17.0,CEF06.120260611 - Simul_Recife_PV.xlsx,0
1.0,4.84,,,,0.0,8.95,2.93,20.0,0.94,C5,,Bilateral alternada,,SX LIGHTING,,0.97,,22.39,,22.5,CEF06.120260611 - Simul_Recife_PV.xlsx,0
1.0,4.84,,,,0.0,8.95,2.93,20.0,0.94,C5,,Bilateral alternada,,TECNOWATT,,0.98,,34.42,,30.0,CEF06.120260611 - Simul_Recife_PV.xlsx,0
1.0,9.22,,1.15,2.25,0.74,10.02,2.74,31.27,0.63,C5,Braço,Unilateral,,LEDSTAR,,0.63,,7.8,5.52,17.0,CEF06.120260611 - Simul_Recife_PV.xlsx,1
1.0,9.22,,1.15,2.25,0.74,10.02,2.74,31.27,0.63,C5,Braço,Unilateral,,SX LIGHTING,,0.79,,10.49,9.23,22.5,CEF06.120260611 - Simul_Recife_PV.xlsx,1
1.0,9.22,,1.15,2.25,0.74,10.02,2.74,31.27,0.63,C5,Braço,Unilateral,,TECNOWATT,,0.79,,15.67,12.67,30.0,CEF06.120260611 - Simul_Recife_PV.xlsx,1
1.0,,,4.2,,0.0,6.51,1.42,12.31,0.0,P6,Braço,Unilateral,,LEDSTAR,,,,,16.89,17.0,CEF06.120260611 - Simul_Recife_PV.xlsx,0
1.0,,,4.2,,0.0,6.51,1.42,12.31,0.0,P6,Braço,Unilateral,,SX LIGHTING,,,,,22.49,22.5,CEF06.120260611 - Simul_Recife_PV.xlsx,0
1.0,,,4.2,,0.0,6.51,1.42,12.31,0.0,P6,Braço,Unilateral,,TECNOWATT,,,,,34.91,30.0,CEF06.120260611 - Simul_Recife_PV.xlsx,0
1.0,6.68,,2.16,1.6,0.0,7.27,3.42,34.01,0.59,C4,Braço,Unilateral,,LEDSTAR,,0.44,,11.05,4.87,35.0,CEF06.120260611 - Simul_Recife_PV.xlsx,0
1.0,6.68,,2.16,1.6,0.0,7.27,3.42,34.01,0.59,C4,Braço,Unilateral,,SX LIGHTING,,0.38,,10.09,3.61,31.0,CEF06.120260611 - Simul_Recife_PV.xlsx,0
1.0,6.68,,2.16,1.6,0.0,7.27,3.42,34.01,0.59,C4,Braço,Unilateral,,TECNOWATT,,0.56,,10.72,5.86,30.0,CEF06.120260611 - Simul_Recife_PV.xlsx,0
1.0,,,10.0,,0.0,5.34,0.5,15.53,5.78,P6,Braço,Unilateral,,LEDSTAR,,,,,11.56,17.0,CEF06.120260611 - Simul_Recife_PV.xlsx,0
1.0,,,10.0,,0.0,5.34,0.5,15.53,5.78,P6,Braço,Unilateral,,SX LIGHTING,,,,,17.31,22.5,CEF06.120260611 - Simul_Recife_PV.xlsx,0
1.0,,,10.0,,0.0,5.34,0.5,15.53,5.78,P6,Braço,Unilateral,,TECNOWATT,,,,,25.58,30.0,CEF06.120260611 - Simul_Recife_PV.xlsx,0
1.0,4.2,,1.6,1.0,0.0,7.1,1.5,24.61,0.1,C5,Braço,Unilateral,,LEDSTAR,,0.6,,11.55,5.58,28.0,CEF06.120260611 - Simul_Recife_PV.xlsx,0
1.0,4.2,,1.6,1.0,0.0,7.1,1.5,24.61,0.1,C5,Braço,Unilateral,,SX LIGHTING,,0.7,,9.2,4.7,22.5,CEF06.120260611 - Simul_Recife_PV.xlsx,0
1.0,4.2,,1.6,1.0,0.0,7.1,1.5,24.61,0.1,C5,Braço,Unilateral,,TECNOWATT,,0.7,,13.9,7.17,30.0,CEF06.120260611 - Simul_Recife_PV.xlsx,0
2.0,3.75,,2.52,2.28,0.0,7.09,1.77,39.88,0.27,C4,Braço,Unilateral,,LEDSTAR,,0.26,,11.44,3.39,52.0,CEF06.120260611 - Simul_Recife_PV.xlsx,0
2.0,3.75,,2.52,2.28,0.0,7.09,1.77,39.88,0.27,C4,Braço,Unilateral,,SX LIGHTING,,0.24,,13.48,5.41,50.0,CEF06.120260611 - Simul_Recife_PV.xlsx,0
2.0,3.75,,2.52,2.28,0.0,7.09,1.77,39.88,0.27,C4,Braço,Unilateral,,TECNOWATT,,0.18,,10.86,2.02,40.0,CEF06.120260611 - Simul_Recife_PV.xlsx,0
2.0,7.46,,2.22,2.73,0.0,7.25,1.5,15.74,0.3,C5,Braço,Unilateral,,LEDSTAR,,0.75,,8.96,5.86,17.0,CEF06.120260611 - Simul_Recife_PV.xlsx,0
2.0,7.46,,2.22,2.73,0.0,7.25,1.5,15.74,0.3,C5,Braço,Unilateral,,SX LIGHTING,,0.77,,12.44,7.72,22.5,CEF06.120260611 - Simul_Recife_PV.xlsx,0
2.0,7.46,,2.22,2.73,0.0,7.25,1.5,15.74,0.3,C5,Braço,Unilateral,,TECNOWATT,,0.68,,18.22,10.85,30.0,CEF06.120260611 - Simul_Recife_PV.xlsx,0
2.0,3.75,,2.52,2.28,0.0,6.22,2.0,24.08,0.36,C4,Braço,Unilateral,,LEDSTAR,,0.49,,11.88,6.18,28.0,CEF06.120260611 - Simul_Recife_PV.xlsx,0
2.0,3.75,,2.52,2.28,0.0,6.22,2.0,24.08,0.36,C4,Braço,Unilateral,,SX LIGHTING,,0.64,,14.59,11.44,31.0,CEF06.120260611 - Simul_Recife_PV.xlsx,0
2.0,3.75,,2.52,2.28,0.0,6.22,2.0,24.08,0.36,C4,Braço,Unilateral,,TECNOWATT,,0.62,,14.86,10.31,30.0,CEF06.120260611 - Simul_Recife_PV.xlsx,0
2.0,7.27,,2.2,2.76,0.0,5.41,2.17,29.15,0.88,C3,Braço,Unilateral,,LEDSTAR,,0.32,,15.4,2.58,44.0,CEF06.120260611 - Simul_Recife_PV.xlsx,0
2.0,7.27,,2.2,2.76,0.0,5.41,2.17,29.15,0.88,C3,Braço,Unilateral,,SX LIGHTING,,0.34,,21.34,2.9,50.0,CEF06.120260611 - Simul_Recife_PV.xlsx,0
2.0,7.27,,2.2,2.76,0.0,5.41,2.17,29.15,0.88,C3,Braço,Unilateral,,TECNOWATT,,0.27,,15.89,1.07,40.0,CEF06.120260611 - Simul_Recife_PV.xlsx,0
2.0,5.8,,2.94,2.18,0.0,6.1,2.2,32.2,0.25,C4,Braço,Unilateral,,LEDSTAR,,0.26,,11.32,2.83,35.0,CEF06.120260611 - Simul_Recife_PV.xlsx,0
2.0,5.8,,2.94,2.18,0.0,6.1,2.2,32.2,0.25,C4,Braço,Unilateral,,SX LIGHTING,,0.18,,10.91,2.63,31.0,CEF06.120260611 - Simul_Recife_PV.xlsx,0
2.0,5.8,,2.94,2.18,0.0,6.1,2.2,32.2,0.25,C4,Braço,Unilateral,,TECNOWATT,,0.32,,10.96,3.32,30.0,CEF06.120260611 - Simul_Recife_PV.xlsx,0
1.0,4.6,,,,0.0,6.06,1.62,27.89,0.0,C4,Braço,Unilateral,,LEDSTAR,,0.38,,10.54,,28.0,CEF06.120260611 - Simul_Recife_PV.xlsx,0
1.0,4.6,,,,0.0,6.06,1.62,27.89,0.0,C4,Braço,Unilateral,,SX LIGHTING,,0.43,,13.01,,31.0,CEF06.120260611 - Simul_Recife_PV.xlsx,0
1.0,4.6,,,,0.0,6.06,1.62,27.89,0.0,C4,Braço,Unilateral,,TECNOWATT,,0.49,,13.19,,30.0,CEF06.120260611 - Simul_Recife_PV.xlsx,0
1.0,6.6,1.8,3.0,,0.0,6.14,2.0,18.45,1.47,C4,Braço,Unilateral,,LEDSTAR,,0.63,,15.62,8.23,28.0,CEF06.120260611 - Simul_Recife_PV.xlsx,0
1.0,6.6,1.8,3.0,,0.0,6.14,2.0,18.45,1.47,C4,Braço,Unilateral,,SX LIGHTING,,0.74,,12.43,6.16,22.5,CEF06.120260611 - Simul_Recife_PV.xlsx,0
1.0,6.6,1.8,3.0,,0.0,6.14,2.0,18.45,1.47,C4,Braço,Unilateral,,TECNOWATT,,0.68,,18.17,9.36,30.0,CEF06.120260611 - Simul_Recife_PV.xlsx,0
4.0,8.29,7.78,1.18,2.31,0.93,8.01,3.6,21.6,0.37,C2,Braço,Bilateral frontal,,LEDSTAR,,0.52,,22.26,9.46,52.0,CEF06.120260611 - Simul_Recife_PV.xlsx,0
4.0,8.29,7.78,1.18,2.31,0.93,8.01,3.6,21.6,0.37,C2,Braço,Bilateral frontal,,SX LIGHTING,,0.58,,25.31,10.24,50.0,CEF06.120260611 - Simul_Recife_PV.xlsx,0
4.0,8.29,7.78,1.18,2.31,0.93,8.01,3.6,21.6,0.37,C2,Braço,Bilateral frontal,,TECNOWATT,,0.61,,22.3,9.86,50.0,CEF06.120260611 - Simul_Recife_PV.xlsx,0
1.0,7.44,,2.96,2.0,0.0,5.5,3.44,20.3,1.35,C4,Braço,Unilateral,,LEDSTAR,,0.56,,14.64,3.82,28.0,CEF06.120260611 - Simul_Recife_PV.xlsx,0
1.0,7.44,,2.96,2.0,0.0,5.5,3.44,20.3,1.35,C4,Braço,Unilateral,,SX LIGHTING,,0.7,,12.28,2.27,31.0,CEF06.120260611 - Simul_Recife_PV.xlsx,0
1.0,7.44,,2.96,2.0,0.0,5.5,3.44,20.3,1.35,C4,Braço,Unilateral,,TECNOWATT,,0.72,,17.71,4.69,30.0,CEF06.120260611 - Simul_Recife_PV.xlsx,0
3.0,9.09,,4.14,1.76,0.0,6.26,3.2,19.04,0.4,C1,Braço,Unilateral,,LEDSTAR,,0.52,,31.19,7.59,65.0,CEF06.120260611 - Simul_Recife_PV.xlsx,0
3.0,9.09,,4.14,1.76,0.0,6.26,3.2,19.04,0.4,C1,Braço,Unilateral,,SX LIGHTING,,0.62,,30.35,4.21,60.0,CEF06.120260611 - Simul_Recife_PV.xlsx,0
3.0,9.09,,4.14,1.76,0.0,6.26,3.2,19.04,0.4,C1,Braço,Unilateral,,TECNOWATT,,0.52,,30.62,6.6,60.0,CEF06.120260611 - Simul_Recife_PV.xlsx,0
3.0,10.8,,3.75,2.39,0.0,8.97,3.42,29.1,0.33,C1,Braço,Unilateral,,LEDSTAR,,0.54,,33.6,8.28,140.0,CEF06.120260611 - Simul_Recife_PV.xlsx,0
3.0,10.8,,3.75,2.39,0.0,8.97,3.42,29.1,0.33,C1,Braço,Unilateral,,SX LIGHTING,,0.55,,34.21,15.88,137.0,CEF06.120260611 - Simul_Recife_PV.xlsx,0
3.0,10.8,,3.75,2.39,0.0,8.97,3.42,29.1,0.33,C1,Braço,Unilateral,,TECNOWATT,,0.66,,33.98,12.75,150.0,CEF06.120260611 - Simul_Recife_PV.xlsx,0
1.0,5.6,,2.58,1.62,0.0,7.1,1.47,24.24,1.3,C4,Braço,Unilateral,,LEDSTAR,,0.61,,10.12,5.16,28.0,CEF06.120260611 - Simul_Recife_PV.xlsx,0
1.0,5.6,,2.58,1.62,0.0,7.1,1.47,24.24,1.3,C4,Braço,Unilateral,,SX LIGHTING,,0.81,,12.62,7.58,31.0,CEF06.120260611 - Simul_Recife_PV.xlsx,0
1.0,5.6,,2.58,1.62,0.0,7.1,1.47,24.24,1.3,C4,Braço,Unilateral,,TECNOWATT,,0.76,,12.53,7.43,30.0,CEF06.120260611 - Simul_Recife_PV.xlsx,0
1.0,5.5,,,,0.0,5.55,1.0,35.0,0.0,C5,Braço,Unilateral,,LEDSTAR,,0.23,,8.87,,28.0,CEF06.120260611 - Simul_Recife_PV.xlsx,0
1.0,5.5,,,,0.0,5.55,1.0,35.0,0.0,C5,Braço,Unilateral,,SX LIGHTING,,0.2,,12.97,,39.0,CEF06.120260611 - Simul_Recife_PV.xlsx,0
1.0,5.5,,,,0.0,5.55,1.0,35.0,0.0,C5,Braço,Unilateral,Curto I,TECNOWATT,,0.35,,9.68,,30.0,CEF06.120260611 - Simul_Recife_PV.xlsx,0
2.0,9.05,,3.7,4.01,0.0,7.74,2.5,37.5,0.465,C3,Braço,Unilateral,,LEDSTAR,,0.31,,15.1,1.88,72.0,CEF06.120260611 - Simul_Recife_PV.xlsx,0
2.0,9.05,,3.7,4.01,0.0,7.74,2.5,37.5,0.465,C3,Braço,Unilateral,,SX LIGHTING,,0.37,,17.52,2.58,70.0,CEF06.120260611 - Simul_Recife_PV.xlsx,0
2.0,9.05,,3.7,4.01,0.0,7.74,2.5,37.5,0.465,C3,Braço,Unilateral,,TECNOWATT,,0.28,,19.47,1.38,90.0,CEF06.120260611 - Simul_Recife_PV.xlsx,0
2.0,5.99,,0.97,,0.0,6.0,1.8,29.45,0.23,C4,Braço,Unilateral,,LEDSTAR,,0.35,,12.56,3.5,35.0,CEF06.120260611 - Simul_Recife_PV.xlsx,0
2.0,5.99,,0.97,,0.0,6.0,1.8,29.45,0.23,C4,Braço,Unilateral,,SX LIGHTING,,0.34,,12.11,2.4,31.0,CEF06.120260611 - Simul_Recife_PV.xlsx,0
2.0,5.99,,0.97,,0.0,6.0,1.8,29.45,0.23,C4,Braço,Unilateral,,TECNOWATT,,0.43,,12.08,4.08,30.0,CEF06.120260611 - Simul_Recife_PV.xlsx,0
1.0,,,2.4,,0.0,5.91,1.0,26.4,0.54,P6,Braço,Unilateral,,LEDSTAR,,,,,3.09,17.0,CEF06.120260611 - Simul_Recife_PV.xlsx,0
1.0,,,2.4,,0.0,5.91,1.0,26.4,0.54,P6,Braço,Unilateral,,SX LIGHTING,,,,,5.4,22.5,CEF06.120260611 - Simul_Recife_PV.xlsx,0
1.0,,,2.4,,0.0,5.91,1.0,26.4,0.54,P6,Braço,Unilateral,,TECNOWATT,,,,,8.03,30.0,CEF06.120260611 - Simul_Recife_PV.xlsx,0
2.0,6.08,,2.12,1.51,0.0,6.0,1.93,25.39,0.6,C4,Braço,Unilateral,,LEDSTAR,,0.45,,11.28,3.8,28.0,CEF06.120260611 - Simul_Recife_PV.xlsx,0
2.0,6.08,,2.12,1.51,0.0,6.0,1.93,25.39,0.6,C4,Braço,Unilateral,,SX LIGHTING,,0.55,,14.05,3.67,31.0,CEF06.120260611 - Simul_Recife_PV.xlsx,0
2.0,6.08,,2.12,1.51,0.0,6.0,1.93,25.39,0.6,C4,Braço,Unilateral,,TECNOWATT,,0.59,,13.9,5.3,30.0,CEF06.120260611 - Simul_Recife_PV.xlsx,0
1.0,,,1.5,,0.0,5.84,1.05,16.5,0.69,P6,Braço,Unilateral,,LEDSTAR,,,,,8.0,17.0,CEF06.120260611 - Simul_Recife_PV.xlsx,0
1.0,,,1.5,,0.0,5.84,1.05,16.5,0.69,P6,Braço,Unilateral,,SX LIGHTING,,,,,13.03,22.5,CEF06.120260611 - Simul_Recife_PV.xlsx,0
1.0,,,1.5,,0.0,5.84,1.05,16.5,0.69,P6,Braço,Unilateral,,TECNOWATT,,,,,18.96,30.0,CEF06.120260611 - Simul_Recife_PV.xlsx,0
1.0,3.75,,,,0.0,6.69,2.12,26.75,0.33,C5,Braço,Unilateral,,LEDSTAR,,0.46,,9.9,,28.0,CEF06.120260611 - Simul_Recife_PV.xlsx,0
1.0,3.75,,,,0.0,6.69,2.12,26.75,0.33,C5,Braço,Unilateral,,SX LIGHTING,,0.61,,8.24,,22.5,CEF06.120260611 - Simul_Recife_PV.xlsx,0
1.0,3.75,,,,0.0,6.69,2.12,26.75,0.33,C5,Braço,Unilateral,,TECNOWATT,,0.59,,12.36,,30.0,CEF06.120260611 - Simul_Recife_PV.xlsx,0
1.0,6.93,,,,0.0,7.19,2.16,29.51,0.0,C5,Braço,Unilateral,,LEDSTAR,,0.46,,8.24,,28.0,CEF06.120260611 - Simul_Recife_PV.xlsx,0
1.0,6.93,,,,0.0,7.19,2.16,29.51,0.0,C5,Braço,Unilateral,,SX LIGHTING,,0.59,,10.24,,31.0,CEF06.120260611 - Simul_Recife_PV.xlsx,0
1.0,6.93,,,,0.0,7.19,2.16,29.51,0.0,C5,Braço,Unilateral,,TECNOWATT,,0.6,,10.21,,30.0,CEF06.120260611 - Simul_Recife_PV.xlsx,0
1.0,3.97,,,,0.0,6.18,2.12,33.34,1.78,C5,Braço,Unilateral,,LEDSTAR,,0.31,,8.78,,28.0,CEF06.120260611 - Simul_Recife_PV.xlsx,0
1.0,3.97,,,,0.0,6.18,2.12,33.34,1.78,C5,Braço,Unilateral,,SX LIGHTING,,0.3,,10.92,,31.0,CEF06.120260611 - Simul_Recife_PV.xlsx,0
1.0,3.97,,,,0.0,6.18,2.12,33.34,1.78,C5,Braço,Unilateral,,TECNOWATT,,0.35,,11.03,,30.0,CEF06.120260611 - Simul_Recife_PV.xlsx,0
1.0,2.26,,,,0.0,6.24,2.26,23.71,0.0,C5,Braço,Unilateral,,LEDSTAR,,0.51,,10.76,,28.0,CEF06.120260611 - Simul_Recife_PV.xlsx,0
1.0,2.26,,,,0.0,6.24,2.26,23.71,0.0,C5,Braço,Unilateral,,SX LIGHTING,,0.61,,8.95,,22.5,CEF06.120260611 - Simul_Recife_PV.xlsx,0
1.0,2.26,,,,0.0,6.24,2.26,23.71,0.0,C5,Braço,Unilateral,,TECNOWATT,,0.64,,12.99,,30.0,CEF06.120260611 - Simul_Recife_PV.xlsx,0
1.0,6.04,,1.86,2.13,0.0,7.55,2.0,34.6,0.31,C3,Braço,Unilateral,,LEDSTAR,,0.46,,16.06,6.37,65.0,CEF06.120260611 - Simul_Recife_PV.xlsx,0
1.0,6.04,,1.86,2.13,0.0,7.55,2.0,34.6,0.31,C3,Braço,Unilateral,Longo I,SX LIGHTING,,0.47,,19.7,8.03,70.0,CEF06.120260611 - Simul_Recife_PV.xlsx,0
1.0,6.04,,1.86,2.13,0.0,7.55,2.0,34.6,0.31,C3,Braço,Unilateral,,TECNOWATT,,0.49,,16.63,5.56,60.0,CEF06.120260611 - Simul_Recife_PV.xlsx,0
1.0,,,2.2,,0.0,5.29,1.19,14.589,-0.28,P6,Braço,Unilateral,,LEDSTAR,,,,,9.21,17.0,CEF06.120260611 - Simul_Recife_PV.xlsx,0
1.0,,,2.2,,0.0,5.29,1.19,14.589,-0.28,P6,Braço,Unilateral,,SX LIGHTING,,,,,14.5,22.5,CEF06.120260611 - Simul_Recife_PV.xlsx,0
1.0,,,2.2,,0.0,5.29,1.19,14.589,-0.28,P6,Braço,Unilateral,,TECNOWATT,,,,,20.28,30.0,CEF06.120260611 - Simul_Recife_PV.xlsx,0
1.0,5.2,,1.4,1.33,0.0,7.3,1.95,33.0,0.5,C5,Braço,Unilateral,,LEDSTAR,,0.42,,9.56,3.1,35.0,CEF06.120260611 - Simul_Recife_PV.xlsx,0
1.0,5.2,,1.4,1.33,0.0,7.3,1.95,33.0,0.5,C5,Braço,Unilateral,,SX LIGHTING,,0.47,,9.28,2.54,31.0,CEF06.120260611 - Simul_Recife_PV.xlsx,0
1.0,5.2,,1.4,1.33,0.0,7.3,1.95,33.0,0.5,C5,Braço,Unilateral,,TECNOWATT,,0.53,,9.39,3.74,30.0,CEF06.120260611 - Simul_Recife_PV.xlsx,0
1.0,3.53,,,,0.0,6.88,1.9,26.68,0.18,C5,Braço,Unilateral,,LEDSTAR,,0.49,,9.67,,28.0,CEF06.120260611 - Simul_Recife_PV.xlsx,0
1.0,3.53,,,,0.0,6.88,1.9,26.68,0.18,C5,Braço,Unilateral,,SX LIGHTING,,0.63,,8.05,,22.5,CEF06.120260611 - Simul_Recife_PV.xlsx,0
1.0,3.53,,,,0.0,6.88,1.9,26.68,0.18,C5,Braço,Unilateral,,TECNOWATT,,0.62,,12.08,,30.0,CEF06.120260611 - Simul_Recife_PV.xlsx,0
1.0,,,2.88,,0.0,6.84,1.84,26.53,1.3,P5,Braço,Unilateral,,LEDSTAR,,,,,3.17,17.0,CEF06.120260611 - Simul_Recife_PV.xlsx,0
1.0,,,2.88,,0.0,6.84,1.84,26.53,1.3,P5,Braço,Unilateral,,SX LIGHTING,,,,,5.45,22.5,CEF06.120260611 - Simul_Recife_PV.xlsx,0
1.0,,,2.88,,0.0,6.84,1.84,26.53,1.3,P5,Braço,Unilateral,,TECNOWATT,,,,,8.49,30.0,CEF06.120260611 - Simul_Recife_PV.xlsx,0
1.0,5.75,,0.67,1.67,0.0,7.08,2.17,17.27,0.58,C4,Braço,Unilateral,,LEDSTAR,,0.77,,14.58,9.7,28.0,CEF06.120260611 - Simul_Recife_PV.xlsx,0
1.0,5.75,,0.67,1.67,0.0,7.08,2.17,17.27,0.58,C4,Braço,Unilateral,,SX LIGHTING,,0.84,,12.19,8.46,22.5,CEF06.120260611 - Simul_Recife_PV.xlsx,0
1.0,5.75,,0.67,1.67,0.0,7.08,2.17,17.27,0.58,C4,Braço,Unilateral,,TECNOWATT,,0.8,,18.24,11.83,30.0,CEF06.120260611 - Simul_Recife_PV.xlsx,0
1.0,7.34,,2.37,2.49,0.0,6.68,2.2,39.43,1.26,C4,Braço,Unilateral,,LEDSTAR,,0.28,,11.37,2.19,52.0,CEF06.120260611 - Simul_Recife_PV.xlsx,0
1.0,7.34,,2.37,2.49,0.0,6.68,2.2,39.43,1.26,C4,Braço,Unilateral,,SX LIGHTING,,0.27,,13.48,1.22,50.0,CEF06.120260611 - Simul_Recife_PV.xlsx,0
1.0,7.34,,2.37,2.49,0.0,6.68,2.2,39.43,1.26,C4,Braço,Unilateral,Médio I,TECNOWATT,,0.21,,11.77,2.08,50.0,CEF06.120260611 - Simul_Recife_PV.xlsx,0
1.0,11.9,,2.76,3.31,0.0,7.36,2.39,29.99,2.45,C5,Braço,Unilateral,,LEDSTAR,,0.46,,10.33,5.37,52.0,CEF06.120260611 - Simul_Recife_PV.xlsx,0
1.0,11.9,,2.76,3.31,0.0,7.36,2.39,29.99,2.45,C5,Braço,Unilateral,,SX LIGHTING,,0.58,,12.17,5.6,50.0,CEF06.120260611 - Simul_Recife_PV.xlsx,0
1.0,11.9,,2.76,3.31,0.0,7.36,2.39,29.99,2.45,C5,Braço,Unilateral,Longo I,TECNOWATT,,0.48,,12.72,8.19,60.0,CEF06.120260611 - Simul_Recife_PV.xlsx,0
1.0,6.33,,2.04,1.74,0.0,7.24,2.24,26.42,0.24,C5,Braço,Unilateral,,LEDSTAR,,0.56,,8.94,4.5,28.0,CEF06.120260611 - Simul_Recife_PV.xlsx,0
1.0,6.33,,2.04,1.74,0.0,7.24,2.24,26.42,0.24,C5,Braço,Unilateral,,SX LIGHTING,,0.78,,11.11,7.14,31.0,CEF06.120260611 - Simul_Recife_PV.xlsx,0
1.0,6.33,,2.04,1.74,0.0,7.24,2.24,26.42,0.24,C5,Braço,Unilateral,,TECNOWATT,,0.72,,10.98,6.89,30.0,CEF06.120260611 - Simul_Recife_PV.xlsx,0
1.0,7.81,,1.88,1.88,0.0,6.52,2.38,39.65,0.76,C5,Suporte,Unilateral,,LEDSTAR,,0.21,,8.3,0.96,35.0,CEF06.120260611 - Simul_Recife_PV.xlsx,0
1.0,7.81,,1.88,1.88,0.0,6.52,2.38,39.65,0.76,C5,Suporte,Unilateral,,SX LIGHTING,,0.23,,9.43,0.96,39.0,CEF06.120260611 - Simul_Recife_PV.xlsx,0
1.0,7.81,,1.88,1.88,0.0,6.52,2.38,39.65,0.76,C5,Suporte,Unilateral,,TECNOWATT,,0.21,,7.84,1.05,30.0,CEF06.120260611 - Simul_Recife_PV.xlsx,0
1.0,5.4,,3.1,3.8,0.0,7.14,1.58,15.56,0.54,C4,Braço,Unilateral,,LEDSTAR,,0.83,,16.14,8.81,28.0,CEF06.120260611 - Simul_Recife_PV.xlsx,0
1.0,5.4,,3.1,3.8,0.0,7.14,1.58,15.56,0.54,C4,Braço,Unilateral,,SX LIGHTING,,0.87,,13.5,6.66,22.5,CEF06.120260611 - Simul_Recife_PV.xlsx,0
1.0,5.4,,3.1,3.8,0.0,7.14,1.58,15.56,0.54,C4,Braço,Unilateral,,TECNOWATT,,0.85,,20.26,9.6,30.0,CEF06.120260611 - Simul_Recife_PV.xlsx,0
1.0,,,1.58,,0.0,5.88,1.07,16.0,0.0,P6,Braço,Unilateral,,LEDSTAR,,,,,7.98,17.0,CEF06.120260611 - Simul_Recife_PV.xlsx,0
1.0,,,1.58,,0.0,5.88,1.07,16.0,0.0,P6,Braço,Unilateral,,SX LIGHTING,,,,,12.83,22.5,CEF06.120260611 - Simul_Recife_PV.xlsx,0
1.0,,,1.58,,0.0,5.88,1.07,16.0,0.0,P6,Braço,Unilateral,,TECNOWATT,,,,,18.04,30.0,CEF06.120260611 - Simul_Recife_PV.xlsx,0
1.0,6.206,,2.38,1.671,0.0,6.67,1.84,35.18,0.0,C3,Braço,Unilateral,,LEDSTAR,16.03,0.41,0.41,16.03,2.49,65.0,CEF06.120260611 - Simul_Recife_PV.xlsx,0
1.0,6.206,,2.38,1.671,0.0,6.67,1.84,35.18,0.0,C3,Braço,Unilateral,,SX LIGHTING,15.63,0.21,0.21,15.63,0.6,60.0,CEF06.120260611 - Simul_Recife_PV.xlsx,0
1.0,6.206,,2.38,1.671,0.0,6.67,1.84,35.18,0.0,C3,Braço,Unilateral,,TECNOWATT,16.61,0.26,0.26,16.61,1.28,60.0,CEF06.120260611 - Simul_Recife_PV.xlsx,0
1.0,5.6,,,,0.0,7.63,2.31,41.25,0.88,C5,Braço,Unilateral,,LEDSTAR,,0.3,,8.77,,44.0,CEF06.120260611 - Simul_Recife_PV.xlsx,0
1.0,5.6,,,,0.0,7.63,2.31,41.25,0.88,C5,Braço,Unilateral,,SX LIGHTING,,0.34,,8.34,,39.0,CEF06.120260611 - Simul_Recife_PV.xlsx,0
1.0,5.6,,,,0.0,7.63,2.31,41.25,0.88,C5,Braço,Unilateral,,TECNOWATT,,0.24,,9.73,,40.0,CEF06.120260611 - Simul_Recife_PV.xlsx,0
1.0,5.48,,,,0.0,6.57,1.91,22.98,0.27,C5,Braço,Unilateral,,LEDSTAR,,0.56,,11.77,,28.0,CEF06.120260611 - Simul_Recife_PV.xlsx,0
1.0,5.48,,,,0.0,6.57,1.91,22.98,0.27,C5,Braço,Unilateral,,SX LIGHTING,,0.7,,9.83,,22.5,CEF06.120260611 - Simul_Recife_PV.xlsx,0
1.0,5.48,,,,0.0,6.57,1.91,22.98,0.27,C5,Braço,Unilateral,,TECNOWATT,,0.7,,14.7,,30.0,CEF06.120260611 - Simul_Recife_PV.xlsx,0
2.0,10.8,,6.0,3.0,0.0,20.35,2.13,60.0,3.12,C2,Suporte,Unilateral,,LEDSTAR,,0.56,,20.52,9.87,105.0,CEF06.120260611 - Simul_Recife_PV.xlsx,0
2.0,10.8,,6.0,3.0,0.0,20.35,2.13,60.0,3.12,C2,Suporte,Unilateral,,SX LIGHTING,,0.57,,21.77,10.68,100.0,CEF06.120260611 - Simul_Recife_PV.xlsx,0
2.0,10.8,,6.0,3.0,0.0,20.35,2.13,60.0,3.12,C2,Suporte,Unilateral,,TECNOWATT,,0.59,,22.22,11.41,120.0,CEF06.120260611 - Simul_Recife_PV.xlsx,0
3.0,9.1,9.0,3.2,3.3,1.4,9.9,2.8,42.0,0.6,C2,Braço,Canteiro central,,LEDSTAR,,0.68,,20.47,10.03,52.0,CEF06.120260611 - Simul_Recife_PV.xlsx,1
3.0,9.1,9.0,3.2,3.3,1.4,9.9,2.8,42.0,0.6,C2,Braço,Canteiro central,,SX LIGHTING,,0.71,,23.0,11.27,50.0,CEF06.120260611 - Simul_Recife_PV.xlsx,1
3.0,9.1,9.0,3.2,3.3,1.4,9.9,2.8,42.0,0.6,C2,Braço,Canteiro central,,TECNOWATT,,0.63,,22.02,7.59,50.0,CEF06.120260611 - Simul_Recife_PV.xlsx,1
1.0,5.5,,,,0.0,12.0,2.5,40.0,0.0,C3,Braço,Unilateral,,LEDSTAR,,0.58,,16.88,,120.0,CEF06.120260611 - Simul_Recife_PV.xlsx,0
1.0,5.5,,,,0.0,12.0,2.5,40.0,0.0,C3,Braço,Unilateral,,SX LIGHTING,,0.65,,16.76,,100.0,CEF06.120260611 - Simul_Recife_PV.xlsx,0
1.0,5.5,,,,0.0,12.0,2.5,40.0,0.0,C3,Braço,Unilateral,,TECNOWATT,,0.64,,17.75,,120.0,CEF06.120260611 - Simul_Recife_PV.xlsx,0
2.0,7.2,,2.38,2.44,0.0,6.45,2.3,37.5,0.7,C4,Braço,Unilateral,,LEDSTAR,,0.26,,10.69,1.94,44.0,CEF06.120260611 - Simul_Recife_PV.xlsx,0
2.0,7.2,,2.38,2.44,0.0,6.45,2.3,37.5,0.7,C4,Braço,Unilateral,,SX LIGHTING,,0.23,,10.18,,39.0,CEF06.120260611 - Simul_Recife_PV.xlsx,0
2.0,7.2,,2.38,2.44,0.0,6.45,2.3,37.5,0.7,C4,Braço,Unilateral,,TECNOWATT,,0.28,,21.26,,80.0,CEF06.120260611 - Simul_Recife_PV.xlsx,0
1.0,5.25,,2.6,2.0,0.0,6.7,2.5,18.0,0.17,C5,Braço,Unilateral,,LEDSTAR,,0.68,,14.48,5.7,28.0,CEF06.120260611 - Simul_Recife_PV.xlsx,0
1.0,5.25,,2.6,2.0,0.0,6.7,2.5,18.0,0.17,C5,Braço,Unilateral,,SX LIGHTING,,0.77,,12.01,3.91,22.5,CEF06.120260611 - Simul_Recife_PV.xlsx,0
1.0,5.25,,2.6,2.0,0.0,6.7,2.5,18.0,0.17,C5,Braço,Unilateral,,TECNOWATT,,0.72,,18.03,6.59,30.0,CEF06.120260611 - Simul_Recife_PV.xlsx,0
1.0,10.52,,2.45,,0.0,5.5,0.68,18.0,0.7,C4,Suporte,Canteiro central,,LEDSTAR,,0.36,,11.46,8.06,28.0,CEF06.120260611 - Simul_Recife_PV.xlsx,0
1.0,10.52,,2.45,,0.0,5.5,0.68,18.0,0.7,C4,Suporte,Canteiro central,,SX LIGHTING,,0.23,,13.74,9.28,31.0,CEF06.120260611 - Simul_Recife_PV.xlsx,0
1.0,10.52,,2.45,,0.0,5.5,0.68,18.0,0.7,C4,Suporte,Canteiro central,,TECNOWATT,,0.27,,13.45,10.38,30.0,CEF06.120260611 - Simul_Recife_PV.xlsx,0
2.0,7.02,6.83,,2.19,0.7,12.0,3.4,40.0,0.2,C4,Braço,Canteiro central,,LEDSTAR,,0.64,,17.55,,85.0,CEF06.120260611 - Simul_Recife_PV.xlsx,0
2.0,7.02,6.83,,2.19,0.7,12.0,3.4,40.0,0.2,C4,Braço,Canteiro central,,SX LIGHTING,,0.62,,17.47,,70.0,CEF06.120260611 - Simul_Recife_PV.xlsx,0
2.0,7.02,6.83,,2.19,0.7,12.0,3.4,40.0,0.2,C4,Braço,Canteiro central,,TECNOWATT,,0.76,,16.37,,90.0,CEF06.120260611 - Simul_Recife_PV.xlsx,0
2.0,9.0,,1.7,1.6,0.0,7.18,2.58,24.7,0.16,C3,Braço,Unilateral,,LEDSTAR,,0.58,,16.75,7.46,52.0,CEF06.120260611 - Simul_Recife_PV.xlsx,0
2.0,9.0,,1.7,1.6,0.0,7.18,2.58,24.7,0.16,C3,Braço,Unilateral,,SX LIGHTING,,0.68,,19.8,7.99,50.0,CEF06.120260611 - Simul_Recife_PV.xlsx,0
2.0,9.0,,1.7,1.6,0.0,7.18,2.58,24.7,0.16,C3,Braço,Unilateral,,TECNOWATT,,0.62,,15.1,6.84,40.0,CEF06.120260611 - Simul_Recife_PV.xlsx,0
2.0,7.0,,2.7,2.5,0.0,6.7,1.5,14.6,1.5,C4,Braço,Unilateral,,LEDSTAR,,0.66,,16.25,12.47,28.0,CEF06.120260611 - Simul_Recife_PV.xlsx,0
2.0,7.0,,2.7,2.5,0.0,6.7,1.5,14.6,1.5,C4,Braço,Unilateral,,SX LIGHTING,,0.66,,13.5,10.27,22.5,CEF06.120260611 - Simul_Recife_PV.xlsx,0
2.0,7.0,,2.7,2.5,0.0,6.7,1.5,14.6,1.5,C4,Braço,Unilateral,,TECNOWATT,,0.57,,19.48,14.36,30.0,CEF06.120260611 - Simul_Recife_PV.xlsx,0
1.0,5.93,,6.45,3.72,0.0,7.42,3.15,40.25,3.75,C5,Braço,Unilateral,,LEDSTAR,,0.34,,8.54,1.61,44.0,CEF06.120260611 - Simul_Recife_PV.xlsx,0
1.0,5.93,,6.45,3.72,0.0,7.42,3.15,40.25,3.75,C5,Braço,Unilateral,,SX LIGHTING,,0.47,,8.13,0.89,39.0,CEF06.120260611 - Simul_Recife_PV.xlsx,0
1.0,5.93,,6.45,3.72,0.0,7.42,3.15,40.25,3.75,C5,Braço,Unilateral,,TECNOWATT,,0.27,,9.08,1.02,40.0,CEF06.120260611 - Simul_Recife_PV.xlsx,0
1.0,7.07,,1.9,2.46,0.0,7.15,3.04,27.27,0.56,C4,Braço,Unilateral,,LEDSTAR,,0.53,,11.4,4.1,35.0,CEF06.120260611 - Simul_Recife_PV.xlsx,0
1.0,7.07,,1.9,2.46,0.0,7.15,3.04,27.27,0.56,C4,Braço,Unilateral,,SX LIGHTING,,0.66,,10.99,3.38,31.0,CEF06.120260611 - Simul_Recife_PV.xlsx,0
1.0,7.07,,1.9,2.46,0.0,7.15,3.04,27.27,0.56,C4,Braço,Unilateral,,TECNOWATT,,0.64,,11.02,4.28,30.0,CEF06.120260611 - Simul_Recife_PV.xlsx,0
3.0,7.81,,2.25,2.5,0.0,7.82,2.98,42.0,2.98,C4,Braço,Unilateral,,LEDSTAR,,0.36,,12.2,3.07,65.0,CEF06.120260611 - Simul_Recife_PV.xlsx,0
3.0,7.81,,2.25,2.5,0.0,7.82,2.98,42.0,2.98,C4,Braço,Unilateral,,SX LIGHTING,,0.21,,11.0,1.01,50.0,CEF06.120260611 - Simul_Recife_PV.xlsx,0
3.0,7.81,,2.25,2.5,0.0,7.82,2.98,42.0,2.98,C4,Braço,Unilateral,,TECNOWATT,,0.25,,10.46,1.76,50.0,CEF06.120260611 - Simul_Recife_PV.xlsx,0
2.0,7.04,7.88,1.8,2.22,3.29,8.15,2.17,39.4,1.53,C3,Braço,Canteiro central,,LEDSTAR,,0.29,,16.38,3.58,65.0,CEF06.120260611 - Simul_Recife_PV.xlsx,0
2.0,7.04,7.88,1.8,2.22,3.29,8.15,2.17,39.4,1.53,C3,Braço,Canteiro central,,SX LIGHTING,,0.34,,20.23,5.26,70.0,CEF06.120260611 - Simul_Recife_PV.xlsx,0
2.0,7.04,7.88,1.8,2.22,3.29,8.15,2.17,39.4,1.53,C3,Braço,Canteiro central,,TECNOWATT,,0.38,,15.69,4.36,60.0,CEF06.120260611 - Simul_Recife_PV.xlsx,0
1.0,7.67,,2.14,2.08,0.0,8.63,2.4,35.4,0.96,C5,Braço,Unilateral,,LEDSTAR,,0.48,,8.56,3.25,44.0,CEF06.120260611 - Simul_Recife_PV.xlsx,0
1.0,7.67,,2.14,2.08,0.0,8.63,2.4,35.4,0.96,C5,Braço,Unilateral,,SX LIGHTING,,0.61,,12.28,5.32,50.0,CEF06.120260611 - Simul_Recife_PV.xlsx,0
1.0,7.67,,2.14,2.08,0.0,8.63,2.4,35.4,0.96,C5,Braço,Unilateral,,TECNOWATT,,0.64,,11.15,4.66,50.0,CEF06.120260611 - Simul_Recife_PV.xlsx,0
1.0,9.84,,2.74,,0.0,7.0,2.02,15.0,1.0,C4,Braço,Bilateral alternada,,LEDSTAR,,0.88,,17.47,7.91,17.0,CEF06.120260611 - Simul_Recife_PV.xlsx,0
1.0,9.84,,2.74,,0.0,7.0,2.02,15.0,1.0,C4,Braço,Bilateral alternada,,SX LIGHTING,,0.85,,23.5,8.92,22.5,CEF06.120260611 - Simul_Recife_PV.xlsx,0
1.0,9.84,,2.74,,0.0,7.0,2.02,15.0,1.0,C4,Braço,Bilateral alternada,,TECNOWATT,,0.85,,33.88,13.23,30.0,CEF06.120260611 - Simul_Recife_PV.xlsx,0
4.0,11.9,,3.83,3.88,0.0,6.95,3.59,20.3,0.34,C2,Braço,Bilateral alternada,,LEDSTAR,,0.64,,21.01,3.89,28.0,CEF06.120260611 - Simul_Recife_PV.xlsx,0
4.0,11.9,,3.83,3.88,0.0,6.95,3.59,20.3,0.34,C2,Braço,Bilateral alternada,,SX LIGHTING,,0.54,,25.17,2.94,31.0,CEF06.120260611 - Simul_Recife_PV.xlsx,0
4.0,11.9,,3.83,3.88,0.0,6.95,3.59,20.3,0.34,C2,Braço,Bilateral alternada,,TECNOWATT,,0.55,,24.73,4.71,30.0,CEF06.120260611 - Simul_Recife_PV.xlsx,0
1.0,8.33,,2.39,2.51,0.0,8.33,2.74,36.88,1.9,C4,Braço,Unilateral,,LEDSTAR,,0.39,,13.03,6.12,65.0,CEF06.120260611 - Simul_Recife_PV.xlsx,0
1.0,8.33,,2.39,2.51,0.0,8.33,2.74,36.88,1.9,C4,Braço,Unilateral,,SX LIGHTING,,0.64,,11.71,4.56,50.0,CEF06.120260611 - Simul_Recife_PV.xlsx,0
1.0,8.33,,2.39,2.51,0.0,8.33,2.74,36.88,1.9,C4,Braço,Unilateral,,TECNOWATT,,0.61,,10.5,3.69,50.0,CEF06.120260611 - Simul_Recife_PV.xlsx,0
1.0,4.62,,1.61,1.61,0.0,5.98,2.26,41.3,-0.32,C4,Braço,Unilateral,Longo I,LEDSTAR,,0.42,,11.84,0.97,65.0,CEF06.120260611 - Simul_Recife_PV.xlsx,0
1.0,4.62,,1.61,1.61,0.0,5.98,2.26,41.3,-0.32,C4,Braço,Unilateral,Longo II,SX LIGHTING,,0.4,,15.25,2.25,70.0,CEF06.120260611 - Simul_Recife_PV.xlsx,0
1.0,4.62,,1.61,1.61,0.0,5.98,2.26,41.3,-0.32,C4,Braço,Unilateral,Longo I,TECNOWATT,,0.36,,15.86,1.49,80.0,CEF06.120260611 - Simul_Recife_PV.xlsx,0
2.0,6.2,,2.0,1.13,0.0,6.0,1.0,37.15,0.37,C4,Braço,Unilateral,,LEDSTAR,,0.25,,11.47,2.09,44.0,CEF06.120260611 - Simul_Recife_PV.xlsx,0
2.0,6.2,,2.0,1.13,0.0,6.0,1.0,37.15,0.37,C4,Braço,Unilateral,,SX LIGHTING,,0.22,,10.87,1.14,39.0,CEF06.120260611 - Simul_Recife_PV.xlsx,0
2.0,6.2,,2.0,1.13,0.0,6.0,1.0,37.15,0.37,C4,Braço,Unilateral,Curto I,TECNOWATT,,0.18,,13.89,2.07,50.0,CEF06.120260611 - Simul_Recife_PV.xlsx,0
2.0,5.13,,1.97,2.0,0.0,6.2,1.7,40.0,0.45,C4,Braço,Unilateral,,LEDSTAR,,0.2,,10.97,1.58,44.0,CEF06.120260611 - Simul_Recife_PV.xlsx,0
2.0,5.13,,1.97,2.0,0.0,6.2,1.7,40.0,0.45,C4,Braço,Unilateral,Curto I,SX LIGHTING,,0.18,,14.48,1.13,50.0,CEF06.120260611 - Simul_Recife_PV.xlsx,0
2.0,5.13,,1.97,2.0,0.0,6.2,1.7,40.0,0.45,C4,Braço,Unilateral,Médio I,TECNOWATT,,0.19,,13.1,1.87,50.0,CEF06.120260611 - Simul_Recife_PV.xlsx,0
1.0,4.6,,1.7,,0.0,6.49,1.6,17.5,1.08,C4,Braço,Unilateral,,LEDSTAR,,0.74,,15.8,9.8,28.0,CEF06.120260611 - Simul_Recife_PV.xlsx,0
1.0,4.6,,1.7,,0.0,6.49,1.6,17.5,1.08,C4,Braço,Unilateral,,SX LIGHTING,,0.85,,13.19,8.82,22.5,CEF06.120260611 - Simul_Recife_PV.xlsx,0
1.0,4.6,,1.7,,0.0,6.49,1.6,17.5,1.08,C4,Braço,Unilateral,,TECNOWATT,,0.83,,19.81,11.77,30.0,CEF06.120260611 - Simul_Recife_PV.xlsx,0
4.0,14.06,,2.68,2.21,0.0,4.14,0.0,9.93,2.53,C4,Suporte,Bilateral frontal,,LEDSTAR,,0.43,,30.0,57.93,17.0,CEF06.120260611 - Simul_Recife_PV.xlsx,0
4.0,14.06,,2.68,2.21,0.0,4.14,0.0,9.93,2.53,C4,Suporte,Bilateral frontal,,SX LIGHTING,,0.41,,36.88,68.82,22.5,CEF06.120260611 - Simul_Recife_PV.xlsx,0
4.0,14.06,,2.68,2.21,0.0,4.14,0.0,9.93,2.53,C4,Suporte,Bilateral frontal,,TECNOWATT,,0.47,,56.17,103.44,30.0,CEF06.120260611 - Simul_Recife_PV.xlsx,0
2.0,6.6,6.6,3.0,6.0,4.0,10.88,3.1,32.52,2.19,C3,Braço,Canteiro central,,LEDSTAR,,0.68,,17.82,9.82,35.0,CEF06.120260611 - Simul_Recife_PV.xlsx,0
2.0,6.6,6.6,3.0,6.0,4.0,10.88,3.1,32.52,2.19,C3,Braço,Canteiro central,,SX LIGHTING,,0.79,,16.31,10.49,31.0,CEF06.120260611 - Simul_Recife_PV.xlsx,0
2.0,6.6,6.6,3.0,6.0,4.0,10.88,3.1,32.52,2.19,C3,Braço,Canteiro central,,TECNOWATT,,0.77,,17.31,10.33,30.0,CEF06.120260611 - Simul_Recife_PV.xlsx,0
3.0,9.85,,0.83,1.83,0.0,8.69,2.39,34.51,1.12,C3,Braço,Bilateral frontal,,LEDSTAR,,0.5,,16.75,7.51,44.0,CEF06.120260611 - Simul_Recife_PV.xlsx,0
3.0,9.85,,0.83,1.83,0.0,8.69,2.39,34.51,1.12,C3,Braço,Bilateral frontal,,SX LIGHTING,,0.7,,15.89,9.54,39.0,CEF06.120260611 - Simul_Recife_PV.xlsx,0
3.0,9.85,,0.83,1.83,0.0,8.69,2.39,34.51,1.12,C3,Braço,Bilateral frontal,,TECNOWATT,,0.64,,17.59,9.09,40.0,CEF06.120260611 - Simul_Recife_PV.xlsx,0
3.0,8.23,,2.55,1.68,0.0,8.32,2.55,47.0,0.89,C3,Braço,Unilateral,,LEDSTAR,,0.61,,20.79,7.32,65.0,CEF06.120260611 - Simul_Recife_PV.xlsx,1
3.0,8.23,,2.55,1.68,0.0,8.32,2.55,47.0,0.89,C3,Braço,Unilateral,,SX LIGHTING,,0.69,,26.73,8.82,70.0,CEF06.120260611 - Simul_Recife_PV.xlsx,1
3.0,8.23,,2.55,1.68,0.0,8.32,2.55,47.0,0.89,C3,Braço,Unilateral,,TECNOWATT,,0.31,,19.92,2.43,120.0,CEF06.120260611 - Simul_Recife_PV.xlsx,0
5.0,15.7,,3.65,3.65,0.0,10.6,0.5,29.98,1.23,C4,Braço,Unilateral,Longo I,LEDSTAR,,0.3,,12.01,5.34,65.0,CEF06.120260611 - Simul_Recife_PV.xlsx,0
5.0,15.7,,3.65,3.65,0.0,10.6,0.5,29.98,1.23,C4,Braço,Unilateral,Longo I,SX LIGHTING,,0.3,,15.64,7.5,70.0,CEF06.120260611 - Simul_Recife_PV.xlsx,0
5.0,15.7,,3.65,3.65,0.0,10.6,0.5,29.98,1.23,C4,Braço,Unilateral,Longo II,TECNOWATT,,0.3,,17.86,5.69,100.0,CEF06.120260611 - Simul_Recife_PV.xlsx,0
3.0,8.7,,2.45,4.5,13.73,10.99,3.02,,7.72,C4,Braço,Unilateral,,LEDSTAR,,0.55,,11.34,13.13,65.0,CEF06.120260611 - Simul_Recife_PV.xlsx,0
3.0,8.7,,2.45,4.5,13.73,10.99,3.02,,7.72,C4,Braço,Unilateral,,SX LIGHTING,,0.72,,10.16,11.64,50.0,CEF06.120260611 - Simul_Recife_PV.xlsx,0
3.0,8.7,,2.45,4.5,13.73,10.99,3.02,,7.72,C4,Braço,Unilateral,,TECNOWATT,,0.6,,10.92,13.74,60.0,CEF06.120260611 - Simul_Recife_PV.xlsx,0
2.0,5.5,,1.95,2.52,0.0,5.78,2.52,24.68,0.83,C3,Braço,Unilateral,,LEDSTAR,,0.42,,18.71,3.46,44.0,CEF06.120260611 - Simul_Recife_PV.xlsx,0
2.0,5.5,,1.95,2.52,0.0,5.78,2.52,24.68,0.83,C3,Braço,Unilateral,,SX LIGHTING,,0.55,,17.83,2.29,39.0,CEF06.120260611 - Simul_Recife_PV.xlsx,0
2.0,5.5,,1.95,2.52,0.0,5.78,2.52,24.68,0.83,C3,Braço,Unilateral,,TECNOWATT,,0.53,,20.44,2.85,40.0,CEF06.120260611 - Simul_Recife_PV.xlsx,0
1.0,5.31,7.41,2.52,3.56,1.11,13.59,0.5,34.9,0.88,C4,Braço,Unilateral,Longo II,LEDSTAR,44.61,0.53,0.47,14.25,5.65,52.0,CEF06.120260611 - Simul_Recife_PV.xlsx,0
1.0,5.31,7.41,2.52,3.56,1.11,13.59,0.5,34.9,0.88,C4,Braço,Unilateral,,SX LIGHTING,41.64,0.72,0.45,10.61,6.74,50.0,CEF06.120260611 - Simul_Recife_PV.xlsx,0
1.0,5.31,7.41,2.52,3.56,1.11,13.59,0.5,34.9,0.88,C4,Braço,Unilateral,,TECNOWATT,25.57,0.81,0.52,10.91,7.37,30.0,CEF06.120260611 - Simul_Recife_PV.xlsx,0
1.0,2.94,,1.36,0.93,0.0,5.95,0.63,14.4,0.53,C4,,Unilateral,,LEDSTAR,,0.75,,21.06,16.19,17.0,CEF06.120260611 - Simul_Recife_PV.xlsx,0
1.0,2.94,,1.36,0.93,0.0,5.95,0.63,14.4,0.53,C4,,Unilateral,,SX LIGHTING,,0.79,,28.27,22.92,22.5,CEF06.120260611 - Simul_Recife_PV.xlsx,0
1.0,2.94,,1.36,0.93,0.0,5.95,0.63,14.4,0.53,C4,,Unilateral,,TECNOWATT,,0.79,,42.53,34.54,30.0,CEF06.120260611 - Simul_Recife_PV.xlsx,0
3.0,8.0,,3.0,4.0,15.0,10.77,2.67,70.0,8.33,C3,Braço,Unilateral,,LEDSTAR,,0.41,,18.23,19.08,65.0,CEF06.120260611 - Simul_Recife_PV.xlsx,1
3.0,8.0,,3.0,4.0,15.0,10.77,2.67,70.0,8.33,C3,Braço,Unilateral,,SX LIGHTING,,0.4,,21.38,26.11,70.0,CEF06.120260611 - Simul_Recife_PV.xlsx,1
3.0,8.0,,3.0,4.0,15.0,10.77,2.67,70.0,8.33,C3,Braço,Unilateral,,TECNOWATT,,0.48,,17.6,26.79,68.0,CEF06.120260611 - Simul_Recife_PV.xlsx,1
1.0,4.92,,0.86,1.8,0.0,5.74,0.74,15.13,0.76,C3,Braço,Bilateral alternada,,LEDSTAR,,0.91,,23.56,10.41,17.0,CEF06.120260611 - Simul_Recife_PV.xlsx,0
1.0,4.92,,0.86,1.8,0.0,5.74,0.74,15.13,0.76,C3,Braço,Bilateral alternada,,SX LIGHTING,,0.89,,32.62,10.93,22.5,CEF06.120260611 - Simul_Recife_PV.xlsx,0
1.0,4.92,,0.86,1.8,0.0,5.74,0.74,15.13,0.76,C3,Braço,Bilateral alternada,,TECNOWATT,,0.88,,47.83,16.85,30.0,CEF06.120260611 - Simul_Recife_PV.xlsx,0
3.0,9.11,,2.19,2.38,0.0,4.33,0.73,28.34,2.75,C3,Suporte,Bilateral frontal,,LEDSTAR,,0.32,,16.34,3.35,35.0,CEF06.120260611 - Simul_Recife_PV.xlsx,0
3.0,9.11,,2.19,2.38,0.0,4.33,0.73,28.34,2.75,C3,Suporte,Bilateral frontal,,SX LIGHTING,,0.44,,17.22,3.87,39.0,CEF06.120260611 - Simul_Recife_PV.xlsx,0
3.0,9.11,,2.19,2.38,0.0,4.33,0.73,28.34,2.75,C3,Suporte,Bilateral frontal,,TECNOWATT,,0.22,,18.05,2.5,40.0,CEF06.120260611 - Simul_Recife_PV.xlsx,0
1.0,4.85,,2.13,1.58,0.0,5.82,0.67,12.76,0.58,C3,Braço,Bilateral alternada,,LEDSTAR,,0.95,,42.14,22.42,17.0,CEF06.120260611 - Simul_Recife_PV.xlsx,0
1.0,4.85,,2.13,1.58,0.0,5.82,0.67,12.76,0.58,C3,Braço,Bilateral alternada,,SX LIGHTING,,0.95,,55.85,27.07,22.5,CEF06.120260611 - Simul_Recife_PV.xlsx,0
1.0,4.85,,2.13,1.58,0.0,5.82,0.67,12.76,0.58,C3,Braço,Bilateral alternada,,TECNOWATT,,0.93,,83.66,42.64,30.0,CEF06.120260611 - Simul_Recife_PV.xlsx,0
1.0,6.7,,3.82,3.0,0.8,10.45,1.55,21.2,0.85,C2,Braço,Unilateral,,LEDSTAR,,0.72,,21.45,6.86,44.0,CEF06.120260611 - Simul_Recife_PV.xlsx,0
1.0,6.7,,3.82,3.0,0.8,10.45,1.55,21.2,0.85,C2,Braço,Unilateral,,SX LIGHTING,,0.77,,23.91,7.96,50.0,CEF06.120260611 - Simul_Recife_PV.xlsx,0
1.0,6.7,,3.82,3.0,0.8,10.45,1.55,21.2,0.85,C2,Braço,Unilateral,,TECNOWATT,,0.77,,21.15,4.47,40.0,CEF06.120260611 - Simul_Recife_PV.xlsx,0
5.0,15.0,,3.3,3.3,0.0,4.28,0.0,13.14,4.12,C3,Suporte,Bilateral frontal,Curto I,LEDSTAR,,0.34,,15.65,24.71,35.0,CEF06.120260611 - Simul_Recife_PV.xlsx,0
5.0,15.0,,3.3,3.3,0.0,4.28,0.0,13.14,4.12,C3,Suporte,Bilateral frontal,Curto I,SX LIGHTING,,0.29,,16.58,28.35,39.0,CEF06.120260611 - Simul_Recife_PV.xlsx,0
5.0,15.0,,3.3,3.3,0.0,4.28,0.0,13.14,4.12,C3,Suporte,Bilateral frontal,Curto I,TECNOWATT,,0.33,,16.2,3.35,40.0,CEF06.120260611 - Simul_Recife_PV.xlsx,0
1.0,,,21.74,,0.0,5.07,0.39,7.91,0.0,P4,Braço,Bilateral frontal,,LEDSTAR,,,,,1.84,28.0,CEF06.120260611 - Simul_Recife_PV.xlsx,0
1.0,,,21.74,,0.0,5.07,0.39,7.91,0.0,P4,Braço,Bilateral frontal,,SX LIGHTING,,,,,7.2,22.5,CEF06.120260611 - Simul_Recife_PV.xlsx,0
1.0,,,21.74,,0.0,5.07,0.39,7.91,0.0,P4,Braço,Bilateral frontal,,TECNOWATT,,,,,3.33,30.0,CEF06.120260611 - Simul_Recife_PV.xlsx,0
3.0,9.3,,2.4,2.98,0.0,8.18,2.49,25.47,2.18,C4,Braço,Bilateral alternada,,LEDSTAR,,0.85,,11.3,8.08,17.0,CEF06.120260611 - Simul_Recife_PV.xlsx,0
3.0,9.3,,2.4,2.98,0.0,8.18,2.49,25.47,2.18,C4,Braço,Bilateral alternada,,SX LIGHTING,,0.82,,14.67,11.03,22.5,CEF06.120260611 - Simul_Recife_PV.xlsx,0
3.0,9.3,,2.4,2.98,0.0,8.18,2.49,25.47,2.18,C4,Braço,Bilateral alternada,,TECNOWATT,,0.81,,22.11,15.93,30.0,CEF06.120260611 - Simul_Recife_PV.xlsx,0
2.0,6.68,,2.58,2.64,0.0,6.84,3.18,31.8,0.3,C4,Braço,Unilateral,,LEDSTAR,,0.34,,12.01,2.75,44.0,CEF06.120260611 - Simul_Recife_PV.xlsx,0
2.0,6.68,,2.58,2.64,0.0,6.84,3.18,31.8,0.3,C4,Braço,Unilateral,,SX LIGHTING,,0.4,,11.43,1.95,39.0,CEF06.120260611 - Simul_Recife_PV.xlsx,0
2.0,6.68,,2.58,2.64,0.0,6.84,3.18,31.8,0.3,C4,Braço,Unilateral,,TECNOWATT,,0.38,,13.06,2.25,40.0,CEF06.120260611 - Simul_Recife_PV.xlsx,0
1.0,3.46,,1.63,1.74,0.0,6.84,2.26,17.7,0.5,C4,Braço,Unilateral,,LEDSTAR,,0.71,,14.59,11.42,28.0,CEF06.120260611 - Simul_Recife_PV.xlsx,0
1.0,3.46,,1.63,1.74,0.0,6.84,2.26,17.7,0.5,C4,Braço,Unilateral,,SX LIGHTING,,0.79,,12.17,10.78,22.5,CEF06.120260611 - Simul_Recife_PV.xlsx,0
1.0,3.46,,1.63,1.74,0.0,6.84,2.26,17.7,0.5,C4,Braço,Unilateral,,TECNOWATT,,0.74,,18.23,16.11,30.0,CEF06.120260611 - Simul_Recife_PV.xlsx,0
2.0,6.16,,1.83,2.0,0.0,5.55,2.28,35.0,-0.6,C4,Braço,Unilateral,,LEDSTAR,,0.22,,19.81,3.83,65.0,CEF06.120260611 - Simul_Recife_PV.xlsx,0
2.0,6.16,,1.83,2.0,0.0,5.55,2.28,35.0,-0.6,C4,Braço,Unilateral,Curto I,SX LIGHTING,,0.31,,11.19,4.28,39.0,CEF06.120260611 - Simul_Recife_PV.xlsx,0
2.0,6.16,,1.83,2.0,0.0,5.55,2.28,35.0,-0.6,C4,Braço,Unilateral,Curto I,TECNOWATT,,0.25,,12.82,2.59,40.0,CEF06.120260611 - Simul_Recife_PV.xlsx,0
1.0,3.59,,,0.0,0.0,7.5,1.9,38.0,0.0,C5,Braço,Bilateral alternada,,LEDSTAR,,0.41,,8.82,,35.0,CEF06.120260611 - Simul_Recife_PV.xlsx,0
1.0,3.59,,,0.0,0.0,7.5,1.9,38.0,0.0,C5,Braço,Bilateral alternada,,SX LIGHTING,,0.44,,8.5,,31.0,CEF06.120260611 - Simul_Recife_PV.xlsx,0
1.0,3.59,,,0.0,0.0,7.5,1.9,38.0,0.0,C5,Braço,Bilateral alternada,,TECNOWATT,,0.51,,8.64,,30.0,CEF06.120260611 - Simul_Recife_PV.xlsx,0
2.0,5.59,,2.14,2.11,0.0,5.93,2.08,39.45,0.81,C4,Braço,Unilateral,,LEDSTAR,,0.18,,11.41,2.03,44.0,CEF06.120260611 - Simul_Recife_PV.xlsx,0
2.0,5.59,,2.14,2.11,0.0,5.93,2.08,39.45,0.81,C4,Braço,Unilateral,Médio I,SX LIGHTING,,0.26,,13.65,4.95,50.0,CEF06.120260611 - Simul_Recife_PV.xlsx,0
2.0,5.59,,2.14,2.11,0.0,5.93,2.08,39.45,0.81,C4,Braço,Unilateral,Médio I,TECNOWATT,,0.19,,10.85,1.67,40.0,CEF06.120260611 - Simul_Recife_PV.xlsx,0
2.0,5.95,,2.06,2.14,0.0,5.69,2.04,27.51,1.17,C4,Braço,Unilateral,,LEDSTAR,,0.38,,10.76,2.85,28.0,CEF06.120260611 - Simul_Recife_PV.xlsx,0
2.0,5.95,,2.06,2.14,0.0,5.69,2.04,27.51,1.17,C4,Braço,Unilateral,,SX LIGHTING,,0.43,,13.33,2.95,31.0,CEF06.120260611 - Simul_Recife_PV.xlsx,0
2.0,5.95,,2.06,2.14,0.0,5.69,2.04,27.51,1.17,C4,Braço,Unilateral,,TECNOWATT,,0.51,,13.15,3.66,30.0,CEF06.120260611 - Simul_Recife_PV.xlsx,0
2.0,7.0,,,1.5,0.0,7.0,2.2,29.0,0.0,C3,Braço,Unilateral,,LEDSTAR,,0.54,,18.25,,65.0,CEF06.120260611 - Simul_Recife_PV.xlsx,0
2.0,7.0,,,1.5,0.0,7.0,2.2,29.0,0.0,C3,Braço,Unilateral,,SX LIGHTING,,0.44,,16.41,,50.0,CEF06.120260611 - Simul_Recife_PV.xlsx,0
2.0,7.0,,,1.5,0.0,7.0,2.2,29.0,0.0,C3,Braço,Unilateral,,TECNOWATT,,0.52,,15.86,,50.0,CEF06.120260611 - Simul_Recife_PV.xlsx,0
2.0,6.76,,1.38,1.46,0.0,5.5,1.97,26.5,0.71,C4,Braço,Unilateral,,LEDSTAR,,0.32,,9.99,2.19,28.0,CEF06.120260611 - Simul_Recife_PV.xlsx,0
2.0,6.76,,1.38,1.46,0.0,5.5,1.97,26.5,0.71,C4,Braço,Unilateral,,SX LIGHTING,,0.41,,13.77,3.09,31.0,CEF06.120260611 - Simul_Recife_PV.xlsx,0
2.0,6.76,,1.38,1.46,0.0,5.5,1.97,26.5,0.71,C4,Braço,Unilateral,,TECNOWATT,,0.5,,13.52,3.79,30.0,CEF06.120260611 - Simul_Recife_PV.xlsx,0
2.0,6.5,,2.59,1.96,0.0,6.44,2.06,26.0,0.72,C4,Braço,Unilateral,,LEDSTAR,,0.49,,10.25,3.81,28.0,CEF06.120260611 - Simul_Recife_PV.xlsx,0
2.0,6.5,,2.59,1.96,0.0,6.44,2.06,26.0,0.72,C4,Braço,Unilateral,Médio I,SX LIGHTING,,0.63,,12.75,5.48,31.0,CEF06.120260611 - Simul_Recife_PV.xlsx,0
2.0,6.5,,2.59,1.96,0.0,6.44,2.06,26.0,0.72,C4,Braço,Unilateral,Médio I,TECNOWATT,,0.64,,12.62,5.2,30.0,CEF06.120260611 - Simul_Recife_PV.xlsx,0
1.0,3.0,,,0.0,0.0,5.5,1.68,20.0,0.0,C5,Braço,Unilateral,,LEDSTAR,,0.53,,9.53,,17.0,CEF06.120260611 - Simul_Recife_PV.xlsx,0
1.0,3.0,,,0.0,0.0,5.5,1.68,20.0,0.0,C5,Braço,Unilateral,,SX LIGHTING,,0.64,,13.16,,22.5,CEF06.120260611 - Simul_Recife_PV.xlsx,0
1.0,3.0,,,0.0,0.0,5.5,1.68,20.0,0.0,C5,Braço,Unilateral,,TECNOWATT,,0.21,,11.71,,30.0,CEF06.120260611 - Simul_Recife_PV.xlsx,0
2.0,4.59,,2.8,0.0,0.0,5.8,2.24,15.81,2.52,C4,Braço,Unilateral,,LEDSTAR,,0.7,,10.51,6.08,17.0,CEF06.120260611 - Simul_Recife_PV.xlsx,0
2.0,4.59,,2.8,0.0,0.0,5.8,2.24,15.81,2.52,C4,Braço,Unilateral,,SX LIGHTING,,0.76,,14.57,7.7,22.5,CEF06.120260611 - Simul_Recife_PV.xlsx,0
2.0,4.59,,2.8,0.0,0.0,5.8,2.24,15.81,2.52,C4,Braço,Unilateral,,TECNOWATT,,0.74,,21.92,12.14,30.0,CEF06.120260611 - Simul_Recife_PV.xlsx,0
1.0,4.37,,,0.0,0.0,5.45,2.3,33.7,0.0,C5,Braço,Unilateral,,LEDSTAR,,0.21,,14.23,,44.0,CEF06.120260611 - Simul_Recife_PV.xlsx,0
1.0,4.37,,,0.0,0.0,5.45,2.3,33.7,0.0,C5,Braço,Unilateral,,SX LIGHTING,,0.25,,28.6,,60.0,CEF06.120260611 - Simul_Recife_PV.xlsx,0
1.0,4.37,,,0.0,0.0,5.45,2.3,33.7,0.0,C5,Braço,Unilateral,Curto I,TECNOWATT,,0.38,,10.39,,30.0,CEF06.120260611 - Simul_Recife_PV.xlsx,0
2.0,6.63,,1.6,2.56,0.0,7.03,2.08,12.39,0.7,C4,Braço,Unilateral,,LEDSTAR,,0.85,,20.45,13.78,17.0,CEF06.120260611 - Simul_Recife_PV.xlsx,0
2.0,6.63,,1.6,2.56,0.0,7.03,2.08,12.39,0.7,C4,Braço,Unilateral,Médio II,SX LIGHTING,,0.86,,16.7,10.96,22.5,CEF06.120260611 - Simul_Recife_PV.xlsx,0
2.0,6.63,,1.6,2.56,0.0,7.03,2.08,12.39,0.7,C4,Braço,Unilateral,Médio II,TECNOWATT,,0.78,,24.69,15.53,30.0,CEF06.120260611 - Simul_Recife_PV.xlsx,0
1.0,6.0,,2.8,2.8,0.0,6.2,1.8,27.69,1.0,C3,Braço,Unilateral,,LEDSTAR,,0.46,,15.32,4.9,44.0,CEF06.120260611 - Simul_Recife_PV.xlsx,0
1.0,6.0,,2.8,2.8,0.0,6.2,1.8,27.69,1.0,C3,Braço,Unilateral,,SX LIGHTING,,0.6,,21.31,5.89,50.0,CEF06.120260611 - Simul_Recife_PV.xlsx,0
1.0,6.0,,2.8,2.8,0.0,6.2,1.8,27.69,1.0,C3,Braço,Unilateral,,TECNOWATT,,0.55,,16.53,5.37,40.0,CEF06.120260611 - Simul_Recife_PV.xlsx,0
1.0,6.5,,1.0,1.0,0.0,10.0,2.9,29.0,2.0,C4,Braço,Unilateral,,LEDSTAR,,0.66,,14.8,9.19,65.0,CEF06.120260611 - Simul_Recife_PV.xlsx,0
1.0,6.5,,1.0,1.0,0.0,10.0,2.9,29.0,2.0,C4,Braço,Unilateral,,SX LIGHTING,,0.83,,13.25,9.87,50.0,CEF06.120260611 - Simul_Recife_PV.xlsx,0
1.0,6.5,,1.0,1.0,0.0,10.0,2.9,29.0,2.0,C4,Braço,Unilateral,,TECNOWATT,,0.84,,10.69,7.69,40.0,CEF06.120260611 - Simul_Recife_PV.xlsx,0
2.0,7.1,,2.6,2.6,0.0,5.8,2.5,39.5,1.25,C3,Braço,Unilateral,,LEDSTAR,,0.18,,16.6,1.55,65.0,CEF06.120260611 - Simul_Recife_PV.xlsx,0
2.0,7.1,,2.6,2.6,0.0,5.8,2.5,39.5,1.25,C3,Braço,Unilateral,,SX LIGHTING,,0.18,,21.55,2.46,70.0,CEF06.120260611 - Simul_Recife_PV.xlsx,0
2.0,7.1,,2.6,2.6,0.0,5.8,2.5,39.5,1.25,C3,Braço,Unilateral,Médio I,TECNOWATT,,0.23,,15.6,2.76,68.0,CEF06.120260611 - Simul_Recife_PV.xlsx,0
2.0,8.57,,1.8,1.4,0.0,7.42,1.8,28.8,0.65,C5,Braço,Unilateral,,LEDSTAR,,0.48,,7.64,3.49,28.0,CEF06.120260611 - Simul_Recife_PV.xlsx,0
2.0,8.57,,1.8,1.4,0.0,7.42,1.8,28.8,0.65,C5,Braço,Unilateral,,SX LIGHTING,,0.65,,9.42,4.83,31.0,CEF06.120260611 - Simul_Recife_PV.xlsx,0
2.0,8.57,,1.8,1.4,0.0,7.42,1.8,28.8,0.65,C5,Braço,Unilateral,,TECNOWATT,,0.58,,9.24,5.27,30.0,CEF06.120260611 - Simul_Recife_PV.xlsx,0
2.0,5.7,,2.1,2.1,0.0,5.6,2.5,33.0,1.4,C3,Braço,Unilateral,,LEDSTAR,,0.24,,16.66,3.38,52.0,CEF06.120260611 - Simul_Recife_PV.xlsx,0
2.0,5.7,,2.1,2.1,0.0,5.6,2.5,33.0,1.4,C3,Braço,Unilateral,,SX LIGHTING,,0.19,,19.71,5.04,50.0,CEF06.120260611 - Simul_Recife_PV.xlsx,0
2.0,5.7,,2.1,2.1,0.0,5.6,2.5,33.0,1.4,C3,Braço,Unilateral,Curto II,TECNOWATT,,0.31,,15.05,2.29,50.0,CEF06.120260611 - Simul_Recife_PV.xlsx,0
2.0,5.0,,1.7,1.6,0.0,7.0,1.5,26.0,0.6,C5,Braço,Unilateral,,LEDSTAR,,0.53,,9.87,4.42,28.0,CEF06.120260611 - Simul_Recife_PV.xlsx,0
2.0,5.0,,1.7,1.6,0.0,7.0,1.5,26.0,0.6,C5,Braço,Unilateral,,SX LIGHTING,,0.67,,8.24,4.36,22.5,CEF06.120260611 - Simul_Recife_PV.xlsx,0
2.0,5.0,,1.7,1.6,0.0,7.0,1.5,26.0,0.6,C5,Braço,Unilateral,,TECNOWATT,,0.68,,12.38,6.66,30.0,CEF06.120260611 - Simul_Recife_PV.xlsx,0
2.0,7.5,,2.6,2.6,0.0,6.5,2.9,31.0,0.5,C4,Braço,Bilateral alternada,,LEDSTAR,,0.79,,15.59,6.54,28.0,CEF06.120260611 - Simul_Recife_PV.xlsx,0
2.0,7.5,,2.6,2.6,0.0,6.5,2.9,31.0,0.5,C4,Braço,Bilateral alternada,,SX LIGHTING,,0.73,,22.66,8.6,39.0,CEF06.120260611 - Simul_Recife_PV.xlsx,0
2.0,7.5,,2.6,2.6,0.0,6.5,2.9,31.0,0.5,C4,Braço,Bilateral alternada,,TECNOWATT,,0.79,,25.73,8.72,40.0,CEF06.120260611 - Simul_Recife_PV.xlsx,0
2.0,7.0,,1.6,1.6,0.0,6.6,1.9,24.0,0.3,C3,Braço,Unilateral,Longo II,LEDSTAR,,0.54,,16.5,7.24,44.0,CEF06.120260611 - Simul_Recife_PV.xlsx,0
2.0,7.0,,1.6,1.6,0.0,6.6,1.9,24.0,0.3,C3,Braço,Unilateral,,SX LIGHTING,,0.68,,15.74,7.59,39.0,CEF06.120260611 - Simul_Recife_PV.xlsx,0
2.0,7.0,,1.6,1.6,0.0,6.6,1.9,24.0,0.3,C3,Braço,Unilateral,,TECNOWATT,,0.65,,17.75,8.74,40.0,CEF06.120260611 - Simul_Recife_PV.xlsx,0
3.0,9.5,,2.4,2.5,0.0,7.0,2.8,20.0,0.7,C4,Braço,Unilateral,,LEDSTAR,,0.64,,16.47,6.33,44.0,CEF06.120260611 - Simul_Recife_PV.xlsx,0
3.0,9.5,,2.4,2.5,0.0,7.0,2.8,20.0,0.7,C4,Braço,Unilateral,,SX LIGHTING,,0.69,,15.66,4.92,39.0,CEF06.120260611 - Simul_Recife_PV.xlsx,0
3.0,9.5,,2.4,2.5,0.0,7.0,2.8,20.0,0.7,C4,Braço,Unilateral,,TECNOWATT,,0.66,,17.58,6.35,40.0,CEF06.120260611 - Simul_Recife_PV.xlsx,0
1.0,7.0,,1.4,1.5,0.0,6.0,1.9,19.0,0.3,C3,Braço,Unilateral,,LEDSTAR,,0.7,,19.0,2.68,35.0,CEF06.120260611 - Simul_Recife_PV.xlsx,0
1.0,7.0,,1.4,1.5,0.0,6.0,1.9,19.0,0.3,C3,Braço,Unilateral,,SX LIGHTING,,0.79,,21.63,2.12,39.0,CEF06.120260611 - Simul_Recife_PV.xlsx,0
1.0,7.0,,1.4,1.5,0.0,6.0,1.9,19.0,0.3,C3,Braço,Unilateral,,TECNOWATT,,0.76,,18.04,1.96,30.0,CEF06.120260611 - Simul_Recife_PV.xlsx,0
1.0,5.5,,2.0,2.2,0.0,6.5,2.9,33.0,0.6,C3,Braço,Unilateral,,LEDSTAR,,0.43,,18.94,3.47,65.0,CEF06.120260611 - Simul_Recife_PV.xlsx,0
1.0,5.5,,2.0,2.2,0.0,6.5,2.9,33.0,0.6,C3,Braço,Unilateral,,SX LIGHTING,,0.3,,17.13,6.32,50.0,CEF06.120260611 - Simul_Recife_PV.xlsx,0
1.0,5.5,,2.0,2.2,0.0,6.5,2.9,33.0,0.6,C3,Braço,Unilateral,,TECNOWATT,,0.33,,16.61,2.23,50.0,CEF06.120260611 - Simul_Recife_PV.xlsx,0
1.0,5.0,,2.5,1.6,0.0,7.0,2.3,27.0,0.6,C4,Braço,Unilateral,,LEDSTAR,,0.6,,11.63,4.32,35.0,CEF06.120260611 - Simul_Recife_PV.xlsx,0
1.0,5.0,,2.5,1.6,0.0,7.0,2.3,27.0,0.6,C4,Braço,Unilateral,,SX LIGHTING,,0.77,,11.22,3.66,31.0,CEF06.120260611 - Simul_Recife_PV.xlsx,0
1.0,5.0,,2.5,1.6,0.0,7.0,2.3,27.0,0.6,C4,Braço,Unilateral,,TECNOWATT,,0.71,,11.0,4.6,30.0,CEF06.120260611 - Simul_Recife_PV.xlsx,0
1.0,5.0,,1.55,1.58,0.0,5.0,2.2,30.5,0.6,C3,Braço,Unilateral,Médio I,LEDSTAR,,0.42,,15.03,5.36,52.0,CEF06.120260611 - Simul_Recife_PV.xlsx,0
1.0,5.0,,1.55,1.58,0.0,5.0,2.2,30.5,0.6,C3,Braço,Unilateral,Curto I,SX LIGHTING,,0.47,,19.6,6.32,50.0,CEF06.120260611 - Simul_Recife_PV.xlsx,0
1.0,5.0,,1.55,1.58,0.0,5.0,2.2,30.5,0.6,C3,Braço,Unilateral,Curto I,TECNOWATT,,0.43,,15.94,5.34,40.0,CEF06.120260611 - Simul_Recife_PV.xlsx,0
2.0,6.0,,1.6,1.6,0.0,7.2,1.84,19.0,0.5,C4,Braço,Unilateral,,LEDSTAR,,0.72,,12.93,7.76,28.0,CEF06.120260611 - Simul_Recife_PV.xlsx,0
2.0,6.0,,1.6,1.6,0.0,7.2,1.84,19.0,0.5,C4,Braço,Unilateral,,SX LIGHTING,,0.83,,10.82,6.8,22.5,CEF06.120260611 - Simul_Recife_PV.xlsx,0
2.0,6.0,,1.6,1.6,0.0,7.2,1.84,19.0,0.5,C4,Braço,Unilateral,,TECNOWATT,,0.78,,16.14,9.58,30.0,CEF06.120260611 - Simul_Recife_PV.xlsx,0
1.0,8.2,,3.0,3.3,0.0,8.0,1.9,16.0,0.2,C3,Braço,Unilateral,,LEDSTAR,,0.86,,17.38,10.76,35.0,CEF06.120260611 - Simul_Recife_PV.xlsx,0
1.0,8.2,,3.0,3.3,0.0,8.0,1.9,16.0,0.2,C3,Braço,Unilateral,,SX LIGHTING,,0.89,,16.87,9.46,31.0,CEF06.120260611 - Simul_Recife_PV.xlsx,0
1.0,8.2,,3.0,3.3,0.0,8.0,1.9,16.0,0.2,C3,Braço,Unilateral,,TECNOWATT,,0.8,,16.72,8.56,30.0,CEF06.120260611 - Simul_Recife_PV.xlsx,0
1.0,6.0,,2.6,2.6,0.0,6.0,2.9,26.67,1.0,C3,Braço,Unilateral,,LEDSTAR,,0.43,,17.08,4.31,44.0,CEF06.120260611 - Simul_Recife_PV.xlsx,0
1.0,6.0,,2.6,2.6,0.0,6.0,2.9,26.67,1.0,C3,Braço,Unilateral,,SX LIGHTING,,0.57,,16.33,3.49,39.0,CEF06.120260611 - Simul_Recife_PV.xlsx,0
1.0,6.0,,2.6,2.6,0.0,6.0,2.9,26.67,1.0,C3,Braço,Unilateral,,TECNOWATT,,0.57,,22.35,5.7,50.0,CEF06.120260611 - Simul_Recife_PV.xlsx,0
2.0,9.0,,2.5,2.7,0.0,6.5,1.5,11.0,0.5,C3,Braço,Unilateral,,LEDSTAR,,0.54,,16.5,7.27,44.0,CEF06.120260611 - Simul_Recife_PV.xlsx,0
2.0,9.0,,2.5,2.7,0.0,6.5,1.5,11.0,0.5,C3,Braço,Unilateral,,SX LIGHTING,,0.68,,15.74,7.59,39.0,CEF06.120260611 - Simul_Recife_PV.xlsx,0
2.0,9.0,,2.5,2.7,0.0,6.5,1.5,11.0,0.5,C3,Braço,Unilateral,,TECNOWATT,,0.65,,17.75,6.77,40.0,CEF06.120260611 - Simul_Recife_PV.xlsx,0
1.0,6.79,,2.26,0.0,0.0,7.0,1.9,25.0,0.8,C4,Braço,Unilateral,,LEDSTAR,,0.62,,12.64,5.89,35.0,CEF06.120260611 - Simul_Recife_PV.xlsx,0
1.0,6.79,,2.26,0.0,0.0,7.0,1.9,25.0,0.8,C4,Braço,Unilateral,,SX LIGHTING,,0.75,,12.21,6.16,31.0,CEF06.120260611 - Simul_Recife_PV.xlsx,0
1.0,6.79,,2.26,0.0,0.0,7.0,1.9,25.0,0.8,C4,Braço,Unilateral,,TECNOWATT,,0.69,,12.09,6.22,30.0,CEF06.120260611 - Simul_Recife_PV.xlsx,0
1.0,7.0,,2.3,2.3,0.0,7.5,2.9,41.0,1.6,C4,Braço,Unilateral,,LEDSTAR,,0.29,,10.15,2.3,52.0,CEF06.120260611 - Simul_Recife_PV.xlsx,0
1.0,7.0,,2.3,2.3,0.0,7.5,2.9,41.0,1.6,C4,Braço,Unilateral,,SX LIGHTING,,0.29,,12.02,1.68,50.0,CEF06.120260611 - Simul_Recife_PV.xlsx,0
1.0,7.0,,2.3,2.3,0.0,7.5,2.9,41.0,1.6,C4,Braço,Unilateral,,TECNOWATT,,0.24,,11.18,2.21,50.0,CEF06.120260611 - Simul_Recife_PV.xlsx,0
2.0,6.0,,1.5,1.5,0.0,6.5,1.8,34.0,0.2,C4,Braço,Unilateral,,LEDSTAR,,0.3,,10.15,2.22,35.0,CEF06.120260611 - Simul_Recife_PV.xlsx,0
2.0,6.0,,1.5,1.5,0.0,6.5,1.8,34.0,0.2,C4,Braço,Unilateral,,SX LIGHTING,,0.35,,11.57,2.6,39.0,CEF06.120260611 - Simul_Recife_PV.xlsx,0
2.0,6.0,,1.5,1.5,0.0,6.5,1.8,34.0,0.2,C4,Braço,Unilateral,,TECNOWATT,,0.29,,13.27,2.71,40.0,CEF06.120260611 - Simul_Recife_PV.xlsx,0
1.0,6.0,,2.0,2.0,0.0,6.0,2.5,38.0,0.2,C3,Braço,Unilateral,Longo I,LEDSTAR,,0.44,,15.22,5.56,70.0,CEF06.120260611 - Simul_Recife_PV.xlsx,0
1.0,6.0,,2.0,2.0,0.0,6.0,2.5,38.0,0.2,C3,Braço,Unilateral,Longo I,SX LIGHTING,,0.41,,17.75,5.78,70.0,CEF06.120260611 - Simul_Recife_PV.xlsx,0
1.0,6.0,,2.0,2.0,0.0,6.0,2.5,38.0,0.2,C3,Braço,Unilateral,Longo I,TECNOWATT,,0.41,,15.57,4.04,68.0,CEF06.120260611 - Simul_Recife_PV.xlsx,0
1.0,13.5,6.5,0.5,3.0,1.5,12.35,3.09,33.0,2.83,C4,Braço,Bilateral alternada,,LEDSTAR,,0.76,,18.15,11.03,85.0,CEF06.120260611 - Simul_Recife_PV.xlsx,0
1.0,13.5,6.5,0.5,3.0,1.5,12.35,3.09,33.0,2.83,C4,Braço,Bilateral alternada,,SX LIGHTING,,0.77,,19.26,12.06,79.0,CEF06.120260611 - Simul_Recife_PV.xlsx,0
1.0,13.5,6.5,0.5,3.0,1.5,12.35,3.09,33.0,2.83,C4,Braço,Bilateral alternada,,TECNOWATT,,0.75,,17.48,9.97,80.0,CEF06.120260611 - Simul_Recife_PV.xlsx,0
1.0,3.5,,,0.0,0.0,5.58,2.28,36.6,0.5,C3,Braço,Unilateral,Curto II,LEDSTAR,,0.35,,17.93,,65.0,CEF06.120260611 - Simul_Recife_PV.xlsx,0
1.0,3.5,,,0.0,0.0,5.58,2.28,36.6,0.5,C3,Braço,Unilateral,Curto II,SX LIGHTING,,0.25,,16.27,,50.0,CEF06.120260611 - Simul_Recife_PV.xlsx,0
1.0,3.5,,,0.0,0.0,5.58,2.28,36.6,0.5,C3,Braço,Unilateral,Curto II,TECNOWATT,,0.19,,15.99,,50.0,CEF06.120260611 - Simul_Recife_PV.xlsx,0
2.0,6.67,,2.6,2.63,0.0,6.93,1.89,32.23,0.83,P6,Braço,Unilateral,,LEDSTAR,,0.4,,11.8,3.56,44.0,CEF06.120260611 - Simul_Recife_PV.xlsx,0
2.0,6.67,,2.6,2.63,0.0,6.93,1.89,32.23,0.83,P6,Braço,Unilateral,,SX LIGHTING,,0.53,,11.23,3.53,39.0,CEF06.120260611 - Simul_Recife_PV.xlsx,0
2.0,6.67,,2.6,2.63,0.0,6.93,1.89,32.23,0.83,P6,Braço,Unilateral,,TECNOWATT,,0.47,,12.74,3.82,40.0,CEF06.120260611 - Simul_Recife_PV.xlsx,0
1.0,6.5,,2.0,2.0,0.0,6.23,1.95,20.73,0.69,C3,Braço,Unilateral,,LEDSTAR,,0.68,,17.08,8.21,35.0,CEF06.120260611 - Simul_Recife_PV.xlsx,0
1.0,6.5,,2.0,2.0,0.0,6.23,1.95,20.73,0.69,C3,Braço,Unilateral,,SX LIGHTING,,0.81,,16.53,7.82,31.0,CEF06.120260611 - Simul_Recife_PV.xlsx,0
1.0,6.5,,2.0,2.0,0.0,6.23,1.95,20.73,0.69,C3,Braço,Unilateral,,TECNOWATT,,0.77,,15.41,6.35,30.0,CEF06.120260611 - Simul_Recife_PV.xlsx,0
2.0,6.1,,1.81,1.1,0.0,5.92,1.83,29.63,0.59,C5,Braço,Unilateral,,LEDSTAR,,0.35,,9.75,3.13,28.0,CEF06.120260611 - Simul_Recife_PV.xlsx,0
2.0,6.1,,1.81,1.1,0.0,5.92,1.83,29.63,0.59,C5,Braço,Unilateral,,SX LIGHTING,,0.39,,8.17,3.46,22.5,CEF06.120260611 - Simul_Recife_PV.xlsx,0
2.0,6.1,,1.81,1.1,0.0,5.92,1.83,29.63,0.59,C5,Braço,Unilateral,,TECNOWATT,,0.44,,11.97,4.83,30.0,CEF06.120260611 - Simul_Recife_PV.xlsx,0
1.0,2.0,,2.0,2.0,0.0,5.71,2.1,37.66,0.49,C4,Braço,Unilateral,,LEDSTAR,,0.18,,12.23,2.14,44.0,CEF06.120260611 - Simul_Recife_PV.xlsx,0
1.0,2.0,,2.0,2.0,0.0,5.71,2.1,37.66,0.49,C4,Braço,Unilateral,Curto II,SX LIGHTING,,0.26,,10.31,2.66,39.0,CEF06.120260611 - Simul_Recife_PV.xlsx,0
1.0,2.0,,2.0,2.0,0.0,5.71,2.1,37.66,0.49,C4,Braço,Unilateral,Médio I,TECNOWATT,,0.23,,11.26,2.11,40.0,CEF06.120260611 - Simul_Recife_PV.xlsx,0
1.0,10.0,,3.0,3.0,0.0,5.51,2.46,35.7,1.89,C3,Braço,Bilateral alternada,,LEDSTAR,,0.46,,20.66,1.49,44.0,CEF06.120260611 - Simul_Recife_PV.xlsx,0
1.0,10.0,,3.0,3.0,0.0,5.51,2.46,35.7,1.89,C3,Braço,Bilateral alternada,,SX LIGHTING,,0.37,,26.61,1.01,50.0,CEF06.120260611 - Simul_Recife_PV.xlsx,0
1.0,10.0,,3.0,3.0,0.0,5.51,2.46,35.7,1.89,C3,Braço,Bilateral alternada,,TECNOWATT,,0.3,,22.25,1.67,50.0,CEF06.120260611 - Simul_Recife_PV.xlsx,0
3.0,11.6,,2.37,3.57,0.0,6.99,2.43,15.13,0.78,C4,Braço,Unilateral,,LEDSTAR,,0.44,,20.53,1.25,44.0,CEF06.120260611 - Simul_Recife_PV.xlsx,0
3.0,11.6,,2.37,3.57,0.0,6.99,2.43,15.13,0.78,C4,Braço,Unilateral,,SX LIGHTING,,0.36,,28.11,1.69,50.0,CEF06.120260611 - Simul_Recife_PV.xlsx,0
3.0,11.6,,2.37,3.57,0.0,6.99,2.43,15.13,0.78,C4,Braço,Unilateral,,TECNOWATT,,0.31,,24.44,2.15,50.0,CEF06.120260611 - Simul_Recife_PV.xlsx,0
3.0,11.66,,2.92,1.98,0.0,6.42,2.4,26.34,0.77,C4,Braço,Bilateral alternada,,LEDSTAR,,0.51,,15.83,4.07,28.0,CEF06.120260611 - Simul_Recife_PV.xlsx,0
3.0,11.66,,2.92,1.98,0.0,6.42,2.4,26.34,0.77,C4,Braço,Bilateral alternada,,SX LIGHTING,,0.5,,12.65,3.2,22.5,CEF06.120260611 - Simul_Recife_PV.xlsx,0
3.0,11.66,,2.92,1.98,0.0,6.42,2.4,26.34,0.77,C4,Braço,Bilateral alternada,,TECNOWATT,,0.53,,18.23,6.08,30.0,CEF06.120260611 - Simul_Recife_PV.xlsx,0
1.0,,,1.8,3.04,0.0,6.98,2.68,30.67,0.71,P5,Braço,Unilateral,,LEDSTAR,,,,,4.36,28.0,CEF06.120260611 - Simul_Recife_PV.xlsx,0
1.0,,,1.8,3.04,0.0,6.98,2.68,30.67,0.71,P5,Braço,Unilateral,,SX LIGHTING,,,,,4.77,22.5,CEF06.120260611 - Simul_Recife_PV.xlsx,0
1.0,,,1.8,3.04,0.0,6.98,2.68,30.67,0.71,P5,Braço,Unilateral,,TECNOWATT,,,,,6.82,30.0,CEF06.120260611 - Simul_Recife_PV.xlsx,0
2.0,6.4,,2.41,2.41,0.0,6.75,2.81,17.9,0.18,C4,Braço,Unilateral,,LEDSTAR,,0.65,,14.21,5.51,28.0,CEF06.120260611 - Simul_Recife_PV.xlsx,0
2.0,6.4,,2.41,2.41,0.0,6.75,2.81,17.9,0.18,C4,Braço,Unilateral,,SX LIGHTING,,0.71,,11.81,3.77,22.5,CEF06.120260611 - Simul_Recife_PV.xlsx,0
2.0,6.4,,2.41,2.41,0.0,6.75,2.81,17.9,0.18,C4,Braço,Unilateral,,TECNOWATT,,0.66,,17.6,6.43,30.0,CEF06.120260611 - Simul_Recife_PV.xlsx,0
1.0,3.55,,2.28,2.66,0.0,4.84,2.08,28.61,0.57,C5,Braço,Unilateral,Curto II,LEDSTAR,43.08,0.43,0.25,15.09,4.98,44.0,CEF06.120260611 - Simul_Recife_PV.xlsx,0
1.0,3.55,,2.28,2.66,0.0,4.84,2.08,28.61,0.57,C5,Braço,Unilateral,Curto II,SX LIGHTING,32.2,0.55,0.24,20.83,9.4,50.0,CEF06.120260611 - Simul_Recife_PV.xlsx,0
1.0,3.55,,2.28,2.66,0.0,4.84,2.08,28.61,0.57,C5,Braço,Unilateral,Curto II,TECNOWATT,38.17,0.53,0.16,16.91,4.31,40.0,CEF06.120260611 - Simul_Recife_PV.xlsx,0
1.0,7.5,,2.5,2.5,0.0,6.62,2.63,26.0,0.32,C3,Braço,Unilateral,,LEDSTAR,43.08,0.5,0.25,15.16,4.81,44.0,CEF06.120260611 - Simul_Recife_PV.xlsx,0
1.0,7.5,,2.5,2.5,0.0,6.62,2.63,26.0,0.32,C3,Braço,Unilateral,,SX LIGHTING,32.52,0.62,0.24,21.04,5.31,50.0,CEF06.120260611 - Simul_Recife_PV.xlsx,0
1.0,7.5,,2.5,2.5,0.0,6.62,2.63,26.0,0.32,C3,Braço,Unilateral,,TECNOWATT,38.17,0.66,0.16,16.34,4.95,40.0,CEF06.120260611 - Simul_Recife_PV.xlsx,0
1.0,6.0,,1.5,1.5,0.0,6.95,3.19,35.7,0.34,C4,Braço,Unilateral,,LEDSTAR,43.08,0.29,0.25,10.57,4.01,44.0,CEF06.120260611 - Simul_Recife_PV.xlsx,0
1.0,6.0,,1.5,1.5,0.0,6.95,3.19,35.7,0.34,C4,Braço,Unilateral,,SX LIGHTING,32.52,0.3,0.24,10.04,5.45,39.0,CEF06.120260611 - Simul_Recife_PV.xlsx,0
1.0,6.0,,1.5,1.5,0.0,6.95,3.19,35.7,0.34,C4,Braço,Unilateral,,TECNOWATT,38.17,0.27,0.16,11.52,3.99,40.0,CEF06.120260611 - Simul_Recife_PV.xlsx,0
1.0,10.0,,2.5,2.5,0.0,7.5,3.29,33.59,0.74,C4,Braço,Unilateral,,LEDSTAR,43.08,0.42,0.25,11.57,3.32,52.0,CEF06.120260611 - Simul_Recife_PV.xlsx,0
1.0,10.0,,2.5,2.5,0.0,7.5,3.29,33.59,0.74,C4,Braço,Unilateral,,SX LIGHTING,32.52,0.49,0.24,13.68,4.24,50.0,CEF06.120260611 - Simul_Recife_PV.xlsx,0
1.0,10.0,,2.5,2.5,0.0,7.5,3.29,33.59,0.74,C4,Braço,Unilateral,,TECNOWATT,38.17,0.47,0.16,10.32,1.6,40.0,CEF06.120260611 - Simul_Recife_PV.xlsx,0
3.0,10.0,,2.5,3.0,0.0,8.45,2.92,18.69,0.4,C0,Braço,Bilateral alternada,,LEDSTAR,,0.8,,55.48,28.8,72.0,CEF06.120260611 - Simul_Recife_PV.xlsx,0
3.0,10.0,,2.5,3.0,0.0,8.45,2.92,18.69,0.4,C0,Braço,Bilateral alternada,,SX LIGHTING,,0.83,,64.44,34.65,70.0,CEF06.120260611 - Simul_Recife_PV.xlsx,0
3.0,10.0,,2.5,3.0,0.0,8.45,2.92,18.69,0.4,C0,Braço,Bilateral alternada,,TECNOWATT,,0.74,,55.11,22.74,68.0,CEF06.120260611 - Simul_Recife_PV.xlsx,0
2.0,6.0,,1.5,1.5,0.0,6.0,1.84,26.59,0.56,C4,Braço,Unilateral,,LEDSTAR,43.08,0.42,0.25,10.79,3.69,28.0,CEF06.120260611 - Simul_Recife_PV.xlsx,0
2.0,6.0,,1.5,1.5,0.0,6.0,1.84,26.59,0.56,C4,Braço,Unilateral,,SX LIGHTING,32.52,0.5,0.24,13.43,3.85,31.0,CEF06.120260611 - Simul_Recife_PV.xlsx,0
2.0,6.0,,1.5,1.5,0.0,6.0,1.84,26.59,0.56,C4,Braço,Unilateral,Médio I,TECNOWATT,38.17,0.55,0.16,13.3,5.38,30.0,CEF06.120260611 - Simul_Recife_PV.xlsx,0
1.0,11.84,,3.63,3.86,0.0,6.21,2.51,72.0,0.94,C4,Braço,Bilateral alternada,Longo I,LEDSTAR,43.08,0.47,0.25,24.15,1.32,120.0,CEF06.120260611 - Simul_Recife_PV.xlsx,0
1.0,11.84,,3.63,3.86,0.0,6.21,2.51,72.0,0.94,C4,Braço,Bilateral alternada,Longo I,SX LIGHTING,32.52,0.48,0.24,23.63,1.29,100.0,CEF06.120260611 - Simul_Recife_PV.xlsx,0
1.0,11.84,,3.63,3.86,0.0,6.21,2.51,72.0,0.94,C4,Braço,Bilateral alternada,Longo I,TECNOWATT,38.17,0.43,0.16,17.19,2.3,90.0,CEF06.120260611 - Simul_Recife_PV.xlsx,0
1.0,6.67,,2.0,2.79,0.0,5.51,2.19,26.1,1.4,C4,Braço,Unilateral,,LEDSTAR,43.08,0.4,0.25,11.73,3.68,28.0,CEF06.120260611 - Simul_Recife_PV.xlsx,0
1.0,6.67,,2.0,2.79,0.0,5.51,2.19,26.1,1.4,C4,Braço,Unilateral,,SX LIGHTING,32.52,0.5,0.24,13.72,3.07,31.0,CEF06.120260611 - Simul_Recife_PV.xlsx,0
1.0,6.67,,2.0,2.79,0.0,5.51,2.19,26.1,1.4,C4,Braço,Unilateral,,TECNOWATT,38.17,0.54,0.16,13.46,5.08,30.0,CEF06.120260611 - Simul_Recife_PV.xlsx,0
1.0,6.65,,2.93,3.13,0.0,5.84,1.97,36.92,0.71,C5,Braço,Unilateral,Curto I,LEDSTAR,,0.23,,11.88,1.49,44.0,CEF06.120260611 - Simul_Recife_PV.xlsx,0
1.0,6.65,,2.93,3.13,0.0,5.84,1.97,36.92,0.71,C5,Braço,Unilateral,Médio I,SX LIGHTING,,0.32,,9.79,0.84,39.0,CEF06.120260611 - Simul_Recife_PV.xlsx,0
1.0,6.65,,2.93,3.13,0.0,5.84,1.97,36.92,0.71,C5,Braço,Unilateral,,TECNOWATT,,0.23,,16.21,2.4,30.0,CEF06.120260611 - Simul_Recife_PV.xlsx,0
1.0,4.72,,2.3,1.56,0.0,7.3,2.3,32.0,0.23,C5,Braço,Unilateral,,LEDSTAR,,0.4,,7.58,1.67,28.0,CEF06.120260611 - Simul_Recife_PV.xlsx,0
1.0,4.72,,2.3,1.56,0.0,7.3,2.3,32.0,0.23,C5,Braço,Unilateral,,SX LIGHTING,,0.46,,9.32,0.84,31.0,CEF06.120260611 - Simul_Recife_PV.xlsx,0
1.0,4.72,,2.3,1.56,0.0,7.3,2.3,32.0,0.23,C5,Braço,Unilateral,,TECNOWATT,,0.53,,9.48,2.04,30.0,CEF06.120260611 - Simul_Recife_PV.xlsx,1
1.0,5.24,,,1.28,0.0,6.15,1.62,23.21,0.49,C3,Braço,Unilateral,,LEDSTAR,43.08,0.53,0.25,17.79,,44.0,CEF06.120260611 - Simul_Recife_PV.xlsx,0
1.0,5.24,,,1.28,0.0,6.15,1.62,23.21,0.49,C3,Braço,Unilateral,,SX LIGHTING,32.52,0.66,0.24,16.91,,39.0,CEF06.120260611 - Simul_Recife_PV.xlsx,0
1.0,5.24,,,1.28,0.0,6.15,1.62,23.21,0.49,C3,Braço,Unilateral,,TECNOWATT,38.17,0.67,0.16,19.5,,40.0,CEF06.120260611 - Simul_Recife_PV.xlsx,0
1.0,11.53,,2.95,2.58,0.0,7.93,2.59,36.61,0.26,C4,Braço,Bilateral alternada,,LEDSTAR,43.08,0.78,0.25,11.29,2.58,28.0,CEF06.120260611 - Simul_Recife_PV.xlsx,0
1.0,11.53,,2.95,2.58,0.0,7.93,2.59,36.61,0.26,C4,Braço,Bilateral alternada,,SX LIGHTING,32.52,0.68,0.24,13.2,1.85,31.0,CEF06.120260611 - Simul_Recife_PV.xlsx,0
1.0,11.53,,2.95,2.58,0.0,7.93,2.59,36.61,0.26,C4,Braço,Bilateral alternada,,TECNOWATT,38.17,0.69,0.16,12.89,3.3,30.0,CEF06.120260611 - Simul_Recife_PV.xlsx,0
1.0,11.25,,3.12,2.0,0.0,6.1,3.16,20.7,0.41,C3,Braço,Bilateral alternada,Curto II,LEDSTAR,43.08,0.54,0.25,15.11,6.72,44.0,CEF06.120260611 - Simul_Recife_PV.xlsx,0
1.0,11.25,,3.12,2.0,0.0,6.1,3.16,20.7,0.41,C3,Braço,Bilateral alternada,,SX LIGHTING,32.52,0.7,0.24,15.84,1.86,39.0,CEF06.120260611 - Simul_Recife_PV.xlsx,0
1.0,11.25,,3.12,2.0,0.0,6.1,3.16,20.7,0.41,C3,Braço,Bilateral alternada,Longo I,TECNOWATT,38.17,0.7,0.16,15.08,6.35,40.0,CEF06.120260611 - Simul_Recife_PV.xlsx,0
1.0,3.23,,,0.0,0.0,5.5,1.9,28.0,0.0,C4,Braço,Unilateral,,LEDSTAR,,0.32,,11.12,,28.0,CEF06.120260611 - Simul_Recife_PV.xlsx,0
1.0,3.23,,,0.0,0.0,5.5,1.9,28.0,0.0,C4,Braço,Unilateral,,SX LIGHTING,,0.26,,13.53,,31.0,CEF06.120260611 - Simul_Recife_PV.xlsx,0
1.0,3.23,,,0.0,0.0,5.5,1.9,28.0,0.0,C4,Braço,Unilateral,,TECNOWATT,,0.38,,13.76,,30.0,CEF06.120260611 - Simul_Recife_PV.xlsx,0
1.0,5.95,,2.39,1.96,0.0,5.82,1.73,28.0,1.88,C3,Braço,Unilateral,,LEDSTAR,,0.4,,17.57,4.41,52.0,CEF06.120260611 - Simul_Recife_PV.xlsx,0
1.0,5.95,,2.39,1.96,0.0,5.82,1.73,28.0,1.88,C3,Braço,Unilateral,,SX LIGHTING,,0.6,,20.82,5.45,50.0,CEF06.120260611 - Simul_Recife_PV.xlsx,0
1.0,5.95,,2.39,1.96,0.0,5.82,1.73,28.0,1.88,C3,Braço,Unilateral,,TECNOWATT,,0.22,,18.86,1.78,60.0,CEF06.120260611 - Simul_Recife_PV.xlsx,0
1.0,4.55,,,0.0,0.0,6.18,1.98,32.0,0.0,C5,Braço,Bilateral alternada,,LEDSTAR,,0.74,,10.73,,17.0,CEF06.120260611 - Simul_Recife_PV.xlsx,0
1.0,4.55,,,0.0,0.0,6.18,1.98,32.0,0.0,C5,Braço,Bilateral alternada,,SX LIGHTING,,0.75,,14.79,,22.5,CEF06.120260611 - Simul_Recife_PV.xlsx,0
1.0,4.55,,,0.0,0.0,6.18,1.98,32.0,0.0,C5,Braço,Bilateral alternada,,TECNOWATT,,0.76,,22.19,,30.0,CEF06.120260611 - Simul_Recife_PV.xlsx,0
1.0,5.6,,2.14,1.69,0.0,6.77,2.12,11.23,1.47,C3,Braço,Unilateral,,LEDSTAR,,0.87,,23.12,14.64,28.0,CEF06.120260611 - Simul_Recife_PV.xlsx,0
1.0,5.6,,2.14,1.69,0.0,6.77,2.12,11.23,1.47,C3,Braço,Unilateral,,SX LIGHTING,,0.9,,19.35,11.54,22.5,CEF06.120260611 - Simul_Recife_PV.xlsx,0
1.0,5.6,,2.14,1.69,0.0,6.77,2.12,11.23,1.47,C3,Braço,Unilateral,,TECNOWATT,,0.83,,28.78,15.07,30.0,CEF06.120260611 - Simul_Recife_PV.xlsx,0
1.0,11.25,,2.8,2.601,0.0,6.86,2.27,35.4,1.59,C3,Braço,Unilateral,,LEDSTAR,,0.25,,17.41,6.82,85.0,CEF06.120260611 - Simul_Recife_PV.xlsx,0
1.0,11.25,,2.8,2.601,0.0,6.86,2.27,35.4,1.59,C3,Braço,Unilateral,,SX LIGHTING,,0.3,,16.75,6.32,70.0,CEF06.120260611 - Simul_Recife_PV.xlsx,0
1.0,11.25,,2.8,2.601,0.0,6.86,2.27,35.4,1.59,C3,Braço,Unilateral,,TECNOWATT,,0.41,,16.26,5.71,80.0,CEF06.120260611 - Simul_Recife_PV.xlsx,0
1.0,6.6,,0.85,1.69,0.0,6.58,1.9,37.79,2.48,C3,Braço,Unilateral,,LEDSTAR,,0.22,,16.56,1.88,72.0,CEF06.120260611 - Simul_Recife_PV.xlsx,0
1.0,6.6,,0.85,1.69,0.0,6.58,1.9,37.79,2.48,C3,Braço,Unilateral,,SX LIGHTING,,0.27,,18.74,2.71,70.0,CEF06.120260611 - Simul_Recife_PV.xlsx,0
1.0,6.6,,0.85,1.69,0.0,6.58,1.9,37.79,2.48,C3,Braço,Unilateral,,TECNOWATT,,0.25,,15.88,3.1,68.0,CEF06.120260611 - Simul_Recife_PV.xlsx,0
1.0,3.99,,,0.0,0.0,7.7,1.85,38.91,0.0,C5,Braço,Unilateral,,LEDSTAR,,0.32,,7.56,,35.0,CEF06.120260611 - Simul_Recife_PV.xlsx,0
1.0,3.99,,,0.0,0.0,7.7,1.85,38.91,0.0,C5,Braço,Unilateral,,SX LIGHTING,,0.37,,8.72,,39.0,CEF06.120260611 - Simul_Recife_PV.xlsx,0
1.0,3.99,,,0.0,0.0,7.7,1.85,38.91,0.0,C5,Braço,Unilateral,Curto I,TECNOWATT,,0.18,,9.03,,30.0,CEF06.120260611 - Simul_Recife_PV.xlsx,0
1.0,3.78,,,0.0,0.0,6.0,1.26,22.78,0.0,C5,Braço,Unilateral,,LEDSTAR,,0.65,,10.37,,28.0,CEF06.120260611 - Simul_Recife_PV.xlsx,0
1.0,3.78,,,0.0,0.0,6.0,1.26,22.78,0.0,C5,Braço,Unilateral,,SX LIGHTING,,0.78,,8.64,,22.5,CEF06.120260611 - Simul_Recife_PV.xlsx,0
1.0,3.78,,,0.0,0.0,6.0,1.26,22.78,0.0,C5,Braço,Unilateral,,TECNOWATT,,0.75,,13.07,,30.0,CEF06.120260611 - Simul_Recife_PV.xlsx,0
1.0,3.82,,,0.0,0.0,6.81,1.35,36.3,0.0,C4,Braço,Unilateral,,LEDSTAR,,0.3,,11.23,,44.0,CEF06.120260611 - Simul_Recife_PV.xlsx,0
1.0,3.82,,,0.0,0.0,6.81,1.35,36.3,0.0,C4,Braço,Unilateral,,SX LIGHTING,,0.33,,10.68,,39.0,CEF06.120260611 - Simul_Recife_PV.xlsx,0
1.0,3.82,,,0.0,0.0,6.81,1.35,36.3,0.0,C4,Braço,Unilateral,,TECNOWATT,,0.24,,12.51,,40.0,CEF06.120260611 - Simul_Recife_PV.xlsx,0
1.0,7.8,,2.02,1.93,0.0,7.03,1.78,20.16,0.72,C5,Braço,Unilateral,,LEDSTAR,,0.66,,11.73,6.95,28.0,CEF06.120260611 - Simul_Recife_PV.xlsx,0
1.0,7.8,,2.02,1.93,0.0,7.03,1.78,20.16,0.72,C5,Braço,Unilateral,,SX LIGHTING,,0.79,,9.8,6.11,22.5,CEF06.120260611 - Simul_Recife_PV.xlsx,0
1.0,7.8,,2.02,1.93,0.0,7.03,1.78,20.16,0.72,C5,Braço,Unilateral,,TECNOWATT,,0.73,,14.29,8.87,30.0,CEF06.120260611 - Simul_Recife_PV.xlsx,0
2.0,10.66,,1.66,2.79,0.0,6.83,2.28,26.1,1.81,C3,Braço,Bilateral alternada,,LEDSTAR,,0.62,,15.12,4.55,28.0,CEF06.120260611 - Simul_Recife_PV.xlsx,0
2.0,10.66,,1.66,2.79,0.0,6.83,2.28,26.1,1.81,C3,Braço,Bilateral alternada,,SX LIGHTING,,0.63,,17.61,5.72,31.0,CEF06.120260611 - Simul_Recife_PV.xlsx,0
2.0,10.66,,1.66,2.79,0.0,6.83,2.28,26.1,1.81,C3,Braço,Bilateral alternada,,TECNOWATT,,0.65,,17.37,6.9,30.0,CEF06.120260611 - Simul_Recife_PV.xlsx,0
1.0,3.62,,1.27,0.96,0.0,6.57,1.62,16.6,0.91,C5,Braço,Bilateral alternada,,LEDSTAR,,0.93,,28.44,22.52,17.0,CEF06.120260611 - Simul_Recife_PV.xlsx,1
1.0,3.62,,1.27,0.96,0.0,6.57,1.62,16.6,0.91,C5,Braço,Bilateral alternada,,SX LIGHTING,,0.93,,39.29,30.19,22.5,CEF06.120260611 - Simul_Recife_PV.xlsx,1
1.0,3.62,,1.27,0.96,0.0,6.57,1.62,16.6,0.91,C5,Braço,Bilateral alternada,,TECNOWATT,,0.92,,59.41,43.03,30.0,CEF06.120260611 - Simul_Recife_PV.xlsx,1
1.0,7.81,,2.09,0.0,0.0,6.65,2.19,19.32,0.77,C4,Braço,Unilateral,,LEDSTAR,,0.62,,12.55,7.68,28.0,CEF06.120260611 - Simul_Recife_PV.xlsx,0
1.0,7.81,,2.09,0.0,0.0,6.65,2.19,19.32,0.77,C4,Braço,Unilateral,,SX LIGHTING,,0.74,,10.41,6.82,22.5,CEF06.120260611 - Simul_Recife_PV.xlsx,0
1.0,7.81,,2.09,0.0,0.0,6.65,2.19,19.32,0.77,C4,Braço,Unilateral,,TECNOWATT,,0.67,,15.09,9.94,30.0,CEF06.120260611 - Simul_Recife_PV.xlsx,0
1.0,6.38,,,0.0,0.0,7.46,2.09,25.49,1.47,C5,Braço,Unilateral,,LEDSTAR,,0.61,,9.17,,28.0,CEF06.120260611 - Simul_Recife_PV.xlsx,0
1.0,6.38,,,0.0,0.0,7.46,2.09,25.49,1.47,C5,Braço,Unilateral,,SX LIGHTING,,0.77,,7.66,,22.5,CEF06.120260611 - Simul_Recife_PV.xlsx,0
1.0,6.38,,,0.0,0.0,7.46,2.09,25.49,1.47,C5,Braço,Unilateral,,TECNOWATT,,0.76,,11.35,,30.0,CEF06.120260611 - Simul_Recife_PV.xlsx,0
1.0,6.84,,2.04,4.86,0.0,7.28,1.76,20.29,1.5,C3,Braço,Bilateral alternada,,LEDSTAR,,0.9,,22.74,13.34,28.0,CEF06.120260611 - Simul_Recife_PV.xlsx,0
1.0,6.84,,2.04,4.86,0.0,7.28,1.76,20.29,1.5,C3,Braço,Bilateral alternada,,SX LIGHTING,,0.88,,18.98,9.73,22.5,CEF06.120260611 - Simul_Recife_PV.xlsx,0
1.0,6.84,,2.04,4.86,0.0,7.28,1.76,20.29,1.5,C3,Braço,Bilateral alternada,,TECNOWATT,,0.86,,27.77,13.91,30.0,CEF06.120260611 - Simul_Recife_PV.xlsx,0
1.0,4.2,,,0.0,0.0,4.5,0.96,20.78,0.43,C5,Braço,Bilateral alternada,,LEDSTAR,,0.45,,11.14,,17.0,CEF06.120260611 - Simul_Recife_PV.xlsx,0
1.0,4.2,,,0.0,0.0,4.5,0.96,20.78,0.43,C5,Braço,Bilateral alternada,,SX LIGHTING,,0.58,,15.44,,22.5,CEF06.120260611 - Simul_Recife_PV.xlsx,0
1.0,4.2,,,0.0,0.0,4.5,0.96,20.78,0.43,C5,Braço,Bilateral alternada,,TECNOWATT,,0.58,,22.78,,30.0,CEF06.120260611 - Simul_Recife_PV.xlsx,0
1.0,4.09,,1.79,0.0,0.0,6.87,2.27,30.87,1.22,C5,Braço,Unilateral,,LEDSTAR,,0.4,,8.55,2.75,28.0,CEF06.120260611 - Simul_Recife_PV.xlsx,0
1.0,4.09,,1.79,0.0,0.0,6.87,2.27,30.87,1.22,C5,Braço,Unilateral,,SX LIGHTING,,0.5,,10.63,2.82,31.0,CEF06.120260611 - Simul_Recife_PV.xlsx,0
1.0,4.09,,1.79,0.0,0.0,6.87,2.27,30.87,1.22,C5,Braço,Unilateral,,TECNOWATT,,0.55,,10.73,4.21,30.0,CEF06.120260611 - Simul_Recife_PV.xlsx,0
1.0,11.73,,3.72,3.72,0.0,7.9,2.36,36.47,0.91,C5,Braço,Bilateral frontal,,LEDSTAR,,0.43,,10.35,2.38,28.0,CEF06.120260611 - Simul_Recife_PV.xlsx,0
1.0,11.73,,3.72,3.72,0.0,7.9,2.36,36.47,0.91,C5,Braço,Bilateral frontal,,SX LIGHTING,,0.6,,8.45,1.29,22.5,CEF06.120260611 - Simul_Recife_PV.xlsx,0
1.0,11.73,,3.72,3.72,0.0,7.9,2.36,36.47,0.91,C5,Braço,Bilateral frontal,Longo II,TECNOWATT,,0.58,,8.0,1.03,40.0,CEF06.120260611 - Simul_Recife_PV.xlsx,0
1.0,6.49,,1.41,1.6,0.0,6.11,1.95,22.22,0.82,C4,Braço,Unilateral,,LEDSTAR,,0.57,,12.51,5.85,28.0,CEF06.120260611 - Simul_Recife_PV.xlsx,0
1.0,6.49,,1.41,1.6,0.0,6.11,1.95,22.22,0.82,C4,Braço,Unilateral,,SX LIGHTING,,0.68,,12.81,12.94,22.5,CEF06.120260611 - Simul_Recife_PV.xlsx,0
1.0,6.49,,1.41,1.6,0.0,6.11,1.95,22.22,0.82,C4,Braço,Unilateral,,TECNOWATT,,0.72,,15.37,8.51,30.0,CEF06.120260611 - Simul_Recife_PV.xlsx,0
1.0,11.57,,2.081,2.404,0.0,7.58,2.57,7.58,1.06,C4,Braço,Bilateral alternada,,LEDSTAR,,0.95,,31.34,16.35,17.0,CEF06.120260611 - Simul_Recife_PV.xlsx,0
1.0,11.57,,2.081,2.404,0.0,7.58,2.57,7.58,1.06,C4,Braço,Bilateral alternada,,SX LIGHTING,,0.92,,41.94,18.36,22.5,CEF06.120260611 - Simul_Recife_PV.xlsx,0
1.0,11.57,,2.081,2.404,0.0,7.58,2.57,7.58,1.06,C4,Braço,Bilateral alternada,,TECNOWATT,,0.93,,60.41,27.54,30.0,CEF06.120260611 - Simul_Recife_PV.xlsx,0
1.0,6.65,,1.42,0.0,0.0,5.81,1.83,32.5,0.44,C4,Braço,Bilateral alternada,,LEDSTAR,,0.71,,10.76,5.39,17.0,CEF06.120260611 - Simul_Recife_PV.xlsx,0
1.0,6.65,,1.42,0.0,0.0,5.81,1.83,32.5,0.44,C4,Braço,Bilateral alternada,,SX LIGHTING,,0.76,,14.97,4.61,22.5,CEF06.120260611 - Simul_Recife_PV.xlsx,0
1.0,6.65,,1.42,0.0,0.0,5.81,1.83,32.5,0.44,C4,Braço,Bilateral alternada,,TECNOWATT,,0.74,,21.81,7.74,30.0,CEF06.120260611 - Simul_Recife_PV.xlsx,0
1.0,5.61,,,0.0,0.0,6.22,1.69,28.74,0.54,C5,Braço,Unilateral,,LEDSTAR,,0.41,,9.83,,28.0,CEF06.120260611 - Simul_Recife_PV.xlsx,0
1.0,5.61,,,0.0,0.0,6.22,1.69,28.74,0.54,C5,Braço,Unilateral,,SX LIGHTING,,0.53,,8.25,,22.5,CEF06.120260611 - Simul_Recife_PV.xlsx,0
1.0,5.61,,,0.0,0.0,6.22,1.69,28.74,0.54,C5,Braço,Unilateral,,TECNOWATT,,0.54,,12.23,,30.0,CEF06.120260611 - Simul_Recife_PV.xlsx,0
1.0,3.5,,,1.2,0.0,6.738,2.01,30.37,0.81,C5,Braço,Unilateral,,LEDSTAR,,0.4,,10.04,,28.0,CEF06.120260611 - Simul_Recife_PV.xlsx,0
1.0,3.5,,,1.2,0.0,6.738,2.01,30.37,0.81,C5,Braço,Unilateral,,SX LIGHTING,,0.5,,8.41,,22.5,CEF06.120260611 - Simul_Recife_PV.xlsx,0
1.0,3.5,,,1.2,0.0,6.738,2.01,30.37,0.81,C5,Braço,Unilateral,,TECNOWATT,,0.52,,12.51,,30.0,CEF06.120260611 - Simul_Recife_PV.xlsx,0
1.0,5.92,1.82,0.94,1.82,0.0,7.39,1.6,21.97,0.54,C4,Braço,Unilateral,,LEDSTAR,,0.68,,10.97,6.07,28.0,CEF06.120260611 - Simul_Recife_PV.xlsx,0
1.0,5.92,1.82,0.94,1.82,0.0,7.39,1.6,21.97,0.54,C4,Braço,Unilateral,,SX LIGHTING,,0.84,,13.67,8.34,31.0,CEF06.120260611 - Simul_Recife_PV.xlsx,0
1.0,5.92,1.82,0.94,1.82,0.0,7.39,1.6,21.97,0.54,C4,Braço,Unilateral,,TECNOWATT,,0.8,,13.72,7.82,30.0,CEF06.120260611 - Simul_Recife_PV.xlsx,0
1.0,3.93,,2.06,1.9,0.0,6.27,1.5,27.7,0.6,C5,Braço,Unilateral,,LEDSTAR,,0.42,,10.48,3.42,28.0,CEF06.120260611 - Simul_Recife_PV.xlsx,0
1.0,3.93,,2.06,1.9,0.0,6.27,1.5,27.7,0.6,C5,Braço,Unilateral,,SX LIGHTING,,0.57,,8.72,2.84,22.5,CEF06.120260611 - Simul_Recife_PV.xlsx,0
1.0,3.93,,2.06,1.9,0.0,6.27,1.5,27.7,0.6,C5,Braço,Unilateral,,TECNOWATT,,0.55,,13.21,5.0,30.0,CEF06.120260611 - Simul_Recife_PV.xlsx,0
1.0,7.0,,2.2,1.36,0.0,5.76,1.77,23.15,0.93,C4,Braço,Unilateral,,LEDSTAR,,0.48,,12.08,3.71,28.0,CEF06.120260611 - Simul_Recife_PV.xlsx,0
1.0,7.0,,2.2,1.36,0.0,5.76,1.77,23.15,0.93,C4,Braço,Unilateral,,SX LIGHTING,,0.67,,10.02,2.22,22.5,CEF06.120260611 - Simul_Recife_PV.xlsx,0
1.0,7.0,,2.2,1.36,0.0,5.76,1.77,23.15,0.93,C4,Braço,Unilateral,,TECNOWATT,,0.62,,14.52,3.76,30.0,CEF06.120260611 - Simul_Recife_PV.xlsx,0
1.0,6.9,,1.6,1.54,0.0,7.38,1.77,36.07,0.76,C3,Braço,Unilateral,,LEDSTAR,,0.36,,15.17,3.74,65.0,CEF06.120260611 - Simul_Recife_PV.xlsx,0
1.0,6.9,,1.6,1.54,0.0,7.38,1.77,36.07,0.76,C3,Braço,Unilateral,,SX LIGHTING,,0.4,,19.39,5.56,70.0,CEF06.120260611 - Simul_Recife_PV.xlsx,0
1.0,6.9,,1.6,1.54,0.0,7.38,1.77,36.07,0.76,C3,Braço,Unilateral,,TECNOWATT,,0.42,,15.28,4.46,60.0,CEF06.120260611 - Simul_Recife_PV.xlsx,0
1.0,4.48,,4.05,0.0,0.0,7.65,2.04,22.71,1.72,C4,Braço,Unilateral,,LEDSTAR,,0.68,,10.48,1.87,28.0,CEF06.120260611 - Simul_Recife_PV.xlsx,0
1.0,4.48,,4.05,0.0,0.0,7.65,2.04,22.71,1.72,C4,Braço,Unilateral,,SX LIGHTING,,0.84,,13.01,1.55,31.0,CEF06.120260611 - Simul_Recife_PV.xlsx,0
1.0,4.48,,4.05,0.0,0.0,7.65,2.04,22.71,1.72,C4,Braço,Unilateral,,TECNOWATT,,0.8,,13.21,2.49,30.0,CEF06.120260611 - Simul_Recife_PV.xlsx,0
1.0,6.18,,2.45,3.38,0.0,6.63,2.01,37.82,1.2,C4,Braço,Unilateral,,LEDSTAR,,0.29,,10.56,2.2,44.0,CEF06.120260611 - Simul_Recife_PV.xlsx,0
1.0,6.18,,2.45,3.38,0.0,6.63,2.01,37.82,1.2,C4,Braço,Unilateral,,SX LIGHTING,,0.31,,10.04,1.46,39.0,CEF06.120260611 - Simul_Recife_PV.xlsx,0
1.0,6.18,,2.45,3.38,0.0,6.63,2.01,37.82,1.2,C4,Braço,Unilateral,Médio I,TECNOWATT,,0.25,,10.89,1.92,40.0,CEF06.120260611 - Simul_Recife_PV.xlsx,0
1.0,3.05,,1.86,0.0,0.0,8.0,1.93,31.5,1.26,C3,Braço,Unilateral,,LEDSTAR,,0.44,,16.3,5.86,44.0,CEF06.120260611 - Simul_Recife_PV.xlsx,0
1.0,3.05,,1.86,0.0,0.0,8.0,1.93,31.5,1.26,C3,Braço,Unilateral,Médio II,SX LIGHTING,,0.52,,16.09,5.19,31.0,CEF06.120260611 - Simul_Recife_PV.xlsx,0
1.0,3.05,,1.86,0.0,0.0,8.0,1.93,31.5,1.26,C3,Braço,Unilateral,Médio II,TECNOWATT,,0.43,,19.2,6.33,30.0,CEF06.120260611 - Simul_Recife_PV.xlsx,0
1.0,,,4.32,0.0,0.0,4.48,0.54,12.78,0.88,P6,Braço,Unilateral,,LEDSTAR,,,,,12.4,17.0,CEF06.120260611 - Simul_Recife_PV.xlsx,0
1.0,,,4.32,0.0,0.0,4.48,0.54,12.78,0.88,P6,Braço,Unilateral,,SX LIGHTING,,,,,20.0,22.5,CEF06.120260611 - Simul_Recife_PV.xlsx,0
1.0,,,4.32,0.0,0.0,4.48,0.54,12.78,0.88,P6,Braço,Unilateral,,TECNOWATT,,,,,27.12,30.0,CEF06.120260611 - Simul_Recife_PV.xlsx,0
1.0,2.74,,,1.23,0.0,7.4,1.56,29.0,1.78,C4,Braço,Unilateral,,LEDSTAR,,0.56,,11.06,,35.0,CEF06.120260611 - Simul_Recife_PV.xlsx,0
1.0,2.74,,,1.23,0.0,7.4,1.56,29.0,1.78,C4,Braço,Unilateral,,SX LIGHTING,,0.74,,10.68,,31.0,CEF06.120260611 - Simul_Recife_PV.xlsx,0
1.0,2.74,,,1.23,0.0,7.4,1.56,29.0,1.78,C4,Braço,Unilateral,,TECNOWATT,,0.68,,10.97,,30.0,CEF06.120260611 - Simul_Recife_PV.xlsx,0
1.0,4.15,,,0.0,0.0,7.16,1.84,31.0,0.0,C4,Braço,Unilateral,,LEDSTAR,,0.43,,10.2,,35.0,CEF06.120260611 - Simul_Recife_PV.xlsx,0
1.0,4.15,,,0.0,0.0,7.16,1.84,31.0,0.0,C4,Braço,Unilateral,,SX LIGHTING,,0.55,,11.75,,39.0,CEF06.120260611 - Simul_Recife_PV.xlsx,0
1.0,4.15,,,0.0,0.0,7.16,1.84,31.0,0.0,C4,Braço,Unilateral,,TECNOWATT,,0.54,,10.03,,30.0,CEF06.120260611 - Simul_Recife_PV.xlsx,0
2.0,7.0,,,2.95,,12.1,1.0,41.0,1.29,C5,Suporte,Canteiro central,,LEDSTAR,,0.56,,8.68,,65.0,CEF06.120260611 - Simul_Recife_PV.xlsx,0
2.0,7.0,,,2.95,,12.1,1.0,41.0,1.29,C5,Suporte,Canteiro central,,SX LIGHTING,,0.75,,7.68,,50.0,CEF06.120260611 - Simul_Recife_PV.xlsx,0
2.0,7.0,,,2.95,,12.1,1.0,41.0,1.29,C5,Suporte,Canteiro central,Médio I,TECNOWATT,,0.74,,8.85,,60.0,CEF06.120260611 - Simul_Recife_PV.xlsx,0
1.0,4.2,,1.94,0.0,0.0,5.9,2.0,26.6,2.16,C4,Braço,Unilateral,,LEDSTAR,,0.38,,12.14,3.79,28.0,CEF06.120260611 - Simul_Recife_PV.xlsx,0
1.0,4.2,,1.94,0.0,0.0,5.9,2.0,26.6,2.16,C4,Braço,Unilateral,,SX LIGHTING,,0.52,,10.16,2.92,22.5,CEF06.120260611 - Simul_Recife_PV.xlsx,0
1.0,4.2,,1.94,0.0,0.0,5.9,2.0,26.6,2.16,C4,Braço,Unilateral,,TECNOWATT,,0.51,,14.9,5.48,30.0,CEF06.120260611 - Simul_Recife_PV.xlsx,0
1.0,6.16,8.55,2.92,2.6,1.62,12.07,1.79,29.86,0.97,C5,Suporte,Canteiro central,,LEDSTAR,,0.72,,8.96,3.27,72.0,CEF06.120260611 - Simul_Recife_PV.xlsx,0
1.0,6.16,8.55,2.92,2.6,1.62,12.07,1.79,29.86,0.97,C5,Suporte,Canteiro central,,SX LIGHTING,,0.79,,9.63,3.77,70.0,CEF06.120260611 - Simul_Recife_PV.xlsx,0
1.0,6.16,8.55,2.92,2.6,1.62,12.07,1.79,29.86,0.97,C5,Suporte,Canteiro central,,TECNOWATT,,0.7,,10.75,2.99,100.0,CEF06.120260611 - Simul_Recife_PV.xlsx,0
1.0,6.7,,2.15,4.05,0.0,7.29,2.6,35.12,0.75,C4,Braço,Unilateral,,LEDSTAR,,0.37,,10.53,2.9,44.0,CEF06.120260611 - Simul_Recife_PV.xlsx,0
1.0,6.7,,2.15,4.05,0.0,7.29,2.6,35.12,0.75,C4,Braço,Unilateral,,SX LIGHTING,,0.47,,10.07,2.69,39.0,CEF06.120260611 - Simul_Recife_PV.xlsx,0
1.0,6.7,,2.15,4.05,0.0,7.29,2.6,35.12,0.75,C4,Braço,Unilateral,,TECNOWATT,,0.42,,11.55,2.91,40.0,CEF06.120260611 - Simul_Recife_PV.xlsx,0
1.0,3.07,,,1.89,0.0,5.6,1.55,55.0,0.0,C5,Braço,Unilateral,,LEDSTAR,,0.25,,8.13,1.4,72.0,CEF06.120260611 - Simul_Recife_PV.xlsx,0
1.0,3.07,,,1.89,0.0,5.6,1.55,55.0,0.0,C5,Braço,Unilateral,,SX LIGHTING,,0.45,,8.93,2.11,22.5,CEF06.120260611 - Simul_Recife_PV.xlsx,0
1.0,3.07,,,1.89,0.0,5.6,1.55,55.0,0.0,C5,Braço,Unilateral,,TECNOWATT,,0.42,,14.26,3.67,30.0,CEF06.120260611 - Simul_Recife_PV.xlsx,0
1.0,,,2.83,0.0,0.0,7.78,0.89,18.05,1.04,P5,Braço,Unilateral,,LEDSTAR,,,,,10.31,17.0,CEF06.120260611 - Simul_Recife_PV.xlsx,0
1.0,,,2.83,0.0,0.0,7.78,0.89,18.05,1.04,P5,Braço,Unilateral,,SX LIGHTING,,,,,14.37,22.5,CEF06.120260611 - Simul_Recife_PV.xlsx,0
1.0,,,2.83,0.0,0.0,7.78,0.89,18.05,1.04,P5,Braço,Unilateral,,TECNOWATT,,,,,21.5,30.0,CEF06.120260611 - Simul_Recife_PV.xlsx,0
1.0,4.6,,1.26,0.0,0.0,6.65,2.26,22.46,0.3,C4,Braço,Unilateral,,LEDSTAR,,0.56,,11.85,5.39,28.0,CEF06.120260611 - Simul_Recife_PV.xlsx,0
1.0,4.6,,1.26,0.0,0.0,6.65,2.26,22.46,0.3,C4,Braço,Unilateral,,SX LIGHTING,,0.72,,14.56,6.97,31.0,CEF06.120260611 - Simul_Recife_PV.xlsx,0
1.0,4.6,,1.26,0.0,0.0,6.65,2.26,22.46,0.3,C4,Braço,Unilateral,,TECNOWATT,,0.68,,14.8,7.22,30.0,CEF06.120260611 - Simul_Recife_PV.xlsx,0
1.0,5.89,9.03,2.59,2.76,1.83,10.59,2.92,35.26,1.16,C4,Braço,Unilateral,,LEDSTAR,,0.6,,14.19,3.77,52.0,CEF06.120260611 - Simul_Recife_PV.xlsx,0
1.0,5.89,9.03,2.59,2.76,1.83,10.59,2.92,35.26,1.16,C4,Braço,Unilateral,,SX LIGHTING,,0.72,,16.64,3.37,50.0,CEF06.120260611 - Simul_Recife_PV.xlsx,0
1.0,5.89,9.03,2.59,2.76,1.83,10.59,2.92,35.26,1.16,C4,Braço,Unilateral,,TECNOWATT,,0.69,,17.38,2.99,60.0,CEF06.120260611 - Simul_Recife_PV.xlsx,0
2.0,6.75,,,4.59,0.0,6.47,1.83,13.05,2.11,C3,Braço,Unilateral,,LEDSTAR,,0.7,,17.67,,28.0,CEF06.120260611 - Simul_Recife_PV.xlsx,0
2.0,6.75,,,4.59,0.0,6.47,1.83,13.05,2.11,C3,Braço,Unilateral,,SX LIGHTING,,0.72,,22.02,,31.0,CEF06.120260611 - Simul_Recife_PV.xlsx,0
2.0,6.75,,,4.59,0.0,6.47,1.83,13.05,2.11,C3,Braço,Unilateral,,TECNOWATT,,0.65,,21.88,,30.0,CEF06.120260611 - Simul_Recife_PV.xlsx,0
1.0,4.52,,1.2,0.0,0.0,6.44,2.1,37.04,0.66,C5,Braço,Unilateral,,LEDSTAR,,0.25,,7.54,1.5,28.0,CEF06.120260611 - Simul_Recife_PV.xlsx,0
1.0,4.52,,1.2,0.0,0.0,6.44,2.1,37.04,0.66,C5,Braço,Unilateral,Médio I,SX LIGHTING,,0.26,,8.68,1.19,31.0,CEF06.120260611 - Simul_Recife_PV.xlsx,0
1.0,4.52,,1.2,0.0,0.0,6.44,2.1,37.04,0.66,C5,Braço,Unilateral,,TECNOWATT,,0.23,,9.46,1.61,30.0,CEF06.120260611 - Simul_Recife_PV.xlsx,0
1.0,6.67,,2.56,2.51,0.0,5.89,2.07,29.95,1.1,C4,Braço,Unilateral,,LEDSTAR,,0.38,,12.14,2.27,35.0,CEF06.120260611 - Simul_Recife_PV.xlsx,0
1.0,6.67,,2.56,2.51,0.0,5.89,2.07,29.95,1.1,C4,Braço,Unilateral,,SX LIGHTING,,0.41,,11.61,1.56,31.0,CEF06.120260611 - Simul_Recife_PV.xlsx,0
1.0,6.67,,2.56,2.51,0.0,5.89,2.07,29.95,1.1,C4,Braço,Unilateral,,TECNOWATT,,0.48,,11.44,2.28,30.0,CEF06.120260611 - Simul_Recife_PV.xlsx,0
1.0,3.03,,,0.0,0.0,6.49,1.66,19.4,1.06,C5,Braço,Unilateral,,LEDSTAR,,0.66,,8.79,,17.0,CEF06.120260611 - Simul_Recife_PV.xlsx,0
1.0,3.03,,,0.0,0.0,6.49,1.66,19.4,1.06,C5,Braço,Unilateral,,SX LIGHTING,,0.79,,12.15,,22.5,CEF06.120260611 - Simul_Recife_PV.xlsx,0
1.0,3.03,,,0.0,0.0,6.49,1.66,19.4,1.06,C5,Braço,Unilateral,,TECNOWATT,,0.76,,18.51,,30.0,CEF06.120260611 - Simul_Recife_PV.xlsx,0
2.0,8.91,,3.16,2.87,0.0,6.47,1.84,43.73,0.85,C3,Braço,Unilateral,Médio II,LEDSTAR,,0.22,,15.88,3.6,85.0,CEF06.120260611 - Simul_Recife_PV.xlsx,0
2.0,8.91,,3.16,2.87,0.0,6.47,1.84,43.73,0.85,C3,Braço,Unilateral,Médio II,SX LIGHTING,,0.26,,15.23,3.42,70.0,CEF06.120260611 - Simul_Recife_PV.xlsx,0
2.0,8.91,,3.16,2.87,0.0,6.47,1.84,43.73,0.85,C3,Braço,Unilateral,Médio II,TECNOWATT,,0.3,,15.08,2.89,80.0,CEF06.120260611 - Simul_Recife_PV.xlsx,0
2.0,11.46,,3.96,4.06,0.0,7.47,3.1,29.1,1.77,C4,Braço,Unilateral,,LEDSTAR,,0.43,,10.15,3.71,44.0,CEF06.120260611 - Simul_Recife_PV.xlsx,0
2.0,11.46,,3.96,4.06,0.0,7.47,3.1,29.1,1.77,C4,Braço,Unilateral,,SX LIGHTING,,0.48,,14.08,3.96,50.0,CEF06.120260611 - Simul_Recife_PV.xlsx,0
2.0,11.46,,3.96,4.06,0.0,7.47,3.1,29.1,1.77,C4,Braço,Unilateral,,TECNOWATT,,0.42,,15.02,4.48,60.0,CEF06.120260611 - Simul_Recife_PV.xlsx,0
1.0,4.93,,,0.0,0.0,6.84,1.27,17.97,0.0,C5,Braço,Unilateral,,LEDSTAR,,0.74,,8.82,,17.0,CEF06.120260611 - Simul_Recife_PV.xlsx,0
1.0,4.93,,,0.0,0.0,6.84,1.27,17.97,0.0,C5,Braço,Unilateral,,SX LIGHTING,,0.83,,12.24,,22.5,CEF06.120260611 - Simul_Recife_PV.xlsx,0
1.0,4.93,,,0.0,0.0,6.84,1.27,17.97,0.0,C5,Braço,Unilateral,,TECNOWATT,,0.79,,18.42,,30.0,CEF06.120260611 - Simul_Recife_PV.xlsx,0
1.0,5.98,,1.98,1.98,0.0,5.56,1.8,22.5,0.72,C4,Braço,Unilateral,,LEDSTAR,,0.51,,13.56,5.03,28.0,CEF06.120260611 - Simul_Recife_PV.xlsx,0
1.0,5.98,,1.98,1.98,0.0,5.56,1.8,22.5,0.72,C4,Braço,Unilateral,,SX LIGHTING,,0.67,,11.38,4.27,22.5,CEF06.120260611 - Simul_Recife_PV.xlsx,0
1.0,5.98,,1.98,1.98,0.0,5.56,1.8,22.5,0.72,C4,Braço,Unilateral,,TECNOWATT,,0.69,,16.64,7.14,30.0,CEF06.120260611 - Simul_Recife_PV.xlsx,0
2.0,11.3,,3.19,2.28,0.0,7.46,2.49,18.46,1.91,C3,Braço,Unilateral,,LEDSTAR,,0.56,,17.74,11.21,52.0,CEF06.120260611 - Simul_Recife_PV.xlsx,0
2.0,11.3,,3.19,2.28,0.0,7.46,2.49,18.46,1.91,C3,Braço,Unilateral,Longo II,SX LIGHTING,,0.71,,20.12,8.2,50.0,CEF06.120260611 - Simul_Recife_PV.xlsx,0
2.0,11.3,,3.19,2.28,0.0,7.46,2.49,18.46,1.91,C3,Braço,Unilateral,Longo II,TECNOWATT,,0.61,,22.4,10.64,60.0,CEF06.120260611 - Simul_Recife_PV.xlsx,0
1.0,6.9,,2.34,2.89,0.0,6.76,2.04,21.77,1.32,C4,Braço,Unilateral,,LEDSTAR,,0.61,,11.44,6.06,28.0,CEF06.120260611 - Simul_Recife_PV.xlsx,0
1.0,6.9,,2.34,2.89,0.0,6.76,2.04,21.77,1.32,C4,Braço,Unilateral,,SX LIGHTING,,0.79,,14.18,8.14,31.0,CEF06.120260611 - Simul_Recife_PV.xlsx,0
1.0,6.9,,2.34,2.89,0.0,6.76,2.04,21.77,1.32,C4,Braço,Unilateral,,TECNOWATT,,0.73,,13.97,8.16,30.0,CEF06.120260611 - Simul_Recife_PV.xlsx,0
1.0,7.23,,2.06,2.06,0.0,7.57,1.94,36.99,1.11,C5,Braço,Unilateral,,LEDSTAR,,0.4,,7.89,2.3,35.0,CEF06.120260611 - Simul_Recife_PV.xlsx,0
1.0,7.23,,2.06,2.06,0.0,7.57,1.94,36.99,1.11,C5,Braço,Unilateral,,SX LIGHTING,,0.46,,7.6,1.63,31.0,CEF06.120260611 - Simul_Recife_PV.xlsx,0
1.0,7.23,,2.06,2.06,0.0,7.57,1.94,36.99,1.11,C5,Braço,Unilateral,,TECNOWATT,,0.51,,7.52,2.73,30.0,CEF06.120260611 - Simul_Recife_PV.xlsx,0
1.0,3.86,,,0.0,0.0,6.92,1.98,38.62,4.37,C5,Braço,Unilateral,,LEDSTAR,,0.3,,7.57,,35.0,CEF06.120260611 - Simul_Recife_PV.xlsx,0
1.0,3.86,,,0.0,0.0,6.92,1.98,38.62,4.37,C5,Braço,Unilateral,,SX LIGHTING,,0.44,,8.46,,39.0,CEF06.120260611 - Simul_Recife_PV.xlsx,0
1.0,3.86,,,0.0,0.0,6.92,1.98,38.62,4.37,C5,Braço,Unilateral,,TECNOWATT,,0.22,,8.95,,40.0,CEF06.120260611 - Simul_Recife_PV.xlsx,0
1.0,3.03,,,0.0,0.0,6.42,1.66,19.4,0.66,C5,Braço,Unilateral,,LEDSTAR,,0.65,,8.82,,17.0,CEF06.120260611 - Simul_Recife_PV.xlsx,0
1.0,3.03,,,0.0,0.0,6.42,1.66,19.4,0.66,C5,Braço,Unilateral,,SX LIGHTING,,0.77,,12.18,,22.5,CEF06.120260611 - Simul_Recife_PV.xlsx,0
1.0,3.03,,,0.0,0.0,6.42,1.66,19.4,0.66,C5,Braço,Unilateral,,TECNOWATT,,0.74,,18.44,,30.0,CEF06.120260611 - Simul_Recife_PV.xlsx,0
1.0,6.07,,3.07,2.59,0.0,5.93,1.55,27.5,2.14,C4,Braço,Unilateral,,LEDSTAR,,0.42,,12.05,4.6,35.0,CEF06.120260611 - Simul_Recife_PV.xlsx,0
1.0,6.07,,3.07,2.59,0.0,5.93,1.55,27.5,2.14,C4,Braço,Unilateral,,SX LIGHTING,,0.61,,11.43,2.85,31.0,CEF06.120260611 - Simul_Recife_PV.xlsx,0
1.0,6.07,,3.07,2.59,0.0,5.93,1.55,27.5,2.14,C4,Braço,Unilateral,,TECNOWATT,,0.59,,11.15,4.78,30.0,CEF06.120260611 - Simul_Recife_PV.xlsx,0
1.0,7.03,,2.11,1.43,0.0,7.5,1.75,14.46,1.68,C5,Braço,Unilateral,,LEDSTAR,,0.78,,9.27,7.66,17.0,CEF06.120260611 - Simul_Recife_PV.xlsx,0
1.0,7.03,,2.11,1.43,0.0,7.5,1.75,14.46,1.68,C5,Braço,Unilateral,,SX LIGHTING,,0.81,,12.8,10.65,22.5,CEF06.120260611 - Simul_Recife_PV.xlsx,0
1.0,7.03,,2.11,1.43,0.0,7.5,1.75,14.46,1.68,C5,Braço,Unilateral,,TECNOWATT,,0.72,,18.66,14.95,30.0,CEF06.120260611 - Simul_Recife_PV.xlsx,0
1.0,6.8,,2.11,1.4,0.0,7.68,2.0,34.37,1.17,C4,Braço,Unilateral,,LEDSTAR,,0.45,,10.1,3.62,44.0,CEF06.120260611 - Simul_Recife_PV.xlsx,0
1.0,6.8,,2.11,1.4,0.0,7.68,2.0,34.37,1.17,C4,Braço,Unilateral,,SX LIGHTING,,0.59,,14.04,5.32,50.0,CEF06.120260611 - Simul_Recife_PV.xlsx,0
1.0,6.8,,2.11,1.4,0.0,7.68,2.0,34.37,1.17,C4,Braço,Unilateral,,TECNOWATT,,0.56,,11.0,4.49,40.0,CEF06.120260611 - Simul_Recife_PV.xlsx,0
1.0,9.06,,4.08,2.58,0.0,6.61,1.85,36.29,1.65,C4,Braço,Unilateral,,LEDSTAR,,0.33,,10.73,2.15,52.0,CEF06.120260611 - Simul_Recife_PV.xlsx,0
1.0,9.06,,4.08,2.58,0.0,6.61,1.85,36.29,1.65,C4,Braço,Unilateral,,SX LIGHTING,,0.45,,12.65,0.87,50.0,CEF06.120260611 - Simul_Recife_PV.xlsx,0
1.0,9.06,,4.08,2.58,0.0,6.61,1.85,36.29,1.65,C4,Braço,Unilateral,,TECNOWATT,,0.35,,13.61,1.47,60.0,CEF06.120260611 - Simul_Recife_PV.xlsx,0
1.0,5.11,,2.09,1.8,0.0,7.85,2.05,29.15,0.87,C4,Braço,Unilateral,,LEDSTAR,,0.58,,10.15,4.53,35.0,CEF06.120260611 - Simul_Recife_PV.xlsx,0
1.0,5.11,,2.09,1.8,0.0,7.85,2.05,29.15,0.87,C4,Braço,Unilateral,,SX LIGHTING,,0.66,,11.55,5.75,39.0,CEF06.120260611 - Simul_Recife_PV.xlsx,0
1.0,5.11,,2.09,1.8,0.0,7.85,2.05,29.15,0.87,C4,Braço,Unilateral,,TECNOWATT,,0.69,,9.99,5.02,30.0,CEF06.120260611 - Simul_Recife_PV.xlsx,0
1.0,4.63,,,0.0,0.0,7.58,1.69,11.46,0.0,C5,Braço,Unilateral,,LEDSTAR,,0.9,,12.5,,17.0,CEF06.120260611 - Simul_Recife_PV.xlsx,0
1.0,4.63,,,0.0,0.0,7.58,1.69,11.46,0.0,C5,Braço,Unilateral,,SX LIGHTING,,0.93,,17.27,,22.5,CEF06.120260611 - Simul_Recife_PV.xlsx,0
1.0,4.63,,,0.0,0.0,7.58,1.69,11.46,0.0,C5,Braço,Unilateral,,TECNOWATT,,0.87,,26.02,,30.0,CEF06.120260611 - Simul_Recife_PV.xlsx,0
1.0,4.06,,,0.0,0.0,5.95,1.68,29.33,0.69,C5,Braço,Unilateral,,LEDSTAR,,0.35,,10.37,,28.0,CEF06.120260611 - Simul_Recife_PV.xlsx,0
1.0,4.06,,,0.0,0.0,5.95,1.68,29.33,0.69,C5,Braço,Unilateral,,SX LIGHTING,,0.42,,8.66,,22.5,CEF06.120260611 - Simul_Recife_PV.xlsx,0
1.0,4.06,,,0.0,0.0,5.95,1.68,29.33,0.69,C5,Braço,Unilateral,,TECNOWATT,,0.44,,13.04,,30.0,CEF06.120260611 - Simul_Recife_PV.xlsx,0
1.0,7.55,,3.32,3.18,0.0,6.85,1.7,14.62,1.4,C4,Braço,Unilateral,,LEDSTAR,,0.72,,15.99,10.75,28.0,CEF06.120260611 - Simul_Recife_PV.xlsx,0
1.0,7.55,,3.32,3.18,0.0,6.85,1.7,14.62,1.4,C4,Braço,Unilateral,,SX LIGHTING,,0.73,,13.26,8.38,22.5,CEF06.120260611 - Simul_Recife_PV.xlsx,0
1.0,7.55,,3.32,3.18,0.0,6.85,1.7,14.62,1.4,C4,Braço,Unilateral,,TECNOWATT,,0.64,,19.18,11.83,30.0,CEF06.120260611 - Simul_Recife_PV.xlsx,0
1.0,4.0,,0.55,0.7,0.0,6.5,1.92,32.0,-0.55,C5,Braço,Unilateral,,LEDSTAR,,0.32,,8.12,3.3,28.0,CEF06.120260611 - Simul_Recife_PV.xlsx,0
1.0,4.0,,0.55,0.7,0.0,6.5,1.92,32.0,-0.55,C5,Braço,Unilateral,,SX LIGHTING,,0.26,,9.89,5.38,31.0,CEF06.120260611 - Simul_Recife_PV.xlsx,0
1.0,4.0,,0.55,0.7,0.0,6.5,1.92,32.0,-0.55,C5,Braço,Unilateral,,TECNOWATT,,0.4,,10.02,5.3,30.0,CEF06.120260611 - Simul_Recife_PV.xlsx,0
1.0,7.14,,1.07,1.25,0.0,8.5,3.196,28.96,1.432,C5,Braço,Unilateral,,LEDSTAR,,0.63,,9.26,5.72,35.0,CEF06.120260611 - Simul_Recife_PV.xlsx,0
1.0,7.14,,1.07,1.25,0.0,8.5,3.196,28.96,1.432,C5,Braço,Unilateral,,SX LIGHTING,,0.76,,9.0,6.61,31.0,CEF06.120260611 - Simul_Recife_PV.xlsx,0
1.0,7.14,,1.07,1.25,0.0,8.5,3.196,28.96,1.432,C5,Braço,Unilateral,,TECNOWATT,,0.74,,9.02,6.03,30.0,CEF06.120260611 - Simul_Recife_PV.xlsx,0
1.0,6.85,,1.95,2.24,0.0,5.5,1.5,40.1,0.5,C4,Braço,Unilateral,Médio I,LEDSTAR,,0.27,,11.13,2.21,52.0,CEF06.120260611 - Simul_Recife_PV.xlsx,0
1.0,6.85,,1.95,2.24,0.0,5.5,1.5,40.1,0.5,C4,Braço,Unilateral,Médio I,SX LIGHTING,,0.27,,13.18,1.45,50.0,CEF06.120260611 - Simul_Recife_PV.xlsx,0
1.0,6.85,,1.95,2.24,0.0,5.5,1.5,40.1,0.5,C4,Braço,Unilateral,Médio I,TECNOWATT,,0.18,,10.26,1.31,40.0,CEF06.120260611 - Simul_Recife_PV.xlsx,0
1.0,9.07,,1.8,0.0,0.0,7.5,3.5,15.58,1.28,C3,Braço,Unilateral,,LEDSTAR,,0.83,,18.42,10.98,35.0,CEF06.120260611 - Simul_Recife_PV.xlsx,0
1.0,9.07,,1.8,0.0,0.0,7.5,3.5,15.58,1.28,C3,Braço,Unilateral,,SX LIGHTING,,0.85,,17.8,8.95,31.0,CEF06.120260611 - Simul_Recife_PV.xlsx,0
1.0,9.07,,1.8,0.0,0.0,7.5,3.5,15.58,1.28,C3,Braço,Unilateral,,TECNOWATT,,0.75,,17.47,9.33,30.0,CEF06.120260611 - Simul_Recife_PV.xlsx,0
1.0,7.0,,1.2,1.7,0.0,7.3,2.3,19.93,0.6,C4,Braço,Unilateral,,LEDSTAR,,0.73,,12.0,7.14,28.0,CEF06.120260611 - Simul_Recife_PV.xlsx,0
1.0,7.0,,1.2,1.7,0.0,7.3,2.3,19.93,0.6,C4,Braço,Unilateral,,SX LIGHTING,,0.84,,10.08,6.31,22.5,CEF06.120260611 - Simul_Recife_PV.xlsx,0
1.0,7.0,,1.2,1.7,0.0,7.3,2.3,19.93,0.6,C4,Braço,Unilateral,,TECNOWATT,,0.81,,14.9,8.99,30.0,CEF06.120260611 - Simul_Recife_PV.xlsx,0
1.0,5.12,,1.0,1.12,0.0,5.5,1.52,24.8,0.0,C5,Braço,Unilateral,,LEDSTAR,,0.43,,7.75,3.47,17.0,CEF06.120260611 - Simul_Recife_PV.xlsx,0
1.0,5.12,,1.0,1.12,0.0,5.5,1.52,24.8,0.0,C5,Braço,Unilateral,,SX LIGHTING,,0.51,,10.77,6.34,22.5,CEF06.120260611 - Simul_Recife_PV.xlsx,0
1.0,5.12,,1.0,1.12,0.0,5.5,1.52,24.8,0.0,C5,Braço,Unilateral,,TECNOWATT,,0.53,,16.0,8.55,30.0,CEF06.120260611 - Simul_Recife_PV.xlsx,0
1.0,5.0,,1.0,0.95,0.0,6.7,2.23,33.83,0.64,C5,Braço,Unilateral,,LEDSTAR,,0.33,,7.9,2.85,28.0,CEF06.120260611 - Simul_Recife_PV.xlsx,0
1.0,5.0,,1.0,0.95,0.0,6.7,2.23,33.83,0.64,C5,Braço,Unilateral,,SX LIGHTING,,0.32,,9.8,4.3,31.0,CEF06.120260611 - Simul_Recife_PV.xlsx,0
1.0,5.0,,1.0,0.95,0.0,6.7,2.23,33.83,0.64,C5,Braço,Unilateral,,TECNOWATT,,0.4,,9.9,4.6,30.0,CEF06.120260611 - Simul_Recife_PV.xlsx,0
1.0,3.87,,,0.97,0.0,5.5,2.05,27.52,0.0,C5,Braço,Unilateral,,LEDSTAR,,0.32,,11.35,,28.0,CEF06.120260611 - Simul_Recife_PV.xlsx,0
1.0,3.87,,,0.97,0.0,5.5,2.05,27.52,0.0,C5,Braço,Unilateral,,SX LIGHTING,,0.32,,9.44,,22.5,CEF06.120260611 - Simul_Recife_PV.xlsx,0
1.0,3.87,,,0.97,0.0,5.5,2.05,27.52,0.0,C5,Braço,Unilateral,,TECNOWATT,,0.39,,14.08,,30.0,CEF06.120260611 - Simul_Recife_PV.xlsx,0
1.0,6.92,,2.37,1.28,0.0,6.2,2.3,40.75,1.55,C5,Braço,Unilateral,Médio I,LEDSTAR,,0.26,,7.51,1.58,35.0,CEF06.120260611 - Simul_Recife_PV.xlsx,0
1.0,6.92,,2.37,1.28,0.0,6.2,2.3,40.75,1.55,C5,Braço,Unilateral,Médio I,SX LIGHTING,,0.35,,8.43,1.89,39.0,CEF06.120260611 - Simul_Recife_PV.xlsx,0
1.0,6.92,,2.37,1.28,0.0,6.2,2.3,40.75,1.55,C5,Braço,Unilateral,Médio I,TECNOWATT,,0.17,,9.39,1.39,40.0,CEF06.120260611 - Simul_Recife_PV.xlsx,0
1.0,5.97,,1.84,1.8,0.0,6.8,2.2,28.03,0.8,C4,Braço,Unilateral,,LEDSTAR,,0.51,,11.91,5.32,35.0,CEF06.120260611 - Simul_Recife_PV.xlsx,0
1.0,5.97,,1.84,1.8,0.0,6.8,2.2,28.03,0.8,C4,Braço,Unilateral,,SX LIGHTING,,0.63,,11.58,6.41,31.0,CEF06.120260611 - Simul_Recife_PV.xlsx,0
1.0,5.97,,1.84,1.8,0.0,6.8,2.2,28.03,0.8,C4,Braço,Unilateral,,TECNOWATT,,0.63,,11.56,5.94,30.0,CEF06.120260611 - Simul_Recife_PV.xlsx,0
1.0,6.77,,4.7,0.0,0.0,7.5,2.11,40.8,3.45,C4,Braço,Unilateral,,LEDSTAR,,0.27,,11.9,4.35,65.0,CEF06.120260611 - Simul_Recife_PV.xlsx,0
1.0,6.77,,4.7,0.0,0.0,7.5,2.11,40.8,3.45,C4,Braço,Unilateral,,SX LIGHTING,,0.48,,10.59,1.98,50.0,CEF06.120260611 - Simul_Recife_PV.xlsx,0
1.0,6.77,,4.7,0.0,0.0,7.5,2.11,40.8,3.45,C4,Braço,Unilateral,,TECNOWATT,,0.29,,11.02,2.69,60.0,CEF06.120260611 - Simul_Recife_PV.xlsx,0
1.0,6.0,,2.73,5.27,0.0,8.2,3.15,39.91,2.04,C4,Braço,Unilateral,,LEDSTAR,,0.44,,12.45,4.31,65.0,CEF06.120260611 - Simul_Recife_PV.xlsx,0
1.0,6.0,,2.73,5.27,0.0,8.2,3.15,39.91,2.04,C4,Braço,Unilateral,,SX LIGHTING,,0.45,,11.67,2.79,50.0,CEF06.120260611 - Simul_Recife_PV.xlsx,0
1.0,6.0,,2.73,5.27,0.0,8.2,3.15,39.91,2.04,C4,Braço,Unilateral,,TECNOWATT,,0.43,,11.2,3.45,50.0,CEF06.120260611 - Simul_Recife_PV.xlsx,0
1.0,7.55,,1.07,1.07,0.0,6.5,2.54,27.0,0.26,C4,Braço,Unilateral,,LEDSTAR,,0.49,,12.4,5.37,35.0,CEF06.120260611 - Simul_Recife_PV.xlsx,0
1.0,7.55,,1.07,1.07,0.0,6.5,2.54,27.0,0.26,C4,Braço,Unilateral,,SX LIGHTING,,0.57,,12.02,6.31,31.0,CEF06.120260611 - Simul_Recife_PV.xlsx,0
1.0,7.55,,1.07,1.07,0.0,6.5,2.54,27.0,0.26,C4,Braço,Unilateral,,TECNOWATT,,0.61,,11.83,5.94,30.0,CEF06.120260611 - Simul_Recife_PV.xlsx,0
1.0,6.01,,1.98,1.78,0.0,7.52,1.842,40.7,0.512,C4,Braço,Unilateral,,LEDSTAR,,0.3,,10.49,3.1,52.0,CEF06.120260611 - Simul_Recife_PV.xlsx,0
1.0,6.01,,1.98,1.78,0.0,7.52,1.842,40.7,0.512,C4,Braço,Unilateral,,SX LIGHTING,,0.32,,12.41,5.28,50.0,CEF06.120260611 - Simul_Recife_PV.xlsx,0
1.0,6.01,,1.98,1.78,0.0,7.52,1.842,40.7,0.512,C4,Braço,Unilateral,,TECNOWATT,,0.27,,11.83,2.27,50.0,CEF06.120260611 - Simul_Recife_PV.xlsx,0
1.0,6.94,,2.4,2.25,0.0,7.5,2.78,25.7,0.76,C4,Braço,Unilateral,,LEDSTAR,,0.62,,11.69,6.11,35.0,CEF06.120260611 - Simul_Recife_PV.xlsx,0
1.0,6.94,,2.4,2.25,0.0,7.5,2.78,25.7,0.76,C4,Braço,Unilateral,,SX LIGHTING,,0.76,,11.34,6.59,31.0,CEF06.120260611 - Simul_Recife_PV.xlsx,0
1.0,6.94,,2.4,2.25,0.0,7.5,2.78,25.7,0.76,C4,Braço,Unilateral,,TECNOWATT,,0.72,,11.33,6.0,30.0,CEF06.120260611 - Simul_Recife_PV.xlsx,0
1.0,3.32,,,0.0,0.0,8.5,2.1,19.32,1.9,C4,Braço,Unilateral,,LEDSTAR,,0.81,,11.28,,28.0,CEF06.120260611 - Simul_Recife_PV.xlsx,0
1.0,3.32,,,0.0,0.0,8.5,2.1,19.32,1.9,C4,Braço,Unilateral,,SX LIGHTING,,0.91,,13.94,,31.0,CEF06.120260611 - Simul_Recife_PV.xlsx,0
1.0,3.32,,,0.0,0.0,8.5,2.1,19.32,1.9,C4,Braço,Unilateral,,TECNOWATT,,0.83,,14.33,,30.0,CEF06.120260611 - Simul_Recife_PV.xlsx,0
1.0,4.99,,1.49,2.66,0.0,6.2,1.92,37.71,0.55,C4,Braço,Unilateral,,LEDSTAR,,0.23,,11.71,2.59,44.0,CEF06.120260611 - Simul_Recife_PV.xlsx,0
1.0,4.99,,1.49,2.66,0.0,6.2,1.92,37.71,0.55,C4,Braço,Unilateral,,SX LIGHTING,,0.2,,11.15,2.43,39.0,CEF06.120260611 - Simul_Recife_PV.xlsx,0
1.0,4.99,,1.49,2.66,0.0,6.2,1.92,37.71,0.55,C4,Braço,Unilateral,,TECNOWATT,,0.23,,11.65,2.21,40.0,CEF06.120260611 - Simul_Recife_PV.xlsx,0
1.0,12.6,,2.97,3.98,0.0,7.5,2.7,26.53,0.2,C5,Braço,Unilateral,,LEDSTAR,,0.56,,9.38,2.15,35.0,CEF06.120260611 - Simul_Recife_PV.xlsx,0
1.0,12.6,,2.97,3.98,0.0,7.5,2.7,26.53,0.2,C5,Braço,Unilateral,,SX LIGHTING,,0.68,,10.39,1.49,39.0,CEF06.120260611 - Simul_Recife_PV.xlsx,0
1.0,12.6,,2.97,3.98,0.0,7.5,2.7,26.53,0.2,C5,Braço,Unilateral,,TECNOWATT,,0.61,,11.39,2.03,40.0,CEF06.120260611 - Simul_Recife_PV.xlsx,0
1.0,6.82,,2.32,2.04,0.0,6.5,2.43,22.94,1.22,C4,Braço,Unilateral,,LEDSTAR,,0.58,,11.43,5.0,28.0,CEF06.120260611 - Simul_Recife_PV.xlsx,0
1.0,6.82,,2.32,2.04,0.0,6.5,2.43,22.94,1.22,C4,Braço,Unilateral,,SX LIGHTING,,0.79,,14.23,6.42,31.0,CEF06.120260611 - Simul_Recife_PV.xlsx,0
1.0,6.82,,2.32,2.04,0.0,6.5,2.43,22.94,1.22,C4,Braço,Unilateral,,TECNOWATT,,0.74,,14.05,6.73,30.0,CEF06.120260611 - Simul_Recife_PV.xlsx,0
1.0,6.7,,3.5,3.83,0.0,6.7,3.62,20.0,2.34,C3,Braço,Unilateral,,LEDSTAR,,0.74,,16.58,6.81,35.0,CEF06.120260611 - Simul_Recife_PV.xlsx,0
1.0,6.7,,3.5,3.83,0.0,6.7,3.62,20.0,2.34,C3,Braço,Unilateral,,SX LIGHTING,,0.85,,16.05,5.17,31.0,CEF06.120260611 - Simul_Recife_PV.xlsx,0
1.0,6.7,,3.5,3.83,0.0,6.7,3.62,20.0,2.34,C3,Braço,Unilateral,,TECNOWATT,,0.79,,15.89,6.31,30.0,CEF06.120260611 - Simul_Recife_PV.xlsx,0
1.0,6.8,,2.58,1.74,0.0,7.1,2.6,21.71,1.13,C3,Braço,Unilateral,,LEDSTAR,,0.66,,17.35,8.1,44.0,CEF06.120260611 - Simul_Recife_PV.xlsx,0
1.0,6.8,,2.58,1.74,0.0,7.1,2.6,21.71,1.13,C3,Braço,Unilateral,,SX LIGHTING,,0.8,,16.56,7.96,39.0,CEF06.120260611 - Simul_Recife_PV.xlsx,0
1.0,6.8,,2.58,1.74,0.0,7.1,2.6,21.71,1.13,C3,Braço,Unilateral,,TECNOWATT,,0.8,,18.89,8.7,40.0,CEF06.120260611 - Simul_Recife_PV.xlsx,0
1.0,5.94,,3.6,2.55,0.0,7.1,3.13,40.87,2.07,C4,Braço,Unilateral,,LEDSTAR,,0.27,,10.96,2.61,52.0,CEF06.120260611 - Simul_Recife_PV.xlsx,0
1.0,5.94,,3.6,2.55,0.0,7.1,3.13,40.87,2.07,C4,Braço,Unilateral,,SX LIGHTING,,0.26,,13.0,4.19,50.0,CEF06.120260611 - Simul_Recife_PV.xlsx,0
1.0,5.94,,3.6,2.55,0.0,7.1,3.13,40.87,2.07,C4,Braço,Unilateral,,TECNOWATT,,0.17,,10.29,1.28,40.0,CEF06.120260611 - Simul_Recife_PV.xlsx,0
1.0,7.0,,1.87,2.3,0.0,6.1,1.96,22.29,0.6,C4,Braço,Unilateral,,LEDSTAR,,0.56,,12.33,5.3,28.0,CEF06.120260611 - Simul_Recife_PV.xlsx,0
1.0,7.0,,1.87,2.3,0.0,6.1,1.96,22.29,0.6,C4,Braço,Unilateral,,SX LIGHTING,,0.73,,10.35,4.61,22.5,CEF06.120260611 - Simul_Recife_PV.xlsx,0
1.0,7.0,,1.87,2.3,0.0,6.1,1.96,22.29,0.6,C4,Braço,Unilateral,,TECNOWATT,,0.71,,15.07,7.29,30.0,CEF06.120260611 - Simul_Recife_PV.xlsx,0
1.0,6.28,,,2.49,0.0,6.3,2.01,36.6,0.0,C4,Braço,Unilateral,,LEDSTAR,,0.25,,11.56,,44.0,CEF06.120260611 - Simul_Recife_PV.xlsx,0
1.0,6.28,,,2.49,0.0,6.3,2.01,36.6,0.0,C4,Braço,Unilateral,,SX LIGHTING,,0.23,,11.04,,39.0,CEF06.120260611 - Simul_Recife_PV.xlsx,0
1.0,6.28,,,2.49,0.0,6.3,2.01,36.6,0.0,C4,Braço,Unilateral,Médio II,TECNOWATT,,0.36,,10.82,,40.0,CEF06.120260611 - Simul_Recife_PV.xlsx,0
1.0,6.9,,2.06,2.32,0.0,6.5,1.8,30.23,0.36,C4,Braço,Unilateral,,LEDSTAR,,0.42,,11.2,3.12,35.0,CEF06.120260611 - Simul_Recife_PV.xlsx,0
1.0,6.9,,2.06,2.32,0.0,6.5,1.8,30.23,0.36,C4,Braço,Unilateral,,SX LIGHTING,,0.47,,10.87,1.97,31.0,CEF06.120260611 - Simul_Recife_PV.xlsx,0
1.0,6.9,,2.06,2.32,0.0,6.5,1.8,30.23,0.36,C4,Braço,Unilateral,,TECNOWATT,,0.55,,10.71,3.61,30.0,CEF06.120260611 - Simul_Recife_PV.xlsx,0
1.0,5.42,,3.18,3.09,0.0,7.3,1.8,32.09,1.9,C4,Braço,Unilateral,,LEDSTAR,,0.47,,11.38,4.08,44.0,CEF06.120260611 - Simul_Recife_PV.xlsx,0
1.0,5.42,,3.18,3.09,0.0,7.3,1.8,32.09,1.9,C4,Braço,Unilateral,,SX LIGHTING,,0.67,,10.8,4.73,39.0,CEF06.120260611 - Simul_Recife_PV.xlsx,0
1.0,5.42,,3.18,3.09,0.0,7.3,1.8,32.09,1.9,C4,Braço,Unilateral,,TECNOWATT,,0.58,,12.41,5.11,40.0,CEF06.120260611 - Simul_Recife_PV.xlsx,0
1.0,6.04,,1.4,1.81,0.0,6.0,2.3,28.46,0.89,C4,Braço,Unilateral,,LEDSTAR,,0.39,,10.15,3.07,28.0,CEF06.120260611 - Simul_Recife_PV.xlsx,0
1.0,6.04,,1.4,1.81,0.0,6.0,2.3,28.46,0.89,C4,Braço,Unilateral,,SX LIGHTING,,0.44,,12.65,2.71,31.0,CEF06.120260611 - Simul_Recife_PV.xlsx,0
1.0,6.04,,1.4,1.81,0.0,6.0,2.3,28.46,0.89,C4,Braço,Unilateral,,TECNOWATT,,0.51,,12.55,4.37,30.0,CEF06.120260611 - Simul_Recife_PV.xlsx,0
1.0,3.88,,,1.45,0.0,5.8,1.95,31.67,0.0,C5,Braço,Unilateral,,LEDSTAR,,0.27,,9.48,,28.0,CEF06.120260611 - Simul_Recife_PV.xlsx,0
1.0,3.88,,,1.45,0.0,5.8,1.95,31.67,0.0,C5,Braço,Unilateral,,SX LIGHTING,,0.2,,7.89,,22.5,CEF06.120260611 - Simul_Recife_PV.xlsx,0
1.0,3.88,,,1.45,0.0,5.8,1.95,31.67,0.0,C5,Braço,Unilateral,,TECNOWATT,,0.28,,11.79,,30.0,CEF06.120260611 - Simul_Recife_PV.xlsx,0
1.0,6.45,,,2.31,0.0,6.5,1.5,27.86,3.0,C4,Braço,Unilateral,,LEDSTAR,,0.45,,10.0,,35.0,CEF06.120260611 - Simul_Recife_PV.xlsx,0
1.0,6.45,,,2.31,0.0,6.5,1.5,27.86,3.0,C4,Braço,Unilateral,,SX LIGHTING,,0.63,,11.16,,39.0,CEF06.120260611 - Simul_Recife_PV.xlsx,0
1.0,6.45,,,2.31,0.0,6.5,1.5,27.86,3.0,C4,Braço,Unilateral,,TECNOWATT,,0.53,,12.07,,40.0,CEF06.120260611 - Simul_Recife_PV.xlsx,0
1.0,11.88,,2.87,3.14,0.0,6.5,2.97,35.68,0.2,C4,Braço,Unilateral,,LEDSTAR,,0.33,,11.04,1.32,52.0,CEF06.120260611 - Simul_Recife_PV.xlsx,0
1.0,11.88,,2.87,3.14,0.0,6.5,2.97,35.68,0.2,C4,Braço,Unilateral,Médio I,SX LIGHTING,,0.49,,11.94,1.07,50.0,CEF06.120260611 - Simul_Recife_PV.xlsx,0
1.0,11.88,,2.87,3.14,0.0,6.5,2.97,35.68,0.2,C4,Braço,Unilateral,,TECNOWATT,,0.26,,13.66,0.64,60.0,CEF06.120260611 - Simul_Recife_PV.xlsx,0
1.0,7.8,,1.97,1.6,0.0,5.7,2.64,25.44,0.76,C4,Braço,Bilateral alternada,,LEDSTAR,,0.8,,13.5,6.1,17.0,CEF06.120260611 - Simul_Recife_PV.xlsx,0
1.0,7.8,,1.97,1.6,0.0,5.7,2.64,25.44,0.76,C4,Braço,Bilateral alternada,,SX LIGHTING,,0.77,,18.68,,22.5,CEF06.120260611 - Simul_Recife_PV.xlsx,0
1.0,7.8,,1.97,1.6,0.0,5.7,2.64,25.44,0.76,C4,Braço,Bilateral alternada,,TECNOWATT,,0.73,,26.89,8.4,30.0,CEF06.120260611 - Simul_Recife_PV.xlsx,0
2.0,6.97,,2.48,2.4,0.0,6.6,1.63,39.55,1.3,C4,Braço,Unilateral,,LEDSTAR,,0.27,,11.25,2.27,52.0,CEF06.120260611 - Simul_Recife_PV.xlsx,0
2.0,6.97,,2.48,2.4,0.0,6.6,1.63,39.55,1.3,C4,Braço,Unilateral,,SX LIGHTING,,0.3,,13.31,1.35,50.0,CEF06.120260611 - Simul_Recife_PV.xlsx,0
2.0,6.97,,2.48,2.4,0.0,6.6,1.63,39.55,1.3,C4,Braço,Unilateral,,TECNOWATT,,0.17,,14.5,1.28,60.0,CEF06.120260611 - Simul_Recife_PV.xlsx,0
1.0,11.77,,1.37,1.37,0.0,7.3,1.5,13.72,1.8,C3,Braço,Unilateral,,LEDSTAR,,0.57,,15.98,18.71,35.0,CEF06.120260611 - Simul_Recife_PV.xlsx,0
1.0,11.77,,1.37,1.37,0.0,7.3,1.5,13.72,1.8,C3,Braço,Unilateral,,SX LIGHTING,,0.56,,17.82,20.87,39.0,CEF06.120260611 - Simul_Recife_PV.xlsx,0
1.0,11.77,,1.37,1.37,0.0,7.3,1.5,13.72,1.8,C3,Braço,Unilateral,Médio II,TECNOWATT,,0.45,,24.97,23.22,50.0,CEF06.120260611 - Simul_Recife_PV.xlsx,0
2.0,6.9,,2.3,3.1,0.0,6.3,1.92,40.03,0.28,C4,Braço,Unilateral,,LEDSTAR,,0.22,,10.38,1.48,44.0,CEF06.120260611 - Simul_Recife_PV.xlsx,0
2.0,6.9,,2.3,3.1,0.0,6.3,1.92,40.03,0.28,C4,Braço,Unilateral,Médio I,SX LIGHTING,,0.25,,13.23,1.21,50.0,CEF06.120260611 - Simul_Recife_PV.xlsx,0
2.0,6.9,,2.3,3.1,0.0,6.3,1.92,40.03,0.28,C4,Braço,Unilateral,Médio I,TECNOWATT,,0.18,,10.33,1.22,40.0,CEF06.120260611 - Simul_Recife_PV.xlsx,0
1.0,6.52,,3.57,2.69,0.0,5.7,1.92,34.5,3.05,C4,Braço,Unilateral,,LEDSTAR,,0.3,,10.48,2.46,44.0,CEF06.120260611 - Simul_Recife_PV.xlsx,0
1.0,6.52,,3.57,2.69,0.0,5.7,1.92,34.5,3.05,C4,Braço,Unilateral,,SX LIGHTING,,0.42,,14.58,1.27,50.0,CEF06.120260611 - Simul_Recife_PV.xlsx,0
1.0,6.52,,3.57,2.69,0.0,5.7,1.92,34.5,3.05,C4,Braço,Unilateral,,TECNOWATT,,0.27,,12.76,1.11,50.0,CEF06.120260611 - Simul_Recife_PV.xlsx,0
1.0,,,1.97,0.0,0.0,5.5,0.8,19.8,0.0,P6,Braço,Unilateral,,LEDSTAR,,,,,5.51,17.0,CEF06.120260611 - Simul_Recife_PV.xlsx,0
1.0,,,1.97,0.0,0.0,5.5,0.8,19.8,0.0,P6,Braço,Unilateral,,SX LIGHTING,,,,,9.46,22.5,CEF06.120260611 - Simul_Recife_PV.xlsx,0
1.0,,,1.97,0.0,0.0,5.5,0.8,19.8,0.0,P6,Braço,Unilateral,,TECNOWATT,,,,,14.37,30.0,CEF06.120260611 - Simul_Recife_PV.xlsx,0
1.0,,,2.08,0.0,0.0,6.5,0.98,,0.0,P6,Braço,Unilateral,,LEDSTAR,,,,,2.74,17.0,CEF06.120260611 - Simul_Recife_PV.xlsx,0
1.0,,,2.08,0.0,0.0,6.5,0.98,,0.0,P6,Braço,Unilateral,,SX LIGHTING,,,,,4.8,22.5,CEF06.120260611 - Simul_Recife_PV.xlsx,0
1.0,,,2.08,0.0,0.0,6.5,0.98,,0.0,P6,Braço,Unilateral,,TECNOWATT,,,,,7.1,30.0,CEF06.120260611 - Simul_Recife_PV.xlsx,0
1.0,7.0,,2.4,2.55,0.0,6.2,2.3,24.36,1.38,C4,Braço,Unilateral,,LEDSTAR,,0.51,,10.95,4.42,28.0,CEF06.120260611 - Simul_Recife_PV.xlsx,0
1.0,7.0,,2.4,2.55,0.0,6.2,2.3,24.36,1.38,C4,Braço,Unilateral,,SX LIGHTING,,0.72,,13.51,5.17,31.0,CEF06.120260611 - Simul_Recife_PV.xlsx,0
1.0,7.0,,2.4,2.55,0.0,6.2,2.3,24.36,1.38,C4,Braço,Unilateral,,TECNOWATT,,0.66,,13.29,6.34,30.0,CEF06.120260611 - Simul_Recife_PV.xlsx,0
1.0,6.67,,1.94,1.17,0.0,6.8,2.36,34.8,0.22,C4,Braço,Unilateral,,LEDSTAR,,0.33,,11.29,3.91,44.0,CEF06.120260611 - Simul_Recife_PV.xlsx,0
1.0,6.67,,1.94,1.17,0.0,6.8,2.36,34.8,0.22,C4,Braço,Unilateral,,SX LIGHTING,,0.38,,10.79,5.25,39.0,CEF06.120260611 - Simul_Recife_PV.xlsx,0
1.0,6.67,,1.94,1.17,0.0,6.8,2.36,34.8,0.22,C4,Braço,Unilateral,,TECNOWATT,,0.32,,12.33,3.59,40.0,CEF06.120260611 - Simul_Recife_PV.xlsx,0
1.0,8.92,,1.91,2.7,0.0,6.5,2.89,30.76,0.48,C5,Braço,Unilateral,,LEDSTAR,,0.39,,8.13,2.14,28.0,CEF06.120260611 - Simul_Recife_PV.xlsx,0
1.0,8.92,,1.91,2.7,0.0,6.5,2.89,30.76,0.48,C5,Braço,Unilateral,,SX LIGHTING,,0.41,,10.07,1.13,31.0,CEF06.120260611 - Simul_Recife_PV.xlsx,0
1.0,8.92,,1.91,2.7,0.0,6.5,2.89,30.76,0.48,C5,Braço,Unilateral,,TECNOWATT,,0.52,,9.81,2.73,30.0,CEF06.120260611 - Simul_Recife_PV.xlsx,0
1.0,7.79,,1.56,1.47,0.0,7.1,2.01,31.45,0.51,C3,Braço,Unilateral,,LEDSTAR,,0.4,,17.89,8.07,65.0,CEF06.120260611 - Simul_Recife_PV.xlsx,0
1.0,7.79,,1.56,1.47,0.0,7.1,2.01,31.45,0.51,C3,Braço,Unilateral,,SX LIGHTING,,0.59,,16.22,5.64,50.0,CEF06.120260611 - Simul_Recife_PV.xlsx,0
1.0,7.79,,1.56,1.47,0.0,7.1,2.01,31.45,0.51,C3,Braço,Unilateral,,TECNOWATT,,0.58,,17.9,7.33,60.0,CEF06.120260611 - Simul_Recife_PV.xlsx,0
1.0,12.04,,2.17,1.8,0.0,7.5,3.11,13.3,0.24,C5,Braço,Bilateral alternada,,LEDSTAR,,0.89,,18.59,8.44,17.0,CEF06.120260611 - Simul_Recife_PV.xlsx,0
1.0,12.04,,2.17,1.8,0.0,7.5,3.11,13.3,0.24,C5,Braço,Bilateral alternada,,SX LIGHTING,,0.88,,25.41,8.51,22.5,CEF06.120260611 - Simul_Recife_PV.xlsx,0
1.0,12.04,,2.17,1.8,0.0,7.5,3.11,13.3,0.24,C5,Braço,Bilateral alternada,,TECNOWATT,,0.84,,36.35,13.01,30.0,CEF06.120260611 - Simul_Recife_PV.xlsx,0
1.0,7.58,,1.78,1.0,0.0,6.3,1.64,33.22,0.66,C4,Braço,Unilateral,,LEDSTAR,,0.34,,10.0,2.42,35.0,CEF06.120260611 - Simul_Recife_PV.xlsx,0
1.0,7.58,,1.78,1.0,0.0,6.3,1.64,33.22,0.66,C4,Braço,Unilateral,,SX LIGHTING,,0.46,,11.25,2.89,39.0,CEF06.120260611 - Simul_Recife_PV.xlsx,0
1.0,7.58,,1.78,1.0,0.0,6.3,1.64,33.22,0.66,C4,Braço,Unilateral,,TECNOWATT,,0.3,,12.39,2.93,40.0,CEF06.120260611 - Simul_Recife_PV.xlsx,0
1.0,2.48,,0.7,0.7,0.0,5.5,1.25,29.4,0.0,C5,Braço,Unilateral,,LEDSTAR,,0.3,,10.99,3.76,28.0,CEF06.120260611 - Simul_Recife_PV.xlsx,0
1.0,2.48,,0.7,0.7,0.0,5.5,1.25,29.4,0.0,C5,Braço,Unilateral,,SX LIGHTING,,0.28,,9.14,3.88,22.5,CEF06.120260611 - Simul_Recife_PV.xlsx,0
1.0,2.48,,0.7,0.7,0.0,5.5,1.25,29.4,0.0,C5,Braço,Unilateral,,TECNOWATT,,0.34,,13.73,5.33,30.0,CEF06.120260611 - Simul_Recife_PV.xlsx,0
1.0,7.4,,2.15,3.54,0.0,5.7,2.77,40.87,0.82,C3,Braço,Unilateral,Médio II,LEDSTAR,,0.3,,17.89,5.46,85.0,CEF06.120260611 - Simul_Recife_PV.xlsx,0
1.0,7.4,,2.15,3.54,0.0,5.7,2.77,40.87,0.82,C3,Braço,Unilateral,Médio II,SX LIGHTING,,0.33,,17.11,4.93,70.0,CEF06.120260611 - Simul_Recife_PV.xlsx,0
1.0,7.4,,2.15,3.54,0.0,5.7,2.77,40.87,0.82,C3,Braço,Unilateral,Médio II,TECNOWATT,,0.35,,17.33,4.49,80.0,CEF06.120260611 - Simul_Recife_PV.xlsx,0
1.0,7.0,,2.25,2.32,0.0,7.2,2.89,28.28,0.65,C4,Braço,Unilateral,,LEDSTAR,,0.52,,10.98,5.03,35.0,CEF06.120260611 - Simul_Recife_PV.xlsx,0
1.0,7.0,,2.25,2.32,0.0,7.2,2.89,28.28,0.65,C4,Braço,Unilateral,,SX LIGHTING,,0.64,,10.63,6.03,31.0,CEF06.120260611 - Simul_Recife_PV.xlsx,0
1.0,7.0,,2.25,2.32,0.0,7.2,2.89,28.28,0.65,C4,Braço,Unilateral,,TECNOWATT,,0.63,,10.62,5.35,30.0,CEF06.120260611 - Simul_Recife_PV.xlsx,0
1.0,7.0,,2.42,1.45,0.0,6.5,2.43,40.77,1.06,C4,Braço,Unilateral,,LEDSTAR,,0.22,,11.54,1.66,52.0,CEF06.120260611 - Simul_Recife_PV.xlsx,0
1.0,7.0,,2.42,1.45,0.0,6.5,2.43,40.77,1.06,C4,Braço,Unilateral,,SX LIGHTING,,0.17,,13.73,0.62,50.0,CEF06.120260611 - Simul_Recife_PV.xlsx,0
1.0,7.0,,2.42,1.45,0.0,6.5,2.43,40.77,1.06,C4,Braço,Unilateral,Médio I,TECNOWATT,,0.17,,11.46,1.66,50.0,CEF06.120260611 - Simul_Recife_PV.xlsx,0
1.0,4.26,,1.0,0.92,0.0,6.0,1.7,17.62,0.393,C5,Braço,Unilateral,,LEDSTAR,,0.66,,10.24,6.98,17.0,CEF06.120260611 - Simul_Recife_PV.xlsx,0
1.0,4.26,,1.0,0.92,0.0,6.0,1.7,17.62,0.393,C5,Braço,Unilateral,,SX LIGHTING,,0.79,,14.18,11.54,22.5,CEF06.120260611 - Simul_Recife_PV.xlsx,0
1.0,4.26,,1.0,0.92,0.0,6.0,1.7,17.62,0.393,C5,Braço,Unilateral,,TECNOWATT,,0.75,,21.36,16.35,30.0,CEF06.120260611 - Simul_Recife_PV.xlsx,0
1.0,7.15,,5.44,2.7,0.0,7.5,2.8,42.55,4.75,C4,Braço,Unilateral,,LEDSTAR,,0.23,,10.41,3.72,65.0,CEF06.120260611 - Simul_Recife_PV.xlsx,0
1.0,7.15,,5.44,2.7,0.0,7.5,2.8,42.55,4.75,C4,Braço,Unilateral,,SX LIGHTING,,0.37,,10.08,0.89,60.0,CEF06.120260611 - Simul_Recife_PV.xlsx,0
1.0,7.15,,5.44,2.7,0.0,7.5,2.8,42.55,4.75,C4,Braço,Unilateral,,TECNOWATT,,0.33,,10.89,1.64,68.0,CEF06.120260611 - Simul_Recife_PV.xlsx,0
1.0,6.95,,2.08,2.98,0.0,6.5,2.25,22.53,0.8,C4,Braço,Unilateral,,LEDSTAR,,0.6,,11.66,5.15,28.0,CEF06.120260611 - Simul_Recife_PV.xlsx,0
1.0,6.95,,2.08,2.98,0.0,6.5,2.25,22.53,0.8,C4,Braço,Unilateral,,SX LIGHTING,,0.79,,14.53,6.48,31.0,CEF06.120260611 - Simul_Recife_PV.xlsx,0
1.0,6.95,,2.08,2.98,0.0,6.5,2.25,22.53,0.8,C4,Braço,Unilateral,,TECNOWATT,,0.75,,14.34,6.85,30.0,CEF06.120260611 - Simul_Recife_PV.xlsx,0
1.0,7.52,,,1.15,0.0,7.0,2.67,25.56,0.0,C5,Braço,Unilateral,,LEDSTAR,,0.56,,12.27,,35.0,CEF06.120260611 - Simul_Recife_PV.xlsx,0
1.0,7.52,,,1.15,0.0,7.0,2.67,25.56,0.0,C5,Braço,Unilateral,,SX LIGHTING,,0.71,,11.82,,31.0,CEF06.120260611 - Simul_Recife_PV.xlsx,0
1.0,7.52,,,1.15,0.0,7.0,2.67,25.56,0.0,C5,Braço,Unilateral,,TECNOWATT,,0.66,,11.8,,30.0,CEF06.120260611 - Simul_Recife_PV.xlsx,0
1.0,5.27,,1.3,0.9,0.0,7.1,2.83,22.21,1.65,C4,Braço,Unilateral,,LEDSTAR,,0.64,,11.4,6.19,28.0,CEF06.120260611 - Simul_Recife_PV.xlsx,0
1.0,5.27,,1.3,0.9,0.0,7.1,2.83,22.21,1.65,C4,Braço,Unilateral,,SX LIGHTING,,0.8,,14.19,8.76,31.0,CEF06.120260611 - Simul_Recife_PV.xlsx,0
1.0,5.27,,1.3,0.9,0.0,7.1,2.83,22.21,1.65,C4,Braço,Unilateral,,TECNOWATT,,0.76,,14.33,8.54,30.0,CEF06.120260611 - Simul_Recife_PV.xlsx,0
1.0,10.54,,4.27,2.55,0.0,12.0,0.774,60.2,0.376,C4,Suporte,Unilateral,,LEDSTAR,,0.22,,10.31,2.63,44.0,CEF06.120260611 - Simul_Recife_PV.xlsx,0
1.0,10.54,,4.27,2.55,0.0,12.0,0.774,60.2,0.376,C4,Suporte,Unilateral,,SX LIGHTING,,0.26,,12.93,3.88,50.0,CEF06.120260611 - Simul_Recife_PV.xlsx,0
1.0,10.54,,4.27,2.55,0.0,12.0,0.774,60.2,0.376,C4,Suporte,Unilateral,,TECNOWATT,,0.2,,10.13,2.59,40.0,CEF06.120260611 - Simul_Recife_PV.xlsx,0
1.0,5.82,,1.3,0.0,0.0,7.0,2.53,40.89,0.7,C4,Braço,Unilateral,,LEDSTAR,,0.24,,11.15,2.12,52.0,CEF06.120260611 - Simul_Recife_PV.xlsx,0
1.0,5.82,,1.3,0.0,0.0,7.0,2.53,40.89,0.7,C4,Braço,Unilateral,,SX LIGHTING,,0.2,,13.14,1.27,50.0,CEF06.120260611 - Simul_Recife_PV.xlsx,0
1.0,5.82,,1.3,0.0,0.0,7.0,2.53,40.89,0.7,C4,Braço,Unilateral,Longo I,TECNOWATT,,0.34,,11.2,2.94,50.0,CEF06.120260611 - Simul_Recife_PV.xlsx,0
1.0,7.0,,2.42,2.49,0.0,6.0,2.54,15.37,1.29,C4,Braço,Unilateral,,LEDSTAR,,0.73,,10.89,5.68,17.0,CEF06.120260611 - Simul_Recife_PV.xlsx,0
1.0,7.0,,2.42,2.49,0.0,6.0,2.54,15.37,1.29,C4,Braço,Unilateral,,TECNOWATT,,0.74,,21.98,10.85,30.0,CEF06.120260611 - Simul_Recife_PV.xlsx,0
1.0,6.81,,2.45,2.34,0.0,6.5,2.63,37.15,0.43,C3,Braço,Unilateral,,LEDSTAR,,0.32,,16.79,3.27,65.0,CEF06.120260611 - Simul_Recife_PV.xlsx,0
1.0,6.81,,2.45,2.34,0.0,6.5,2.63,37.15,0.43,C3,Braço,Unilateral,Médio I,SX LIGHTING,,0.29,,15.47,1.79,60.0,CEF06.120260611 - Simul_Recife_PV.xlsx,0
1.0,6.81,,2.45,2.34,0.0,6.5,2.63,37.15,0.43,C3,Braço,Unilateral,,TECNOWATT,,0.18,,17.09,1.58,60.0,CEF06.120260611 - Simul_Recife_PV.xlsx,0
1.0,10.6,10.35,4.06,6.73,5.82,12.0,1.32,74.4,2.71,C4,Braço,Canteiro central,,LEDSTAR,,0.57,,10.76,4.15,35.0,CEF06.120260611 - Simul_Recife_PV.xlsx,1
1.0,10.6,10.35,4.06,6.73,5.82,12.0,1.32,74.4,2.71,C4,Braço,Canteiro central,,SX LIGHTING,,0.58,,11.31,4.89,39.0,CEF06.120260611 - Simul_Recife_PV.xlsx,1
1.0,10.6,10.35,4.06,6.73,5.82,12.0,1.32,74.4,2.71,C4,Braço,Canteiro central,,TECNOWATT,,0.56,,13.28,4.51,40.0,CEF06.120260611 - Simul_Recife_PV.xlsx,1
1.0,6.72,,2.0,0.0,0.0,4.0,0.66,21.97,0.0,C3,Braço,Unilateral,,LEDSTAR,,0.27,,15.61,3.81,28.0,CEF06.120260611 - Simul_Recife_PV.xlsx,0
1.0,6.72,,2.0,0.0,0.0,4.0,0.66,21.97,0.0,C3,Braço,Unilateral,,SX LIGHTING,,0.18,,18.15,1.32,31.0,CEF06.120260611 - Simul_Recife_PV.xlsx,0
1.0,6.72,,2.0,0.0,0.0,4.0,0.66,21.97,0.0,C3,Braço,Unilateral,,TECNOWATT,,0.29,,17.98,4.26,30.0,CEF06.120260611 - Simul_Recife_PV.xlsx,0
1.0,2.41,,0.6,0.88,0.0,5.63,1.0,27.93,0.34,C5,Braço,Unilateral,,LEDSTAR,,0.35,,11.67,4.33,28.0,CEF06.120260611 - Simul_Recife_PV.xlsx,0
1.0,2.41,,0.6,0.88,0.0,5.63,1.0,27.93,0.34,C5,Braço,Unilateral,,SX LIGHTING,,0.41,,9.71,4.78,22.5,CEF06.120260611 - Simul_Recife_PV.xlsx,0
1.0,2.41,,0.6,0.88,0.0,5.63,1.0,27.93,0.34,C5,Braço,Unilateral,,TECNOWATT,,0.43,,14.73,6.73,30.0,CEF06.120260611 - Simul_Recife_PV.xlsx,0
1.0,4.9,,5.2,1.17,0.0,6.5,2.5,31.9,5.3,C4,Braço,Unilateral,,LEDSTAR,,0.4,,11.47,4.76,52.0,CEF06.120260611 - Simul_Recife_PV.xlsx,0
1.0,4.9,,5.2,1.17,0.0,6.5,2.5,31.9,5.3,C4,Braço,Unilateral,,SX LIGHTING,,0.59,,13.58,5.31,50.0,CEF06.120260611 - Simul_Recife_PV.xlsx,0
1.0,4.9,,5.2,1.17,0.0,6.5,2.5,31.9,5.3,C4,Braço,Unilateral,,TECNOWATT,,0.45,,10.98,5.12,50.0,CEF06.120260611 - Simul_Recife_PV.xlsx,0
1.0,8.7,,4.38,4.49,0.0,8.5,2.64,26.58,0.18,C3,Braço,Unilateral,,LEDSTAR,,0.63,,18.08,4.01,65.0,CEF06.120260611 - Simul_Recife_PV.xlsx,0
1.0,8.7,,4.38,4.49,0.0,8.5,2.64,26.58,0.18,C3,Braço,Unilateral,,SX LIGHTING,,0.65,,23.38,3.59,70.0,CEF06.120260611 - Simul_Recife_PV.xlsx,0
1.0,8.7,,4.38,4.49,0.0,8.5,2.64,26.58,0.18,C3,Braço,Unilateral,,TECNOWATT,,0.8,,19.79,3.16,68.0,CEF06.120260611 - Simul_Recife_PV.xlsx,0
1.0,3.89,,1.9,0.0,0.0,6.6,1.07,22.93,0.25,C5,Braço,Unilateral,,LEDSTAR,,0.57,,12.06,5.59,28.0,CEF06.120260611 - Simul_Recife_PV.xlsx,0
1.0,3.89,,1.9,0.0,0.0,6.6,1.07,22.93,0.25,C5,Braço,Unilateral,,SX LIGHTING,,0.71,,10.04,5.24,22.5,CEF06.120260611 - Simul_Recife_PV.xlsx,0
1.0,3.89,,1.9,0.0,0.0,6.6,1.07,22.93,0.25,C5,Braço,Unilateral,,TECNOWATT,,0.72,,15.23,7.97,30.0,CEF06.120260611 - Simul_Recife_PV.xlsx,0
1.0,13.68,,2.88,3.14,0.0,6.4,3.05,32.5,1.6,C3,Braço,Unilateral,Longo I,LEDSTAR,,0.38,,16.05,8.1,85.0,CEF06.120260611 - Simul_Recife_PV.xlsx,0
1.0,13.68,,2.88,3.14,0.0,6.4,3.05,32.5,1.6,C3,Braço,Unilateral,Longo II,SX LIGHTING,,0.49,,15.74,7.62,70.0,CEF06.120260611 - Simul_Recife_PV.xlsx,0
1.0,13.68,,2.88,3.14,0.0,6.4,3.05,32.5,1.6,C3,Braço,Unilateral,Longo I,TECNOWATT,,0.49,,22.77,11.91,120.0,CEF06.120260611 - Simul_Recife_PV.xlsx,0
1.0,3.87,,,1.35,0.0,6.5,1.86,30.0,0.0,C4,Braço,Unilateral,,LEDSTAR,,0.39,,11.5,,35.0,CEF06.120260611 - Simul_Recife_PV.xlsx,0
1.0,3.87,,,1.35,0.0,6.5,1.86,30.0,0.0,C4,Braço,Unilateral,,SX LIGHTING,,0.4,,11.09,,31.0,CEF06.120260611 - Simul_Recife_PV.xlsx,0
1.0,3.87,,,1.35,0.0,6.5,1.86,30.0,0.0,C4,Braço,Unilateral,,TECNOWATT,,0.48,,11.29,,30.0,CEF06.120260611 - Simul_Recife_PV.xlsx,0
2.0,5.99,,3.16,2.19,0.0,6.2,1.45,29.64,1.78,C4,Braço,Unilateral,,LEDSTAR,,0.39,,11.21,3.69,35.0,CEF06.120260611 - Simul_Recife_PV.xlsx,0
2.0,5.99,,3.16,2.19,0.0,6.2,1.45,29.64,1.78,C4,Braço,Unilateral,,SX LIGHTING,,0.45,,10.67,2.81,31.0,CEF06.120260611 - Simul_Recife_PV.xlsx,0
2.0,5.99,,3.16,2.19,0.0,6.2,1.45,29.64,1.78,C4,Braço,Unilateral,,TECNOWATT,,0.5,,10.38,4.31,30.0,CEF06.120260611 - Simul_Recife_PV.xlsx,0
1.0,9.42,,1.66,0.0,0.0,8.0,3.0,29.1,2.29,C5,Braço,Unilateral,,LEDSTAR,,0.56,,8.83,5.04,35.0,CEF06.120260611 - Simul_Recife_PV.xlsx,0
1.0,9.42,,1.66,0.0,0.0,8.0,3.0,29.1,2.29,C5,Braço,Unilateral,,SX LIGHTING,,0.69,,8.37,5.96,31.0,CEF06.120260611 - Simul_Recife_PV.xlsx,0
1.0,9.42,,1.66,0.0,0.0,8.0,3.0,29.1,2.29,C5,Braço,Unilateral,,TECNOWATT,,0.63,,8.19,5.71,30.0,CEF06.120260611 - Simul_Recife_PV.xlsx,0
1.0,5.92,,2.63,2.7,0.0,6.8,2.57,31.75,1.43,C4,Braço,Unilateral,,LEDSTAR,,0.41,,10.5,3.31,35.0,CEF06.120260611 - Simul_Recife_PV.xlsx,0
1.0,5.92,,2.63,2.7,0.0,6.8,2.57,31.75,1.43,C4,Braço,Unilateral,,SX LIGHTING,,0.47,,10.21,3.45,31.0,CEF06.120260611 - Simul_Recife_PV.xlsx,0
1.0,5.92,,2.63,2.7,0.0,6.8,2.57,31.75,1.43,C4,Braço,Unilateral,,TECNOWATT,,0.53,,10.18,3.88,30.0,CEF06.120260611 - Simul_Recife_PV.xlsx,0
1.0,3.6,,,0.0,0.0,5.8,1.3,30.05,0.0,C5,Braço,Unilateral,,LEDSTAR,,0.31,,10.33,,28.0,CEF06.120260611 - Simul_Recife_PV.xlsx,0
1.0,3.6,,,0.0,0.0,5.8,1.3,30.05,0.0,C5,Braço,Unilateral,,SX LIGHTING,,0.31,,8.62,,22.5,CEF06.120260611 - Simul_Recife_PV.xlsx,0
1.0,3.6,,,0.0,0.0,5.8,1.3,30.05,0.0,C5,Braço,Unilateral,,TECNOWATT,,0.36,,12.96,,30.0,CEF06.120260611 - Simul_Recife_PV.xlsx,0
1.0,8.87,,1.78,2.85,0.0,7.5,2.32,13.4,0.5,C3,Braço,Unilateral,,LEDSTAR,,0.81,,16.59,7.02,28.0,CEF06.120260611 - Simul_Recife_PV.xlsx,0
1.0,8.87,,1.78,2.85,0.0,7.5,2.32,13.4,0.5,C3,Braço,Unilateral,,SX LIGHTING,,0.83,,20.62,5.48,31.0,CEF06.120260611 - Simul_Recife_PV.xlsx,0
1.0,8.87,,1.78,2.85,0.0,7.5,2.32,13.4,0.5,C3,Braço,Unilateral,,TECNOWATT,,0.75,,20.25,5.83,30.0,CEF06.120260611 - Simul_Recife_PV.xlsx,0
1.0,3.92,,1.91,0.75,0.0,6.8,2.06,48.94,0.32,C4,Braço,Unilateral,Médio II,LEDSTAR,,0.23,,10.93,2.72,65.0,CEF06.120260611 - Simul_Recife_PV.xlsx,0
1.0,3.92,,1.91,0.75,0.0,6.8,2.06,48.94,0.32,C4,Braço,Unilateral,Médio II,SX LIGHTING,,0.21,,14.8,3.6,70.0,CEF06.120260611 - Simul_Recife_PV.xlsx,0
1.0,3.92,,1.91,0.75,0.0,6.8,2.06,48.94,0.32,C4,Braço,Unilateral,Longo II,TECNOWATT,,0.17,,10.3,1.93,68.0,CEF06.120260611 - Simul_Recife_PV.xlsx,0
1.0,4.43,,,0.0,0.0,7.15,0.88,25.58,0.0,C3,Suporte,Unilateral,,LEDSTAR,,0.56,,16.58,,52.0,CEF06.120260611 - Simul_Recife_PV.xlsx,0
1.0,4.43,,,0.0,0.0,7.15,0.88,25.58,0.0,C3,Suporte,Unilateral,,SX LIGHTING,,0.68,,19.59,,50.0,CEF06.120260611 - Simul_Recife_PV.xlsx,0
1.0,4.43,,,0.0,0.0,7.15,0.88,25.58,0.0,C3,Suporte,Unilateral,,TECNOWATT,,0.7,,15.65,,40.0,CEF06.120260611 - Simul_Recife_PV.xlsx,0
1.0,5.14,,,0.0,0.0,8.1,2.17,29.79,0.0,C4,Braço,Unilateral,,LEDSTAR,,0.51,,11.31,,44.0,CEF06.120260611 - Simul_Recife_PV.xlsx,0
1.0,5.14,,,0.0,0.0,8.1,2.17,29.79,0.0,C4,Braço,Unilateral,,SX LIGHTING,,0.64,,10.78,,39.0,CEF06.120260611 - Simul_Recife_PV.xlsx,0
1.0,5.14,,,0.0,0.0,8.1,2.17,29.79,0.0,C4,Braço,Unilateral,,TECNOWATT,,0.66,,12.52,,40.0,CEF06.120260611 - Simul_Recife_PV.xlsx,0
1.0,6.8,,1.52,1.0,0.0,5.8,1.9,27.28,0.0,C5,Braço,Unilateral,,LEDSTAR,,0.39,,10.68,3.1,28.0,CEF06.120260611 - Simul_Recife_PV.xlsx,0
1.0,6.8,,1.52,1.0,0.0,5.8,1.9,27.28,0.0,C5,Braço,Unilateral,,SX LIGHTING,,0.47,,8.99,1.94,22.5,CEF06.120260611 - Simul_Recife_PV.xlsx,0
1.0,6.8,,1.52,1.0,0.0,5.8,1.9,27.28,0.0,C5,Braço,Unilateral,,TECNOWATT,,0.51,,13.08,4.23,30.0,CEF06.120260611 - Simul_Recife_PV.xlsx,0
1.0,9.0,,1.58,1.07,0.0,6.2,2.27,19.83,1.2,C3,Braço,Unilateral,,LEDSTAR,,0.63,,15.11,5.84,35.0,CEF06.120260611 - Simul_Recife_PV.xlsx,0
1.0,9.0,,1.58,1.07,0.0,6.2,2.27,19.83,1.2,C3,Braço,Unilateral,,SX LIGHTING,,0.69,,17.25,6.31,39.0,CEF06.120260611 - Simul_Recife_PV.xlsx,0
1.0,9.0,,1.58,1.07,0.0,6.2,2.27,19.83,1.2,C3,Braço,Unilateral,,TECNOWATT,,0.62,,19.15,5.21,40.0,CEF06.120260611 - Simul_Recife_PV.xlsx,0
1.0,6.9,,1.44,1.4,0.0,8.1,1.85,36.35,0.2,C3,Braço,Unilateral,,LEDSTAR,,0.52,,17.5,7.61,85.0,CEF06.120260611 - Simul_Recife_PV.xlsx,0
1.0,6.9,,1.44,1.4,0.0,8.1,1.85,36.35,0.2,C3,Braço,Unilateral,,SX LIGHTING,,0.46,,17.36,7.96,70.0,CEF06.120260611 - Simul_Recife_PV.xlsx,0
1.0,6.9,,1.44,1.4,0.0,8.1,1.85,36.35,0.2,C3,Braço,Unilateral,,TECNOWATT,,0.49,,15.09,9.66,68.0,CEF06.120260611 - Simul_Recife_PV.xlsx,0
1.0,6.41,,2.0,3.03,0.0,6.2,1.61,39.64,0.0,C4,Braço,Unilateral,,LEDSTAR,,0.21,,10.78,1.88,44.0,CEF06.120260611 - Simul_Recife_PV.xlsx,0
1.0,6.41,,2.0,3.03,0.0,6.2,1.61,39.64,0.0,C4,Braço,Unilateral,,SX LIGHTING,,0.17,,10.3,1.37,39.0,CEF06.120260611 - Simul_Recife_PV.xlsx,0
1.0,6.41,,2.0,3.03,0.0,6.2,1.61,39.64,0.0,C4,Braço,Unilateral,,TECNOWATT,,0.18,,10.65,1.35,40.0,CEF06.120260611 - Simul_Recife_PV.xlsx,0
1.0,8.9,,2.85,3.03,0.0,6.5,3.6,30.9,0.2,C4,Braço,Unilateral,,LEDSTAR,,0.35,,10.39,2.58,35.0,CEF06.120260611 - Simul_Recife_PV.xlsx,0
1.0,8.9,,2.85,3.03,0.0,6.5,3.6,30.9,0.2,C4,Braço,Unilateral,,SX LIGHTING,,0.42,,11.79,3.26,39.0,CEF06.120260611 - Simul_Recife_PV.xlsx,0
1.0,8.9,,2.85,3.03,0.0,6.5,3.6,30.9,0.2,C4,Braço,Unilateral,,TECNOWATT,,0.17,,12.48,2.32,90.0,CEF06.120260611 - Simul_Recife_PV.xlsx,0
1.0,7.84,,1.86,1.84,0.0,5.8,1.35,35.51,0.3,C3,Braço,Unilateral,,LEDSTAR,,0.21,,17.84,4.26,65.0,CEF06.120260611 - Simul_Recife_PV.xlsx,0
1.0,7.84,,1.86,1.84,0.0,5.8,1.35,35.51,0.3,C3,Braço,Unilateral,,SX LIGHTING,,0.23,,22.99,5.43,70.0,CEF06.120260611 - Simul_Recife_PV.xlsx,0
1.0,7.84,,1.86,1.84,0.0,5.8,1.35,35.51,0.3,C3,Braço,Unilateral,Curto I,TECNOWATT,,0.2,,23.23,2.44,90.0,CEF06.120260611 - Simul_Recife_PV.xlsx,0
1.0,5.23,,1.44,1.3,0.0,7.2,1.74,20.7,0.246,C4,Braço,Unilateral,,LEDSTAR,,0.71,,13.49,7.81,28.0,CEF06.120260611 - Simul_Recife_PV.xlsx,0
1.0,5.23,,1.44,1.3,0.0,7.2,1.74,20.7,0.246,C4,Braço,Unilateral,,SX LIGHTING,,0.8,,10.74,6.35,22.5,CEF06.120260611 - Simul_Recife_PV.xlsx,0
1.0,5.23,,1.44,1.3,0.0,7.2,1.74,20.7,0.246,C4,Braço,Unilateral,,TECNOWATT,,0.76,,16.17,9.21,30.0,CEF06.120260611 - Simul_Recife_PV.xlsx,0
1.0,5.97,,1.4,2.16,0.0,6.15,1.79,31.48,0.46,C4,Braço,Unilateral,,LEDSTAR,,0.34,,11.56,2.72,35.0,CEF06.120260611 - Simul_Recife_PV.xlsx,0
1.0,5.97,,1.4,2.16,0.0,6.15,1.79,31.48,0.46,C4,Braço,Unilateral,Médio I,SX LIGHTING,,0.31,,11.22,1.51,31.0,CEF06.120260611 - Simul_Recife_PV.xlsx,0
1.0,5.97,,1.4,2.16,0.0,6.15,1.79,31.48,0.46,C4,Braço,Unilateral,Médio II,TECNOWATT,,0.41,,11.15,3.13,30.0,CEF06.120260611 - Simul_Recife_PV.xlsx,0
1.0,6.26,,3.5,3.13,0.0,6.9,2.12,22.4,2.82,C4,Braço,Unilateral,,LEDSTAR,,0.59,,10.28,6.08,28.0,CEF06.120260611 - Simul_Recife_PV.xlsx,0
1.0,6.26,,3.5,3.13,0.0,6.9,2.12,22.4,2.82,C4,Braço,Unilateral,,SX LIGHTING,,0.71,,12.72,8.73,31.0,CEF06.120260611 - Simul_Recife_PV.xlsx,0
1.0,6.26,,3.5,3.13,0.0,6.9,2.12,22.4,2.82,C4,Braço,Unilateral,,TECNOWATT,,0.68,,12.29,8.55,30.0,CEF06.120260611 - Simul_Recife_PV.xlsx,0
1.0,9.85,,2.9,2.95,0.0,6.5,2.25,42.82,0.94,C4,Braço,Unilateral,Médio II,LEDSTAR,,0.18,,10.13,1.71,65.0,CEF06.120260611 - Simul_Recife_PV.xlsx,1
1.0,9.85,,2.9,2.95,0.0,6.5,2.25,42.82,0.94,C4,Braço,Unilateral,Médio II,SX LIGHTING,,0.2,,13.07,2.24,70.0,CEF06.120260611 - Simul_Recife_PV.xlsx,1
1.0,9.85,,2.9,2.95,0.0,6.5,2.25,42.82,0.94,C4,Braço,Unilateral,Longo II,TECNOWATT,,0.2,,10.21,1.45,68.0,CEF06.120260611 - Simul_Recife_PV.xlsx,1
1.0,4.65,,1.22,2.24,0.0,6.2,2.02,39.55,-0.13,C5,Braço,Unilateral,Médio I,LEDSTAR,,0.23,,8.09,1.33,35.0,CEF06.120260611 - Simul_Recife_PV.xlsx,0
1.0,4.65,,1.22,2.24,0.0,6.2,2.02,39.55,-0.13,C5,Braço,Unilateral,Médio I,SX LIGHTING,,0.25,,9.31,1.42,39.0,CEF06.120260611 - Simul_Recife_PV.xlsx,0
1.0,4.65,,1.22,2.24,0.0,6.2,2.02,39.55,-0.13,C5,Braço,Unilateral,Médio I,TECNOWATT,,0.26,,7.93,1.47,30.0,CEF06.120260611 - Simul_Recife_PV.xlsx,0
1.0,3.66,,0.58,0.34,0.0,6.5,2.02,22.65,0.12,C5,Braço,Unilateral,,LEDSTAR,,0.54,,11.9,5.71,28.0,CEF06.120260611 - Simul_Recife_PV.xlsx,0
1.0,3.66,,0.58,0.34,0.0,6.5,2.02,22.65,0.12,C5,Braço,Unilateral,,SX LIGHTING,,0.67,,9.92,5.35,22.5,CEF06.120260611 - Simul_Recife_PV.xlsx,0
1.0,3.66,,0.58,0.34,0.0,6.5,2.02,22.65,0.12,C5,Braço,Unilateral,,TECNOWATT,,0.67,,14.83,8.16,30.0,CEF06.120260611 - Simul_Recife_PV.xlsx,0
1.0,8.94,,2.73,2.64,0.0,6.8,2.8,27.98,1.87,C3,Braço,Unilateral,,LEDSTAR,,0.37,,19.22,9.43,65.0,CEF06.120260611 - Simul_Recife_PV.xlsx,0
1.0,8.94,,2.73,2.64,0.0,6.8,2.8,27.98,1.87,C3,Braço,Unilateral,,SX LIGHTING,,0.64,,17.33,7.02,50.0,CEF06.120260611 - Simul_Recife_PV.xlsx,0
1.0,8.94,,2.73,2.64,0.0,6.8,2.8,27.98,1.87,C3,Braço,Unilateral,,TECNOWATT,,0.61,,18.48,5.65,60.0,CEF06.120260611 - Simul_Recife_PV.xlsx,0
1.0,6.44,,,0.0,0.0,8.0,1.95,20.44,0.0,C5,Braço,Unilateral,,LEDSTAR,,0.73,,10.9,,28.0,CEF06.120260611 - Simul_Recife_PV.xlsx,0
1.0,6.44,,,0.0,0.0,8.0,1.95,20.44,0.0,C5,Braço,Unilateral,,SX LIGHTING,,0.83,,9.1,,22.5,CEF06.120260611 - Simul_Recife_PV.xlsx,0
1.0,6.44,,,0.0,0.0,8.0,1.95,20.44,0.0,C5,Braço,Unilateral,,TECNOWATT,,0.78,,13.64,,30.0,CEF06.120260611 - Simul_Recife_PV.xlsx,0
1.0,7.8,,1.35,1.08,0.0,6.2,2.07,25.74,0.29,C4,Braço,Unilateral,,LEDSTAR,,0.49,,10.35,3.89,28.0,CEF06.120260611 - Simul_Recife_PV.xlsx,0
1.0,7.8,,1.35,1.08,0.0,6.2,2.07,25.74,0.29,C4,Braço,Unilateral,,SX LIGHTING,,0.65,,12.85,4.2,31.0,CEF06.120260611 - Simul_Recife_PV.xlsx,0
1.0,7.8,,1.35,1.08,0.0,6.2,2.07,25.74,0.29,C4,Braço,Unilateral,,TECNOWATT,,0.67,,12.56,5.59,30.0,CEF06.120260611 - Simul_Recife_PV.xlsx,0
1.0,9.0,,3.0,1.4,0.0,6.2,1.77,23.23,0.31,C3,Braço,Unilateral,,LEDSTAR,,0.5,,16.46,6.23,44.0,CEF06.120260611 - Simul_Recife_PV.xlsx,0
1.0,9.0,,3.0,1.4,0.0,6.2,1.77,23.23,0.31,C3,Braço,Unilateral,,SX LIGHTING,,0.68,,15.0,2.97,39.0,CEF06.120260611 - Simul_Recife_PV.xlsx,0
1.0,9.0,,3.0,1.4,0.0,6.2,1.77,23.23,0.31,C3,Braço,Unilateral,,TECNOWATT,,0.65,,16.65,3.68,40.0,CEF06.120260611 - Simul_Recife_PV.xlsx,0
1.0,6.9,,2.52,2.44,0.0,6.0,2.3,46.0,1.08,C4,Braço,Unilateral,Médio II,LEDSTAR,,0.26,,12.0,2.54,65.0,CEF06.120260611 - Simul_Recife_PV.xlsx,0
1.0,6.9,,2.52,2.44,0.0,6.0,2.3,46.0,1.08,C4,Braço,Unilateral,Médio II,SX LIGHTING,,0.19,,10.8,0.7,50.0,CEF06.120260611 - Simul_Recife_PV.xlsx,0
1.0,6.9,,2.52,2.44,0.0,6.0,2.3,46.0,1.08,C4,Braço,Unilateral,Longo I,TECNOWATT,,0.19,,11.56,1.52,60.0,CEF06.120260611 - Simul_Recife_PV.xlsx,0
1.0,5.94,,1.87,1.4,0.0,6.5,2.26,38.76,0.87,C4,Braço,Unilateral,,LEDSTAR,,0.25,,10.71,1.93,44.0,CEF06.120260611 - Simul_Recife_PV.xlsx,0
1.0,5.94,,1.87,1.4,0.0,6.5,2.26,38.76,0.87,C4,Braço,Unilateral,,SX LIGHTING,,0.23,,10.22,1.1,39.0,CEF06.120260611 - Simul_Recife_PV.xlsx,0
1.0,5.94,,1.87,1.4,0.0,6.5,2.26,38.76,0.87,C4,Braço,Unilateral,Médio I,TECNOWATT,,0.22,,13.22,2.2,50.0,CEF06.120260611 - Simul_Recife_PV.xlsx,0
2.0,4.9,,1.89,1.45,0.0,6.5,2.52,14.45,1.24,C4,Braço,Unilateral,,LEDSTAR,,0.78,,11.46,6.9,17.0,CEF06.120260611 - Simul_Recife_PV.xlsx,0
2.0,4.9,,1.89,1.45,0.0,6.5,2.52,14.45,1.24,C4,Braço,Unilateral,,SX LIGHTING,,0.83,,15.89,9.06,22.5,CEF06.120260611 - Simul_Recife_PV.xlsx,0
2.0,4.9,,1.89,1.45,0.0,6.5,2.52,14.45,1.24,C4,Braço,Unilateral,,TECNOWATT,,0.78,,23.86,12.78,30.0,CEF06.120260611 - Simul_Recife_PV.xlsx,0
1.0,8.89,8.9,,0.0,1.86,12.0,1.12,41.3,0.75,C4,Braço,Canteiro central,,LEDSTAR,11.63,0.66,0.66,11.63,,44.0,CEF06.120260611 - Simul_Recife_PV.xlsx,0
1.0,8.89,8.9,,0.0,1.86,12.0,1.12,41.3,0.75,C4,Braço,Canteiro central,,SX LIGHTING,10.26,0.86,0.86,10.26,,39.0,CEF06.120260611 - Simul_Recife_PV.xlsx,0
1.0,8.89,8.9,,0.0,1.86,12.0,1.12,41.3,0.75,C4,Braço,Canteiro central,,TECNOWATT,11.2,0.87,0.87,11.2,,40.0,CEF06.120260611 - Simul_Recife_PV.xlsx,0
1.0,2.92,,0.6,0.0,0.0,6.0,1.92,21.51,-0.2,C5,Braço,Unilateral,,LEDSTAR,,0.54,,7.83,3.65,17.0,CEF06.120260611 - Simul_Recife_PV.xlsx,0
1.0,2.92,,0.6,0.0,0.0,6.0,1.92,21.51,-0.2,C5,Braço,Unilateral,,SX LIGHTING,,0.63,,10.76,5.32,22.5,CEF06.120260611 - Simul_Recife_PV.xlsx,1
1.0,2.92,,0.6,0.0,0.0,6.0,1.92,21.51,-0.2,C5,Braço,Unilateral,,TECNOWATT,,0.65,,15.86,8.28,30.0,CEF06.120260611 - Simul_Recife_PV.xlsx,0
1.0,7.11,,2.67,2.42,0.0,6.3,1.91,33.73,0.28,C3,Braço,Unilateral,,LEDSTAR,,0.33,,18.81,4.83,65.0,CEF06.120260611 - Simul_Recife_PV.xlsx,0
1.0,7.11,,2.67,2.42,0.0,6.3,1.91,33.73,0.28,C3,Braço,Unilateral,,SX LIGHTING,,0.34,,17.06,1.65,50.0,CEF06.120260611 - Simul_Recife_PV.xlsx,0
1.0,7.11,,2.67,2.42,0.0,6.3,1.91,33.73,0.28,C3,Braço,Unilateral,,TECNOWATT,,0.28,,15.56,2.8,50.0,CEF06.120260611 - Simul_Recife_PV.xlsx,0
1.0,6.8,,2.3,2.21,0.0,6.434,2.69,34.0,0.75,C4,Braço,Unilateral,,LEDSTAR,,0.3,,10.11,1.72,35.0,CEF06.120260611 - Simul_Recife_PV.xlsx,0
1.0,6.8,,2.3,2.21,0.0,6.434,2.69,34.0,0.75,C4,Braço,Unilateral,,SX LIGHTING,,0.36,,11.56,1.8,39.0,CEF06.120260611 - Simul_Recife_PV.xlsx,0
1.0,6.8,,2.3,2.21,0.0,6.434,2.69,34.0,0.75,C4,Braço,Unilateral,,TECNOWATT,,0.29,,13.09,1.96,40.0,CEF06.120260611 - Simul_Recife_PV.xlsx,0
1.0,3.88,,0.7,0.73,0.0,7.5,2.13,21.77,0.4,C5,Braço,Unilateral,,LEDSTAR,,0.65,,10.94,6.41,28.0,CEF06.120260611 - Simul_Recife_PV.xlsx,0
1.0,3.88,,0.7,0.73,0.0,7.5,2.13,21.77,0.4,C5,Braço,Unilateral,,SX LIGHTING,,0.77,,9.12,5.94,22.5,CEF06.120260611 - Simul_Recife_PV.xlsx,0
1.0,3.88,,0.7,0.73,0.0,7.5,2.13,21.77,0.4,C5,Braço,Unilateral,,TECNOWATT,,0.73,,13.72,8.55,30.0,CEF06.120260611 - Simul_Recife_PV.xlsx,0
1.0,7.57,,2.25,1.41,0.0,7.5,3.1,20.43,1.98,C3,Braço,Unilateral,,LEDSTAR,,0.71,,17.09,9.97,44.0,CEF06.120260611 - Simul_Recife_PV.xlsx,0
1.0,7.57,,2.25,1.41,0.0,7.5,3.1,20.43,1.98,C3,Braço,Unilateral,,SX LIGHTING,,0.82,,16.26,10.27,39.0,CEF06.120260611 - Simul_Recife_PV.xlsx,0
1.0,7.57,,2.25,1.41,0.0,7.5,3.1,20.43,1.98,C3,Braço,Unilateral,,TECNOWATT,,0.75,,18.37,11.04,40.0,CEF06.120260611 - Simul_Recife_PV.xlsx,0
1.0,6.83,,3.4,3.48,0.0,6.3,1.8,37.06,2.68,C3,Braço,Bilateral alternada,,LEDSTAR,,0.72,,15.93,2.13,35.0,CEF06.120260611 - Simul_Recife_PV.xlsx,0
1.0,6.83,,3.4,3.48,0.0,6.3,1.8,37.06,2.68,C3,Braço,Bilateral alternada,,SX LIGHTING,,0.64,,17.62,2.42,39.0,CEF06.120260611 - Simul_Recife_PV.xlsx,0
1.0,6.83,,3.4,3.48,0.0,6.3,1.8,37.06,2.68,C3,Braço,Bilateral alternada,,TECNOWATT,,0.47,,18.61,3.12,40.0,CEF06.120260611 - Simul_Recife_PV.xlsx,0
1.0,5.96,,1.9,3.08,0.0,8.0,2.45,37.2,0.2,C5,Braço,Unilateral,,LEDSTAR,,0.38,,7.62,2.09,35.0,CEF06.120260611 - Simul_Recife_PV.xlsx,0
1.0,5.96,,1.9,3.08,0.0,8.0,2.45,37.2,0.2,C5,Braço,Unilateral,,SX LIGHTING,,0.47,,8.71,2.6,39.0,CEF06.120260611 - Simul_Recife_PV.xlsx,0
1.0,5.96,,1.9,3.08,0.0,8.0,2.45,37.2,0.2,C5,Braço,Unilateral,,TECNOWATT,,0.43,,10.13,2.82,40.0,CEF06.120260611 - Simul_Recife_PV.xlsx,0
1.0,5.7,,,0.0,0.0,6.7,2.4,34.41,0.0,C4,Braço,Unilateral,,LEDSTAR,,0.31,,11.59,,44.0,CEF06.120260611 - Simul_Recife_PV.xlsx,0
1.0,5.7,,,0.0,0.0,6.7,2.4,34.41,0.0,C4,Braço,Unilateral,,SX LIGHTING,,0.35,,11.03,,39.0,CEF06.120260611 - Simul_Recife_PV.xlsx,0
1.0,5.7,,,0.0,0.0,6.7,2.4,34.41,0.0,C4,Braço,Unilateral,,TECNOWATT,,0.3,,12.74,,40.0,CEF06.120260611 - Simul_Recife_PV.xlsx,0
1.0,5.34,,5.13,0.0,0.0,7.8,2.48,31.25,0.22,C3,Braço,Unilateral,,LEDSTAR,,0.54,,16.83,4.08,65.0,CEF06.120260611 - Simul_Recife_PV.xlsx,0
1.0,5.34,,5.13,0.0,0.0,7.8,2.48,31.25,0.22,C3,Braço,Unilateral,,SX LIGHTING,,0.6,,15.35,1.94,50.0,CEF06.120260611 - Simul_Recife_PV.xlsx,0
1.0,5.34,,5.13,0.0,0.0,7.8,2.48,31.25,0.22,C3,Braço,Unilateral,,TECNOWATT,,0.58,,17.68,3.27,60.0,CEF06.120260611 - Simul_Recife_PV.xlsx,0
1.0,7.93,,3.4,3.24,0.0,5.6,2.72,45.4,1.95,C4,Braço,Unilateral,Médio I,LEDSTAR,,0.2,,12.12,2.0,65.0,CEF06.120260611 - Simul_Recife_PV.xlsx,0
1.0,7.93,,3.4,3.24,0.0,5.6,2.72,45.4,1.95,C4,Braço,Unilateral,Médio II,SX LIGHTING,,0.25,,10.41,0.69,50.0,CEF06.120260611 - Simul_Recife_PV.xlsx,0
1.0,7.93,,3.4,3.24,0.0,5.6,2.72,45.4,1.95,C4,Braço,Unilateral,Longo I,TECNOWATT,,0.23,,10.96,1.6,60.0,CEF06.120260611 - Simul_Recife_PV.xlsx,0
1.0,3.78,,,0.0,0.0,5.0,1.7,23.09,0.0,C5,Braço,Unilateral,,LEDSTAR,,0.39,,9.14,,17.0,CEF06.120260611 - Simul_Recife_PV.xlsx,0
1.0,3.78,,,0.0,0.0,5.0,1.7,23.09,0.0,C5,Braço,Unilateral,,SX LIGHTING,,0.43,,12.6,,22.5,CEF06.120260611 - Simul_Recife_PV.xlsx,0
1.0,3.78,,,0.0,0.0,5.0,1.7,23.09,0.0,C5,Braço,Unilateral,,TECNOWATT,,0.47,,18.87,,30.0,CEF06.120260611 - Simul_Recife_PV.xlsx,0
1.0,8.8,,1.0,0.66,0.0,5.7,2.04,37.5,0.9,C4,Braço,Unilateral,,LEDSTAR,,0.21,,10.58,1.86,44.0,CEF06.120260611 - Simul_Recife_PV.xlsx,0
1.0,8.8,,1.0,0.66,0.0,5.7,2.04,37.5,0.9,C4,Braço,Unilateral,,SX LIGHTING,,0.18,,14.53,0.83,50.0,CEF06.120260611 - Simul_Recife_PV.xlsx,0
1.0,8.8,,1.0,0.66,0.0,5.7,2.04,37.5,0.9,C4,Braço,Unilateral,Médio II,TECNOWATT,,0.33,,10.99,4.1,50.0,CEF06.120260611 - Simul_Recife_PV.xlsx,0
1.0,8.0,,1.25,2.64,0.0,5.5,3.27,30.85,0.6,C4,Braço,Unilateral,,LEDSTAR,,0.23,,12.16,1.39,35.0,CEF06.120260611 - Simul_Recife_PV.xlsx,0
1.0,8.0,,1.25,2.64,0.0,5.5,3.27,30.85,0.6,C4,Braço,Unilateral,,SX LIGHTING,,0.24,,13.84,1.26,39.0,CEF06.120260611 - Simul_Recife_PV.xlsx,0
1.0,8.0,,1.25,2.64,0.0,5.5,3.27,30.85,0.6,C4,Braço,Unilateral,,TECNOWATT,,0.28,,11.38,1.6,30.0,CEF06.120260611 - Simul_Recife_PV.xlsx,0
1.0,,,1.72,0.0,0.0,5.0,1.16,14.73,0.0,P6,Braço,Unilateral,,LEDSTAR,,,,,9.35,17.0,CEF06.120260611 - Simul_Recife_PV.xlsx,0
1.0,,,1.72,0.0,0.0,5.0,1.16,14.73,0.0,P6,Braço,Unilateral,,SX LIGHTING,,,,,15.16,22.5,CEF06.120260611 - Simul_Recife_PV.xlsx,0
1.0,,,1.72,0.0,0.0,5.0,1.16,14.73,0.0,P6,Braço,Unilateral,,TECNOWATT,,,,,21.84,30.0,CEF06.120260611 - Simul_Recife_PV.xlsx,0
1.0,9.91,,2.24,2.4,0.0,8.5,3.46,38.32,0.3,C4,Braço,Unilateral,,LEDSTAR,,0.44,,12.23,4.39,65.0,CEF06.120260611 - Simul_Recife_PV.xlsx,0
1.0,9.91,,2.24,2.4,0.0,8.5,3.46,38.32,0.3,C4,Braço,Unilateral,,SX LIGHTING,,0.48,,11.04,2.31,50.0,CEF06.120260611 - Simul_Recife_PV.xlsx,0
1.0,9.91,,2.24,2.4,0.0,8.5,3.46,38.32,0.3,C4,Braço,Unilateral,,TECNOWATT,,0.51,,12.31,3.44,60.0,CEF06.120260611 - Simul_Recife_PV.xlsx,0
1.0,3.5,,,1.0,0.0,6.6,1.92,22.64,0.0,C4,Braço,Unilateral,,LEDSTAR,,0.55,,11.68,,28.0,CEF06.120260611 - Simul_Recife_PV.xlsx,0
1.0,3.5,,,1.0,0.0,6.6,1.92,22.64,0.0,C4,Braço,Unilateral,,SX LIGHTING,,0.71,,14.3,,31.0,CEF06.120260611 - Simul_Recife_PV.xlsx,0
1.0,3.5,,,1.0,0.0,6.6,1.92,22.64,0.0,C4,Braço,Unilateral,,TECNOWATT,,0.67,,14.54,,30.0,CEF06.120260611 - Simul_Recife_PV.xlsx,0
1.0,7.26,,3.72,1.95,0.0,7.1,2.28,24.65,2.66,C4,Braço,Unilateral,,LEDSTAR,,0.58,,11.56,6.35,35.0,CEF06.120260611 - Simul_Recife_PV.xlsx,0
1.0,7.26,,3.72,1.95,0.0,7.1,2.28,24.65,2.66,C4,Braço,Unilateral,,SX LIGHTING,,0.69,,12.93,7.85,39.0,CEF06.120260611 - Simul_Recife_PV.xlsx,0
1.0,7.26,,3.72,1.95,0.0,7.1,2.28,24.65,2.66,C4,Braço,Unilateral,,TECNOWATT,,0.63,,10.65,6.72,30.0,CEF06.120260611 - Simul_Recife_PV.xlsx,0
1.0,5.96,,0.97,1.0,0.0,6.5,2.15,11.0,0.3,C5,Braço,Unilateral,,LEDSTAR,,0.88,,14.8,10.05,17.0,CEF06.120260611 - Simul_Recife_PV.xlsx,0
1.0,5.96,,0.97,1.0,0.0,6.5,2.15,11.0,0.3,C5,Braço,Unilateral,,SX LIGHTING,,0.91,,20.56,12.89,22.5,CEF06.120260611 - Simul_Recife_PV.xlsx,0
1.0,5.96,,0.97,1.0,0.0,6.5,2.15,11.0,0.3,C5,Braço,Unilateral,,TECNOWATT,,0.86,,30.59,18.32,30.0,CEF06.120260611 - Simul_Recife_PV.xlsx,0
1.0,8.27,,3.25,0.0,0.0,7.5,2.12,36.86,3.02,C5,Braço,Unilateral,,LEDSTAR,,0.38,,8.06,3.11,44.0,CEF06.120260611 - Simul_Recife_PV.xlsx,0
1.0,8.27,,3.25,0.0,0.0,7.5,2.12,36.86,3.02,C5,Braço,Unilateral,,SX LIGHTING,,0.55,,11.16,4.18,50.0,CEF06.120260611 - Simul_Recife_PV.xlsx,0
1.0,8.27,,3.25,0.0,0.0,7.5,2.12,36.86,3.02,C5,Braço,Unilateral,,TECNOWATT,,0.33,,7.93,3.43,40.0,CEF06.120260611 - Simul_Recife_PV.xlsx,0
1.0,6.88,,3.66,1.52,0.0,7.5,2.32,33.89,1.09,C4,Braço,Unilateral,,LEDSTAR,,0.43,,10.54,3.04,44.0,CEF06.120260611 - Simul_Recife_PV.xlsx,0
1.0,6.88,,3.66,1.52,0.0,7.5,2.32,33.89,1.09,C4,Braço,Unilateral,,SX LIGHTING,,0.57,,10.05,2.84,39.0,CEF06.120260611 - Simul_Recife_PV.xlsx,0
1.0,6.88,,3.66,1.52,0.0,7.5,2.32,33.89,1.09,C4,Braço,Unilateral,,TECNOWATT,,0.54,,11.49,3.1,40.0,CEF06.120260611 - Simul_Recife_PV.xlsx,0
1.0,7.88,,1.84,2.8,0.0,7.7,2.47,36.49,0.5,C5,Braço,Unilateral,,LEDSTAR,,0.39,,7.91,2.18,35.0,CEF06.120260611 - Simul_Recife_PV.xlsx,0
1.0,7.88,,1.84,2.8,0.0,7.7,2.47,36.49,0.5,C5,Braço,Unilateral,,SX LIGHTING,,0.41,,7.68,1.4,31.0,CEF06.120260611 - Simul_Recife_PV.xlsx,0
1.0,7.88,,1.84,2.8,0.0,7.7,2.47,36.49,0.5,C5,Braço,Unilateral,,TECNOWATT,,0.5,,7.61,2.53,30.0,CEF06.120260611 - Simul_Recife_PV.xlsx,0
1.0,7.3,,1.9,1.0,0.0,6.3,2.17,30.49,0.36,C4,Braço,Unilateral,,LEDSTAR,,0.38,,11.31,2.71,35.0,CEF06.120260611 - Simul_Recife_PV.xlsx,0
1.0,7.3,,1.9,1.0,0.0,6.3,2.17,30.49,0.36,C4,Braço,Unilateral,,SX LIGHTING,,0.39,,10.97,1.42,31.0,CEF06.120260611 - Simul_Recife_PV.xlsx,0
1.0,7.3,,1.9,1.0,0.0,6.3,2.17,30.49,0.36,C4,Braço,Unilateral,,TECNOWATT,,0.49,,10.77,3.06,30.0,CEF06.120260611 - Simul_Recife_PV.xlsx,0
1.0,8.97,,2.85,2.3,0.0,8.5,3.2,34.2,0.49,C4,Braço,Unilateral,,LEDSTAR,,0.49,,10.66,3.59,52.0,CEF06.120260611 - Simul_Recife_PV.xlsx,0
1.0,8.97,,2.85,2.3,0.0,8.5,3.2,34.2,0.49,C4,Braço,Unilateral,,SX LIGHTING,,0.61,,12.62,3.59,50.0,CEF06.120260611 - Simul_Recife_PV.xlsx,0
1.0,8.97,,2.85,2.3,0.0,8.5,3.2,34.2,0.49,C4,Braço,Unilateral,,TECNOWATT,,0.66,,11.8,4.26,50.0,CEF06.120260611 - Simul_Recife_PV.xlsx,0
1.0,3.87,,,0.0,0.0,8.1,1.7,23.4,0.0,C4,Braço,Unilateral,,LEDSTAR,,0.7,,12.04,,35.0,CEF06.120260611 - Simul_Recife_PV.xlsx,0
1.0,3.87,,,0.0,0.0,8.1,1.7,23.4,0.0,C4,Braço,Unilateral,,SX LIGHTING,,0.8,,11.64,,31.0,CEF06.120260611 - Simul_Recife_PV.xlsx,0
1.0,3.87,,,0.0,0.0,8.1,1.7,23.4,0.0,C4,Braço,Unilateral,,TECNOWATT,,0.74,,11.87,,30.0,CEF06.120260611 - Simul_Recife_PV.xlsx,0
1.0,4.95,,1.72,1.92,0.0,6.57,1.8,33.75,1.33,C4,Braço,Unilateral,,LEDSTAR,,0.36,,10.31,2.73,35.0,CEF06.120260611 - Simul_Recife_PV.xlsx,0
1.0,4.95,,1.72,1.92,0.0,6.57,1.8,33.75,1.33,C4,Braço,Unilateral,,SX LIGHTING,,0.37,,10.0,1.88,31.0,CEF06.120260611 - Simul_Recife_PV.xlsx,0
1.0,4.95,,1.72,1.92,0.0,6.57,1.8,33.75,1.33,C4,Braço,Unilateral,,TECNOWATT,,0.43,,10.01,3.2,30.0,CEF06.120260611 - Simul_Recife_PV.xlsx,0
1.0,5.31,,2.78,0.0,0.0,7.74,1.88,39.79,1.65,C4,Braço,Unilateral,,LEDSTAR,,0.35,,10.43,2.85,52.0,CEF06.120260611 - Simul_Recife_PV.xlsx,0
1.0,5.31,,2.78,0.0,0.0,7.74,1.88,39.79,1.65,C4,Braço,Unilateral,,SX LIGHTING,,0.44,,12.29,0.8,50.0,CEF06.120260611 - Simul_Recife_PV.xlsx,0
1.0,5.31,,2.78,0.0,0.0,7.74,1.88,39.79,1.65,C4,Braço,Unilateral,,TECNOWATT,,0.35,,11.67,3.25,50.0,CEF06.120260611 - Simul_Recife_PV.xlsx,0
1.0,7.56,,1.17,2.02,0.0,7.68,1.52,35.1,0.87,C5,Braço,Unilateral,,LEDSTAR,,0.47,,8.09,3.16,35.0,CEF06.120260611 - Simul_Recife_PV.xlsx,0
1.0,7.56,,1.17,2.02,0.0,7.68,1.52,35.1,0.87,C5,Braço,Unilateral,,SX LIGHTING,,0.59,,7.75,3.0,31.0,CEF06.120260611 - Simul_Recife_PV.xlsx,0
1.0,7.56,,1.17,2.02,0.0,7.68,1.52,35.1,0.87,C5,Braço,Unilateral,,TECNOWATT,,0.6,,7.65,3.81,30.0,CEF06.120260611 - Simul_Recife_PV.xlsx,0
1.0,6.98,,1.89,1.0,0.0,7.45,1.35,19.9,0.59,C4,Braço,Unilateral,,LEDSTAR,,0.72,,11.58,7.47,28.0,CEF06.120260611 - Simul_Recife_PV.xlsx,0
1.0,6.98,,1.89,1.0,0.0,7.45,1.35,19.9,0.59,C4,Braço,Unilateral,,SX LIGHTING,,0.83,,14.41,10.11,31.0,CEF06.120260611 - Simul_Recife_PV.xlsx,0
1.0,6.98,,1.89,1.0,0.0,7.45,1.35,19.9,0.59,C4,Braço,Unilateral,,TECNOWATT,,0.77,,14.27,9.51,30.0,CEF06.120260611 - Simul_Recife_PV.xlsx,0
2.0,6.69,,4.02,3.12,0.0,5.56,2.84,36.83,2.93,C5,Braço,Unilateral,,LEDSTAR,,0.23,,10.76,0.6,44.0,CEF06.120260611 - Simul_Recife_PV.xlsx,0
2.0,6.69,,4.02,3.12,0.0,5.56,2.84,36.83,2.93,C5,Braço,Unilateral,Médio I,SX LIGHTING,,0.47,,9.17,1.92,39.0,CEF06.120260611 - Simul_Recife_PV.xlsx,0
2.0,6.69,,4.02,3.12,0.0,5.56,2.84,36.83,2.93,C5,Braço,Unilateral,Curto II,TECNOWATT,,0.3,,7.86,0.68,30.0,CEF06.120260611 - Simul_Recife_PV.xlsx,0
1.0,6.86,,2.56,0.0,0.0,7.08,2.25,36.06,0.97,C3,Braço,Unilateral,,LEDSTAR,,0.35,,16.08,5.25,65.0,CEF06.120260611 - Simul_Recife_PV.xlsx,0
1.0,6.86,,2.56,0.0,0.0,7.08,2.25,36.06,0.97,C3,Braço,Unilateral,,SX LIGHTING,,0.34,,15.75,2.28,60.0,CEF06.120260611 - Simul_Recife_PV.xlsx,0
1.0,6.86,,2.56,0.0,0.0,7.08,2.25,36.06,0.97,C3,Braço,Unilateral,,TECNOWATT,,0.37,,16.23,3.61,60.0,CEF06.120260611 - Simul_Recife_PV.xlsx,0
1.0,4.71,,3.16,1.9,0.0,8.28,2.2,25.89,0.69,C3,Braço,Bilateral alternada,,LEDSTAR,,0.92,,16.92,10.88,28.0,CEF06.120260611 - Simul_Recife_PV.xlsx,0
1.0,4.71,,3.16,1.9,0.0,8.28,2.2,25.89,0.69,C3,Braço,Bilateral alternada,,SX LIGHTING,,0.89,,20.91,12.67,31.0,CEF06.120260611 - Simul_Recife_PV.xlsx,0
1.0,4.71,,3.16,1.9,0.0,8.28,2.2,25.89,0.69,C3,Braço,Bilateral alternada,,TECNOWATT,,0.87,,21.32,12.35,30.0,CEF06.120260611 - Simul_Recife_PV.xlsx,0
1.0,5.48,,2.09,2.76,0.0,6.52,1.69,25.15,1.53,C5,Braço,Unilateral,,LEDSTAR,,0.53,,10.49,4.82,28.0,CEF06.120260611 - Simul_Recife_PV.xlsx,0
1.0,5.48,,2.09,2.76,0.0,6.52,1.69,25.15,1.53,C5,Braço,Unilateral,,SX LIGHTING,,0.73,,8.77,4.98,22.5,CEF06.120260611 - Simul_Recife_PV.xlsx,0
1.0,5.48,,2.09,2.76,0.0,6.52,1.69,25.15,1.53,C5,Braço,Unilateral,,TECNOWATT,,0.71,,12.91,7.43,30.0,CEF06.120260611 - Simul_Recife_PV.xlsx,0
1.0,4.96,,1.14,2.23,0.0,7.91,1.76,19.96,1.44,C5,Braço,Unilateral,,LEDSTAR,,0.77,,11.46,8.14,28.0,CEF06.120260611 - Simul_Recife_PV.xlsx,0
1.0,4.96,,1.14,2.23,0.0,7.91,1.76,19.96,1.44,C5,Braço,Unilateral,,SX LIGHTING,,0.85,,9.54,7.58,22.5,CEF06.120260611 - Simul_Recife_PV.xlsx,0
1.0,4.96,,1.14,2.23,0.0,7.91,1.76,19.96,1.44,C5,Braço,Unilateral,,TECNOWATT,,0.84,,14.41,10.66,30.0,CEF06.120260611 - Simul_Recife_PV.xlsx,0
1.0,4.02,,,0.0,0.0,6.78,1.85,38.97,0.76,C5,Braço,Bilateral alternada,,LEDSTAR,,0.26,,10.57,,44.0,CEF06.120260611 - Simul_Recife_PV.xlsx,0
1.0,4.02,,,0.0,0.0,6.78,1.85,38.97,0.76,C5,Braço,Bilateral alternada,,SX LIGHTING,,0.26,,10.03,,39.0,CEF06.120260611 - Simul_Recife_PV.xlsx,0
1.0,4.02,,,0.0,0.0,6.78,1.85,38.97,0.76,C5,Braço,Bilateral alternada,,TECNOWATT,,0.23,,8.69,,30.0,CEF06.120260611 - Simul_Recife_PV.xlsx,0
1.0,4.0,,,0.0,0.0,6.62,1.63,40.4,-0.36,C5,Braço,Unilateral,,LEDSTAR,,0.22,,10.09,,44.0,CEF06.120260611 - Simul_Recife_PV.xlsx,0
1.0,4.0,,,0.0,0.0,6.62,1.63,40.4,-0.36,C5,Braço,Unilateral,Médio I,SX LIGHTING,,0.23,,9.15,,39.0,CEF06.120260611 - Simul_Recife_PV.xlsx,0
1.0,4.0,,,0.0,0.0,6.62,1.63,40.4,-0.36,C5,Braço,Unilateral,Médio I,TECNOWATT,,0.23,,7.77,,30.0,CEF06.120260611 - Simul_Recife_PV.xlsx,0
1.0,4.19,,,0.0,0.0,5.44,1.75,29.95,0.39,C5,Braço,Unilateral,,LEDSTAR,,0.28,,10.97,,28.0,CEF06.120260611 - Simul_Recife_PV.xlsx,0
1.0,4.19,,,0.0,0.0,5.44,1.75,29.95,0.39,C5,Braço,Unilateral,,SX LIGHTING,,0.26,,9.11,,22.5,CEF06.120260611 - Simul_Recife_PV.xlsx,0
1.0,4.19,,,0.0,0.0,5.44,1.75,29.95,0.39,C5,Braço,Unilateral,,TECNOWATT,,0.31,,13.7,,30.0,CEF06.120260611 - Simul_Recife_PV.xlsx,0
1.0,6.78,,1.42,0.0,0.0,7.07,1.96,17.27,1.47,C5,Braço,Bilateral alternada,,LEDSTAR,,0.91,,16.71,11.64,17.0,CEF06.120260611 - Simul_Recife_PV.xlsx,0
1.0,6.78,,1.42,0.0,0.0,7.07,1.96,17.27,1.47,C5,Braço,Bilateral alternada,,SX LIGHTING,,0.9,,23.12,14.52,22.5,CEF06.120260611 - Simul_Recife_PV.xlsx,0
1.0,6.78,,1.42,0.0,0.0,7.07,1.96,17.27,1.47,C5,Braço,Bilateral alternada,,TECNOWATT,,0.88,,33.9,20.28,30.0,CEF06.120260611 - Simul_Recife_PV.xlsx,0
1.0,6.77,,2.96,1.92,0.0,7.18,1.91,17.61,2.16,C5,Braço,Unilateral,,LEDSTAR,,0.72,,7.78,5.63,17.0,CEF06.120260611 - Simul_Recife_PV.xlsx,0
1.0,6.77,,2.96,1.92,0.0,7.18,1.91,17.61,2.16,C5,Braço,Unilateral,,SX LIGHTING,,0.77,,10.74,8.12,22.5,CEF06.120260611 - Simul_Recife_PV.xlsx,0
1.0,6.77,,2.96,1.92,0.0,7.18,1.91,17.61,2.16,C5,Braço,Unilateral,,TECNOWATT,,0.7,,15.52,11.36,30.0,CEF06.120260611 - Simul_Recife_PV.xlsx,0
1.0,6.44,,1.63,0.0,0.0,5.81,1.89,41.01,0.61,C5,Braço,Unilateral,Curto I,LEDSTAR,,0.18,,8.35,0.86,35.0,CEF06.120260611 - Simul_Recife_PV.xlsx,0
1.0,6.44,,1.63,0.0,0.0,5.81,1.89,41.01,0.61,C5,Braço,Unilateral,Curto I,SX LIGHTING,,0.19,,9.49,0.9,39.0,CEF06.120260611 - Simul_Recife_PV.xlsx,0
1.0,6.44,,1.63,0.0,0.0,5.81,1.89,41.01,0.61,C5,Braço,Unilateral,Médio I,TECNOWATT,,0.24,,7.58,1.31,30.0,CEF06.120260611 - Simul_Recife_PV.xlsx,0
1.0,10.25,,1.76,0.0,0.0,6.27,1.95,32.12,0.89,C4,Braço,Unilateral,,LEDSTAR,,0.32,,10.69,3.5,44.0,CEF06.120260611 - Simul_Recife_PV.xlsx,0
1.0,10.25,,1.76,0.0,0.0,6.27,1.95,32.12,0.89,C4,Braço,Unilateral,,SX LIGHTING,,0.45,,14.55,3.49,50.0,CEF06.120260611 - Simul_Recife_PV.xlsx,0
1.0,10.25,,1.76,0.0,0.0,6.27,1.95,32.12,0.89,C4,Braço,Unilateral,,TECNOWATT,,0.19,,12.25,4.49,50.0,CEF06.120260611 - Simul_Recife_PV.xlsx,0
2.0,6.78,,2.51,2.51,0.0,6.6,2.01,22.03,0.72,C4,Braço,Bilateral alternada,,LEDSTAR,,0.84,,14.17,7.6,17.0,CEF06.120260611 - Simul_Recife_PV.xlsx,0
2.0,6.78,,2.51,2.51,0.0,6.6,2.01,22.03,0.72,C4,Braço,Bilateral alternada,,SX LIGHTING,,0.79,,19.64,7.66,22.5,CEF06.120260611 - Simul_Recife_PV.xlsx,0
2.0,6.78,,2.51,2.51,0.0,6.6,2.01,22.03,0.72,C4,Braço,Bilateral alternada,,TECNOWATT,,0.76,,28.84,11.38,30.0,CEF06.120260611 - Simul_Recife_PV.xlsx,0
1.0,3.54,,,0.0,0.0,6.87,2.03,37.62,-0.54,C5,Braço,Unilateral,,LEDSTAR,,0.24,,8.14,,35.0,CEF06.120260611 - Simul_Recife_PV.xlsx,0
1.0,3.54,,,0.0,0.0,6.87,2.03,37.62,-0.54,C5,Braço,Unilateral,,SX LIGHTING,,0.24,,9.44,,39.0,CEF06.120260611 - Simul_Recife_PV.xlsx,0
1.0,3.54,,,0.0,0.0,6.87,2.03,37.62,-0.54,C5,Braço,Unilateral,,TECNOWATT,,0.28,,7.86,,30.0,CEF06.120260611 - Simul_Recife_PV.xlsx,0
1.0,3.54,,,0.0,0.0,5.51,1.77,20.84,0.72,C5,Braço,Unilateral,,LEDSTAR,,0.52,,9.48,,17.0,CEF06.120260611 - Simul_Recife_PV.xlsx,0
1.0,3.54,,,0.0,0.0,5.51,1.77,20.84,0.72,C5,Braço,Unilateral,,SX LIGHTING,,0.66,,13.14,,22.5,CEF06.120260611 - Simul_Recife_PV.xlsx,0
1.0,3.54,,,0.0,0.0,5.51,1.77,20.84,0.72,C5,Braço,Unilateral,,TECNOWATT,,0.66,,19.83,,30.0,CEF06.120260611 - Simul_Recife_PV.xlsx,0
1.0,4.07,,,0.0,0.0,6.92,1.49,25.96,0.55,C5,Suporte,Unilateral,,LEDSTAR,,0.52,,10.16,,28.0,CEF06.120260611 - Simul_Recife_PV.xlsx,0
1.0,4.07,,,0.0,0.0,6.92,1.49,25.96,0.55,C5,Suporte,Unilateral,,SX LIGHTING,,0.66,,8.46,,22.5,CEF06.120260611 - Simul_Recife_PV.xlsx,0
1.0,4.07,,,0.0,0.0,6.92,1.49,25.96,0.55,C5,Suporte,Unilateral,,TECNOWATT,,0.68,,12.82,,30.0,CEF06.120260611 - Simul_Recife_PV.xlsx,0
1.0,7.0,,,0.0,0.0,5.53,1.54,31.33,0.72,C5,Braço,Unilateral,,LEDSTAR,,0.29,,9.17,,28.0,CEF06.120260611 - Simul_Recife_PV.xlsx,0
1.0,7.0,,,0.0,0.0,5.53,1.54,31.33,0.72,C5,Braço,Unilateral,,SX LIGHTING,,0.31,,7.57,,22.5,CEF06.120260611 - Simul_Recife_PV.xlsx,0
1.0,7.0,,,0.0,0.0,5.53,1.54,31.33,0.72,C5,Braço,Unilateral,,TECNOWATT,,0.32,,10.94,,30.0,CEF06.120260611 - Simul_Recife_PV.xlsx,0
1.0,13.7,,2.85,2.95,0.0,8.13,1.11,30.17,3.52,C4,Braço,Unilateral,,LEDSTAR,,0.3,,13.78,3.95,28.0,CEF06.120260611 - Simul_Recife_PV.xlsx,1
1.0,13.7,,2.85,2.95,0.0,8.13,1.11,30.17,3.52,C4,Braço,Unilateral,,SX LIGHTING,,0.29,,18.84,14.42,39.0,CEF06.120260611 - Simul_Recife_PV.xlsx,1
1.0,13.7,,2.85,2.95,0.0,8.13,1.11,30.17,3.52,C4,Braço,Unilateral,,TECNOWATT,,0.31,,15.76,6.69,30.0,CEF06.120260611 - Simul_Recife_PV.xlsx,1
1.0,13.92,16.0,2.9,2.0,1.0,6.37,1.58,29.16,2.56,C4,Braço,Bilateral alternada,Curto II,LEDSTAR,10.83,0.26,0.24,12.01,9.57,65.0,CEF06.120260611 - Simul_Recife_PV.xlsx,0
1.0,13.92,16.0,2.9,2.0,1.0,6.37,1.58,29.16,2.56,C4,Braço,Bilateral alternada,Curto II,SX LIGHTING,13.09,0.24,0.18,14.85,11.74,70.0,CEF06.120260611 - Simul_Recife_PV.xlsx,0
1.0,13.92,16.0,2.9,2.0,1.0,6.37,1.58,29.16,2.56,C4,Braço,Bilateral alternada,Curto II,TECNOWATT,10.86,0.24,0.18,12.2,9.22,68.0,CEF06.120260611 - Simul_Recife_PV.xlsx,0
1.0,7.1,6.88,4.03,6.03,2.02,8.73,2.24,18.83,1.17,C1,Chicote duplo,Canteiro central,,LEDSTAR,,0.75,,35.67,15.14,65.0,CEF06.120260611 - Simul_Recife_PV.xlsx,0
1.0,7.1,6.88,4.03,6.03,2.02,8.73,2.24,18.83,1.17,C1,Chicote duplo,Canteiro central,,SX LIGHTING,,0.79,,32.57,13.02,60.0,CEF06.120260611 - Simul_Recife_PV.xlsx,0
1.0,7.1,6.88,4.03,6.03,2.02,8.73,2.24,18.83,1.17,C1,Chicote duplo,Canteiro central,,TECNOWATT,,0.78,,35.07,11.64,60.0,CEF06.120260611 - Simul_Recife_PV.xlsx,0
1.0,10.25,,5.95,0.0,0.0,9.25,3.45,29.45,2.4,C5,Chicote simples,Unilateral,,LEDSTAR,,0.65,,7.8,2.93,35.0,CEF06.120260611 - Simul_Recife_PV.xlsx,0
1.0,10.25,,5.95,0.0,0.0,9.25,3.45,29.45,2.4,C5,Chicote simples,Unilateral,,SX LIGHTING,,0.75,,8.76,3.05,39.0,CEF06.120260611 - Simul_Recife_PV.xlsx,0
1.0,10.25,,5.95,0.0,0.0,9.25,3.45,29.45,2.4,C5,Chicote simples,Unilateral,,TECNOWATT,,0.64,,9.74,3.55,40.0,CEF06.120260611 - Simul_Recife_PV.xlsx,0
1.0,8.95,9.56,1.91,3.05,10.65,9.74,2.34,39.43,5.86,C2,Chicote duplo,Canteiro central,,LEDSTAR,,0.47,,25.25,6.7,155.0,CEF06.120260611 - Simul_Recife_PV.xlsx,0
1.0,8.95,9.56,1.91,3.05,10.65,9.74,2.34,39.43,5.86,C2,Chicote duplo,Canteiro central,,SX LIGHTING,,0.46,,23.7,5.99,137.0,CEF06.120260611 - Simul_Recife_PV.xlsx,0
1.0,8.95,9.56,1.91,3.05,10.65,9.74,2.34,39.43,5.86,C2,Chicote duplo,Canteiro central,,TECNOWATT,,0.61,,22.99,7.29,150.0,CEF06.120260611 - Simul_Recife_PV.xlsx,0
3.0,10.4,16.2,2.74,3.13,1.72,8.63,3.24,31.31,0.75,C1,Braço,Bilateral alternada,,LEDSTAR,,0.47,,33.04,4.35,140.0,CEF06.120260611 - Simul_Recife_PV.xlsx,0
3.0,10.4,16.2,2.74,3.13,1.72,8.63,3.24,31.31,0.75,C1,Braço,Bilateral alternada,,SX LIGHTING,,0.7,,34.52,15.31,137.0,CEF06.120260611 - Simul_Recife_PV.xlsx,0
3.0,10.4,16.2,2.74,3.13,1.72,8.63,3.24,31.31,0.75,C1,Braço,Bilateral alternada,,TECNOWATT,,0.51,,49.67,6.49,183.0,CEF06.120260611 - Simul_Recife_PV.xlsx,0
1.0,9.0,12.0,3.0,2.0,1.5,12.56,4.06,31.68,2.97,C1,Braço,Unilateral,,LEDSTAR,,0.58,,35.66,13.39,140.0,CEF06.120260611 - Simul_Recife_PV.xlsx,0
1.0,9.0,12.0,3.0,2.0,1.5,12.56,4.06,31.68,2.97,C1,Braço,Unilateral,,SX LIGHTING,,0.67,,34.88,17.19,137.0,CEF06.120260611 - Simul_Recife_PV.xlsx,0
1.0,9.0,12.0,3.0,2.0,1.5,12.56,4.06,31.68,2.97,C1,Braço,Unilateral,,TECNOWATT,,0.63,,34.4,15.14,150.0,CEF06.120260611 - Simul_Recife_PV.xlsx,0
1.0,8.9,9.25,3.89,3.68,1.59,9.74,2.34,40.88,0.97,C1,Chicote duplo,Canteiro central,,LEDSTAR,,0.42,,31.21,8.97,140.0,CEF06.120260611 - Simul_Recife_PV.xlsx,0
1.0,8.9,9.25,3.89,3.68,1.59,9.74,2.34,40.88,0.97,C1,Chicote duplo,Canteiro central,,SX LIGHTING,,0.47,,34.06,8.62,137.0,CEF06.120260611 - Simul_Recife_PV.xlsx,0
1.0,8.9,9.25,3.89,3.68,1.59,9.74,2.34,40.88,0.97,C1,Chicote duplo,Canteiro central,,TECNOWATT,,0.55,,32.03,11.05,150.0,CEF06.120260611 - Simul_Recife_PV.xlsx,0
1.0,7.82,,5.38,1.64,0.0,8.55,2.77,24.45,3.56,C3,Braço,Unilateral,,LEDSTAR,,0.58,,18.27,10.43,65.0,CEF06.120260611 - Simul_Recife_PV.xlsx,0
1.0,7.82,,5.38,1.64,0.0,8.55,2.77,24.45,3.56,C3,Braço,Unilateral,,SX LIGHTING,,0.77,,16.31,9.19,50.0,CEF06.120260611 - Simul_Recife_PV.xlsx,0
1.0,7.82,,5.38,1.64,0.0,8.55,2.77,24.45,3.56,C3,Braço,Unilateral,,TECNOWATT,,0.62,,17.4,10.25,60.0,CEF06.120260611 - Simul_Recife_PV.xlsx,0
1.0,12.39,,5.04,2.1,0.0,6.2,2.86,13.58,0.77,C0,Braço,Unilateral,,LEDSTAR,,0.55,,57.91,10.96,100.0,CEF06.120260611 - Simul_Recife_PV.xlsx,0
1.0,12.39,,5.04,2.1,0.0,6.2,2.86,13.58,0.77,C0,Braço,Unilateral,,SX LIGHTING,,0.59,,50.96,4.59,79.0,CEF06.120260611 - Simul_Recife_PV.xlsx,0
1.0,12.39,,5.04,2.1,0.0,6.2,2.86,13.58,0.77,C0,Braço,Unilateral,,TECNOWATT,,0.48,,51.65,9.66,68.0,CEF06.120260611 - Simul_Recife_PV.xlsx,0
1.0,10.95,10.67,3.21,5.72,1.9,9.83,1.61,32.68,1.3,C1,Chicote duplo,Canteiro central,Longo II,LEDSTAR,,0.42,,31.92,5.96,120.0,CEF06.120260611 - Simul_Recife_PV.xlsx,0
1.0,10.95,10.67,3.21,5.72,1.9,9.83,1.61,32.68,1.3,C1,Chicote duplo,Canteiro central,Longo II,SX LIGHTING,,0.44,,34.12,7.36,120.0,CEF06.120260611 - Simul_Recife_PV.xlsx,0
1.0,10.95,10.67,3.21,5.72,1.9,9.83,1.61,32.68,1.3,C1,Chicote duplo,Canteiro central,Longo II,TECNOWATT,,0.5,,31.21,7.0,120.0,CEF06.120260611 - Simul_Recife_PV.xlsx,0
1.0,10.62,10.57,3.77,3.4,1.93,9.83,1.61,29.22,0.97,C1,Chicote duplo,Canteiro central,,LEDSTAR,,0.42,,30.5,5.86,100.0,CEF06.120260611 - Simul_Recife_PV.xlsx,0
1.0,10.62,10.57,3.77,3.4,1.93,9.83,1.61,29.22,0.97,C1,Chicote duplo,Canteiro central,,SX LIGHTING,,0.48,,34.32,5.1,100.0,CEF06.120260611 - Simul_Recife_PV.xlsx,0
1.0,10.62,10.57,3.77,3.4,1.93,9.83,1.61,29.22,0.97,C1,Chicote duplo,Canteiro central,,TECNOWATT,,0.49,,35.04,7.68,120.0,CEF06.120260611 - Simul_Recife_PV.xlsx,0
3.0,11.0,9.0,4.43,4.03,2.0,20.3,0.0,59.93,3.1,C1,Chicote duplo,Canteiro central,,LEDSTAR,,0.83,,31.4,21.25,170.0,CEF06.120260611 - Simul_Recife_PV.xlsx,1
3.0,11.0,9.0,4.43,4.03,2.0,20.3,0.0,59.93,3.1,C1,Chicote duplo,Canteiro central,,SX LIGHTING,,0.81,,34.13,21.52,176.0,CEF06.120260611 - Simul_Recife_PV.xlsx,1
3.0,11.0,9.0,4.43,4.03,2.0,20.3,0.0,59.93,3.1,C1,Chicote duplo,Canteiro central,Longo II,TECNOWATT,,0.52,,34.53,5.51,120.0,CEF06.120260611 - Simul_Recife_PV.xlsx,1
1.0,15.0,,3.0,3.0,0.0,4.67,0.0,,2.89,C5,Suporte,Bilateral frontal,Curto I,LEDSTAR,,0.4,,9.98,6.08,17.0,CEF06.120260611 - Simul_Recife_PV.xlsx,0
1.0,15.0,,3.0,3.0,0.0,4.67,0.0,,2.89,C5,Suporte,Bilateral frontal,Curto I,SX LIGHTING,,0.24,,12.74,8.55,22.5,CEF06.120260611 - Simul_Recife_PV.xlsx,0
1.0,15.0,,3.0,3.0,0.0,4.67,0.0,,2.89,C5,Suporte,Bilateral frontal,Curto I,TECNOWATT,,0.23,,19.0,14.7,30.0,CEF06.120260611 - Simul_Recife_PV.xlsx,0
1.0,6.75,,1.77,1.0,0.0,6.76,2.51,25.24,0.66,C3,Braço,Unilateral,,LEDSTAR,,0.53,,15.63,4.02,44.0,CEF06.120260611 - Simul_Recife_PV.xlsx,0
1.0,6.75,,1.77,1.0,0.0,6.76,2.51,25.24,0.66,C3,Braço,Unilateral,,SX LIGHTING,,0.67,,21.71,3.77,50.0,CEF06.120260611 - Simul_Recife_PV.xlsx,0
1.0,6.75,,1.77,1.0,0.0,6.76,2.51,25.24,0.66,C3,Braço,Unilateral,,TECNOWATT,,0.71,,17.01,3.9,40.0,CEF06.120260611 - Simul_Recife_PV.xlsx,0
1.0,3.0,,1.52,0.9,0.0,6.5,1.19,21.34,0.58,C4,Braço,Unilateral,,LEDSTAR,,0.6,,13.27,6.87,28.0,CEF06.120260611 - Simul_Recife_PV.xlsx,0
1.0,3.0,,1.52,0.9,0.0,6.5,1.19,21.34,0.58,C4,Braço,Unilateral,,SX LIGHTING,,0.74,,11.03,6.6,22.5,CEF06.120260611 - Simul_Recife_PV.xlsx,0
1.0,3.0,,1.52,0.9,0.0,6.5,1.19,21.34,0.58,C4,Braço,Unilateral,,TECNOWATT,,0.74,,16.81,9.87,30.0,CEF06.120260611 - Simul_Recife_PV.xlsx,0
1.0,12.43,,2.05,2.52,0.0,9.34,3.13,30.15,0.77,C1,,Bilateral frontal,,LEDSTAR,,0.61,,36.11,14.92,85.0,CEF06.120260611 - Simul_Recife_PV.xlsx,0
1.0,12.43,,2.05,2.52,0.0,9.34,3.13,30.15,0.77,C1,,Bilateral frontal,,SX LIGHTING,,0.9,,31.55,22.56,60.0,CEF06.120260611 - Simul_Recife_PV.xlsx,0
1.0,12.43,,2.05,2.52,0.0,9.34,3.13,30.15,0.77,C1,,Bilateral frontal,,TECNOWATT,,0.88,,36.59,25.41,68.0,CEF06.120260611 - Simul_Recife_PV.xlsx,0
1.0,8.0,,2.0,2.0,0.0,5.68,1.83,27.3,1.07,C5,Braço,Bilateral alternada,,LEDSTAR,,0.77,,14.48,4.55,17.0,CEF06.120260611 - Simul_Recife_PV.xlsx,0
1.0,8.0,,2.0,2.0,0.0,5.68,1.83,27.3,1.07,C5,Braço,Bilateral alternada,,SX LIGHTING,,0.65,,18.51,6.11,22.5,CEF06.120260611 - Simul_Recife_PV.xlsx,0
1.0,8.0,,2.0,2.0,0.0,5.68,1.83,27.3,1.07,C5,Braço,Bilateral alternada,,TECNOWATT,,0.67,,27.94,11.12,30.0,CEF06.120260611 - Simul_Recife_PV.xlsx,0
1.0,11.0,,2.5,2.5,0.0,7.51,2.66,40.1,1.68,C4,Braço,Bilateral frontal,,LEDSTAR,,0.35,,12.46,2.21,35.0,CEF06.120260611 - Simul_Recife_PV.xlsx,0
1.0,11.0,,2.5,2.5,0.0,7.51,2.66,40.1,1.68,C4,Braço,Bilateral frontal,,SX LIGHTING,,0.35,,11.58,1.18,31.0,CEF06.120260611 - Simul_Recife_PV.xlsx,0
1.0,11.0,,2.5,2.5,0.0,7.51,2.66,40.1,1.68,C4,Braço,Bilateral frontal,,TECNOWATT,,0.43,,11.37,2.41,30.0,CEF06.120260611 - Simul_Recife_PV.xlsx,0
1.0,10.0,,3.0,3.0,0.0,4.23,0.0,,2.74,C5,Suporte,Bilateral frontal,,LEDSTAR,,0.42,,7.79,4.31,28.0,CEF06.120260611 - Simul_Recife_PV.xlsx,0
1.0,10.0,,3.0,3.0,0.0,4.23,0.0,,2.74,C5,Suporte,Bilateral frontal,,SX LIGHTING,,0.2,,8.24,0.79,31.0,CEF06.120260611 - Simul_Recife_PV.xlsx,0
1.0,10.0,,3.0,3.0,0.0,4.23,0.0,,2.74,C5,Suporte,Bilateral frontal,,TECNOWATT,,0.25,,7.69,4.08,30.0,CEF06.120260611 - Simul_Recife_PV.xlsx,0
1.0,6.0,,1.68,1.68,0.0,5.93,0.0,15.67,0.71,C3,Suporte,Unilateral,,LEDSTAR,,0.57,,15.7,13.32,17.0,CEF06.120260611 - Simul_Recife_PV.xlsx,0
1.0,6.0,,1.68,1.68,0.0,5.93,0.0,15.67,0.71,C3,Suporte,Unilateral,,SX LIGHTING,,0.57,,20.64,19.68,22.5,CEF06.120260611 - Simul_Recife_PV.xlsx,0
1.0,6.0,,1.68,1.68,0.0,5.93,0.0,15.67,0.71,C3,Suporte,Unilateral,,TECNOWATT,,0.57,,30.2,28.41,30.0,CEF06.120260611 - Simul_Recife_PV.xlsx,0
1.0,9.0,,2.5,2.5,0.0,6.35,2.03,43.1,0.44,C5,Braço,Unilateral,,LEDSTAR,,0.2,,8.8,1.02,44.0,CEF06.120260611 - Simul_Recife_PV.xlsx,0
1.0,9.0,,2.5,2.5,0.0,6.35,2.03,43.1,0.44,C5,Braço,Unilateral,Médio II,SX LIGHTING,,0.28,,7.55,0.87,39.0,CEF06.120260611 - Simul_Recife_PV.xlsx,0
1.0,9.0,,2.5,2.5,0.0,6.35,2.03,43.1,0.44,C5,Braço,Unilateral,Médio II,TECNOWATT,,0.17,,8.38,0.86,40.0,CEF06.120260611 - Simul_Recife_PV.xlsx,0
1.0,7.0,,3.5,3.0,0.0,6.03,2.34,38.07,1.12,C5,Braço,Unilateral,,LEDSTAR,,0.23,,11.13,1.38,44.0,CEF06.120260611 - Simul_Recife_PV.xlsx,0
1.0,7.0,,3.5,3.0,0.0,6.03,2.34,38.07,1.12,C5,Braço,Unilateral,Médio I,SX LIGHTING,,0.4,,9.21,1.45,39.0,CEF06.120260611 - Simul_Recife_PV.xlsx,0
1.0,7.0,,3.5,3.0,0.0,6.03,2.34,38.07,1.12,C5,Braço,Unilateral,Médio I,TECNOWATT,,0.36,,7.74,1.58,30.0,CEF06.120260611 - Simul_Recife_PV.xlsx,0
1.0,7.5,,2.5,2.5,0.0,6.9,2.05,36.03,0.5,C4,Braço,Unilateral,,LEDSTAR,,0.34,,10.5,2.46,44.0,CEF06.120260611 - Simul_Recife_PV.xlsx,0
1.0,7.5,,2.5,2.5,0.0,6.9,2.05,36.03,0.5,C4,Braço,Unilateral,,SX LIGHTING,,0.4,,10.02,1.82,39.0,CEF06.120260611 - Simul_Recife_PV.xlsx,0
1.0,7.5,,2.5,2.5,0.0,6.9,2.05,36.03,0.5,C4,Braço,Unilateral,,TECNOWATT,,0.3,,11.27,1.98,40.0,CEF06.120260611 - Simul_Recife_PV.xlsx,0
1.0,7.5,,2.5,2.5,0.0,7.88,2.13,28.59,0.6,C4,Braço,Unilateral,,LEDSTAR,,0.52,,10.52,7.6,28.0,CEF06.120260611 - Simul_Recife_PV.xlsx,0
1.0,7.5,,2.5,2.5,0.0,7.88,2.13,28.59,0.6,C4,Braço,Unilateral,,SX LIGHTING,,0.71,,12.31,11.94,31.0,CEF06.120260611 - Simul_Recife_PV.xlsx,0
1.0,7.5,,2.5,2.5,0.0,7.88,2.13,28.59,0.6,C4,Braço,Unilateral,,TECNOWATT,,0.69,,12.79,11.77,30.0,CEF06.120260611 - Simul_Recife_PV.xlsx,0
1.0,6.0,6.0,3.0,3.0,2.3,4.18,1.19,29.9,0.17,C2,Braço,Bilateral frontal,Médio I,LEDSTAR,,0.42,,20.57,5.23,52.0,CEF06.120260611 - Simul_Recife_PV.xlsx,0
1.0,6.0,6.0,3.0,3.0,2.3,4.18,1.19,29.9,0.17,C2,Braço,Bilateral frontal,Médio I,SX LIGHTING,,0.56,,23.12,6.98,50.0,CEF06.120260611 - Simul_Recife_PV.xlsx,0
1.0,6.0,6.0,3.0,3.0,2.3,4.18,1.19,29.9,0.17,C2,Braço,Bilateral frontal,Médio I,TECNOWATT,,0.45,,21.58,3.54,50.0,CEF06.120260611 - Simul_Recife_PV.xlsx,0
1.0,5.0,,2.0,2.0,0.0,5.68,2.38,21.05,0.88,C5,Braço,Unilateral,,LEDSTAR,,0.54,,8.9,3.33,17.0,CEF06.120260611 - Simul_Recife_PV.xlsx,0
1.0,5.0,,2.0,2.0,0.0,5.68,2.38,21.05,0.88,C5,Braço,Unilateral,,SX LIGHTING,,0.67,,12.37,4.37,22.5,CEF06.120260611 - Simul_Recife_PV.xlsx,0
1.0,5.0,,2.0,2.0,0.0,5.68,2.38,21.05,0.88,C5,Braço,Unilateral,,TECNOWATT,,0.68,,18.42,7.21,30.0,CEF06.120260611 - Simul_Recife_PV.xlsx,0
1.0,7.0,,2.5,1.5,0.0,6.0,2.7,38.0,0.2,C5,Braço,Unilateral,Curto II,LEDSTAR,,0.24,,8.84,1.12,35.0,CEF06.120260611 - Simul_Recife_PV.xlsx,0
1.0,7.0,,2.5,1.5,0.0,6.0,2.7,38.0,0.2,C5,Braço,Unilateral,Curto II,SX LIGHTING,,0.28,,10.02,1.11,39.0,CEF06.120260611 - Simul_Recife_PV.xlsx,0
1.0,7.0,,2.5,1.5,0.0,6.0,2.7,38.0,0.2,C5,Braço,Unilateral,Curto II,TECNOWATT,,0.24,,8.4,1.24,30.0,CEF06.120260611 - Simul_Recife_PV.xlsx,0
1.0,9.0,,2.5,2.5,0.0,7.9,3.0,16.86,0.3,C3,Braço,Bilateral frontal,,LEDSTAR,,0.79,,15.3,7.98,17.0,CEF06.120260611 - Simul_Recife_PV.xlsx,0
1.0,9.0,,2.5,2.5,0.0,7.9,3.0,16.86,0.3,C3,Braço,Bilateral frontal,,SX LIGHTING,,0.81,,21.19,9.77,22.5,CEF06.120260611 - Simul_Recife_PV.xlsx,0
1.0,9.0,,2.5,2.5,0.0,7.9,3.0,16.86,0.3,C3,Braço,Bilateral frontal,,TECNOWATT,,0.75,,31.11,13.43,30.0,CEF06.120260611 - Simul_Recife_PV.xlsx,0
1.0,5.5,,2.5,2.5,0.0,6.34,1.84,27.34,0.45,C3,Braço,Unilateral,,LEDSTAR,,0.47,,15.94,5.84,52.0,CEF06.120260611 - Simul_Recife_PV.xlsx,0
1.0,5.5,,2.5,2.5,0.0,6.34,1.84,27.34,0.45,C3,Braço,Unilateral,,SX LIGHTING,,0.65,,18.95,5.88,50.0,CEF06.120260611 - Simul_Recife_PV.xlsx,0
1.0,5.5,,2.5,2.5,0.0,6.34,1.84,27.34,0.45,C3,Braço,Unilateral,,TECNOWATT,,0.59,,16.81,4.46,50.0,CEF06.120260611 - Simul_Recife_PV.xlsx,0
1.0,6.5,,1.5,1.5,0.0,6.75,1.4,34.0,0.1,C4,Braço,Unilateral,,LEDSTAR,,0.36,,11.62,3.31,44.0,CEF06.120260611 - Simul_Recife_PV.xlsx,0
1.0,6.5,,1.5,1.5,0.0,6.75,1.4,34.0,0.1,C4,Braço,Unilateral,,SX LIGHTING,,0.45,,11.09,3.2,39.0,CEF06.120260611 - Simul_Recife_PV.xlsx,0
1.0,6.5,,1.5,1.5,0.0,6.75,1.4,34.0,0.1,C4,Braço,Unilateral,,TECNOWATT,,0.37,,12.64,3.32,40.0,CEF06.120260611 - Simul_Recife_PV.xlsx,0
1.0,7.0,,2.0,2.0,0.0,6.79,2.5,43.0,2.04,C4,Braço,Unilateral,,LEDSTAR,,0.23,,10.21,1.74,52.0,CEF06.120260611 - Simul_Recife_PV.xlsx,0
1.0,7.0,,2.0,2.0,0.0,6.79,2.5,43.0,2.04,C4,Braço,Unilateral,,SX LIGHTING,,0.21,,12.07,2.19,50.0,CEF06.120260611 - Simul_Recife_PV.xlsx,0
1.0,7.0,,2.0,2.0,0.0,6.79,2.5,43.0,2.04,C4,Braço,Unilateral,Médio II,TECNOWATT,,0.18,,10.1,0.95,50.0,CEF06.120260611 - Simul_Recife_PV.xlsx,0
2.0,5.5,,1.58,1.7,0.0,7.15,1.2,13.0,1.1,C4,Braço,Unilateral,,LEDSTAR,,0.81,,11.28,9.45,17.0,CEF06.120260611 - Simul_Recife_PV.xlsx,0
2.0,5.5,,1.58,1.7,0.0,7.15,1.2,13.0,1.1,C4,Braço,Unilateral,,SX LIGHTING,,0.84,,15.65,13.3,22.5,CEF06.120260611 - Simul_Recife_PV.xlsx,0
2.0,5.5,,1.58,1.7,0.0,7.15,1.2,13.0,1.1,C4,Braço,Unilateral,,TECNOWATT,,0.75,,23.18,18.68,30.0,CEF06.120260611 - Simul_Recife_PV.xlsx,0
2.0,7.3,,2.5,2.5,0.0,6.77,1.8,35.7,1.2,C5,Braço,Unilateral,,LEDSTAR,,0.32,,8.73,2.09,35.0,CEF06.120260611 - Simul_Recife_PV.xlsx,0
2.0,7.3,,2.5,2.5,0.0,6.77,1.8,35.7,1.2,C5,Braço,Unilateral,,SX LIGHTING,,0.35,,8.37,1.13,31.0,CEF06.120260611 - Simul_Recife_PV.xlsx,0
2.0,7.3,,2.5,2.5,0.0,6.77,1.8,35.7,1.2,C5,Braço,Unilateral,,TECNOWATT,,0.4,,8.19,2.4,30.0,CEF06.120260611 - Simul_Recife_PV.xlsx,0
2.0,4.86,,1.5,1.5,0.0,5.5,2.0,30.0,0.57,C4,Braço,Unilateral,,LEDSTAR,,0.28,,10.66,3.11,28.0,CEF06.120260611 - Simul_Recife_PV.xlsx,0
2.0,4.86,,1.5,1.5,0.0,5.5,2.0,30.0,0.57,C4,Braço,Unilateral,,SX LIGHTING,,0.19,,13.18,3.8,31.0,CEF06.120260611 - Simul_Recife_PV.xlsx,0
2.0,4.86,,1.5,1.5,0.0,5.5,2.0,30.0,0.57,C4,Braço,Unilateral,,TECNOWATT,,0.31,,13.23,4.33,30.0,CEF06.120260611 - Simul_Recife_PV.xlsx,0
1.0,6.5,,2.0,1.5,0.0,5.61,1.96,24.18,0.49,C4,Braço,Unilateral,,LEDSTAR,,0.47,,12.41,3.97,28.0,CEF06.120260611 - Simul_Recife_PV.xlsx,0
1.0,6.5,,2.0,1.5,0.0,5.61,1.96,24.18,0.49,C4,Braço,Unilateral,,SX LIGHTING,,0.62,,10.42,2.83,22.5,CEF06.120260611 - Simul_Recife_PV.xlsx,0
1.0,6.5,,2.0,1.5,0.0,5.61,1.96,24.18,0.49,C4,Braço,Unilateral,,TECNOWATT,,0.63,,15.19,5.39,30.0,CEF06.120260611 - Simul_Recife_PV.xlsx,0
1.0,4.6,,1.5,0.8,0.0,5.66,1.845,23.52,0.0,C4,Braço,Unilateral,,LEDSTAR,,0.44,,13.21,4.31,28.0,CEF06.120260611 - Simul_Recife_PV.xlsx,0
1.0,4.6,,1.5,0.8,0.0,5.66,1.845,23.52,0.0,C4,Braço,Unilateral,,SX LIGHTING,,0.57,,10.96,3.29,22.5,CEF06.120260611 - Simul_Recife_PV.xlsx,0
1.0,4.6,,1.5,0.8,0.0,5.66,1.845,23.52,0.0,C4,Braço,Unilateral,,TECNOWATT,,0.56,,16.45,5.92,30.0,CEF06.120260611 - Simul_Recife_PV.xlsx,0
1.0,5.5,,1.0,0.8,0.0,4.56,1.01,26.93,0.0,C4,Braço,Unilateral,,LEDSTAR,,0.28,,13.45,2.75,28.0,CEF06.120260611 - Simul_Recife_PV.xlsx,0
1.0,5.5,,1.0,0.8,0.0,4.56,1.01,26.93,0.0,C4,Braço,Unilateral,,SX LIGHTING,,0.25,,11.23,1.02,22.5,CEF06.120260611 - Simul_Recife_PV.xlsx,0
1.0,5.5,,1.0,0.8,0.0,4.56,1.01,26.93,0.0,C4,Braço,Unilateral,,TECNOWATT,,0.27,,16.31,2.97,30.0,CEF06.120260611 - Simul_Recife_PV.xlsx,0
1.0,8.5,,2.5,2.5,0.0,6.75,3.5,41.78,0.4,C5,Braço,Unilateral,Médio I,LEDSTAR,,0.28,,8.61,1.63,44.0,CEF06.120260611 - Simul_Recife_PV.xlsx,0
1.0,8.5,,2.5,2.5,0.0,6.75,3.5,41.78,0.4,C5,Braço,Unilateral,Médio I,SX LIGHTING,,0.27,,8.18,0.93,39.0,CEF06.120260611 - Simul_Recife_PV.xlsx,0
1.0,8.5,,2.5,2.5,0.0,6.75,3.5,41.78,0.4,C5,Braço,Unilateral,Médio II,TECNOWATT,,0.22,,8.88,1.17,40.0,CEF06.120260611 - Simul_Recife_PV.xlsx,0
1.0,7.0,,2.0,2.0,0.0,6.76,1.7,37.0,0.5,C4,Braço,Unilateral,,LEDSTAR,,0.31,,10.47,2.43,44.0,CEF06.120260611 - Simul_Recife_PV.xlsx,0
1.0,7.0,,2.0,2.0,0.0,6.76,1.7,37.0,0.5,C4,Braço,Unilateral,,SX LIGHTING,,0.35,,9.99,1.8,39.0,CEF06.120260611 - Simul_Recife_PV.xlsx,0
1.0,7.0,,2.0,2.0,0.0,6.76,1.7,37.0,0.5,C4,Braço,Unilateral,,TECNOWATT,,0.23,,11.26,1.79,40.0,CEF06.120260611 - Simul_Recife_PV.xlsx,0
1.0,7.0,,2.0,1.5,0.0,6.32,2.0,21.7,1.9,C3,Braço,Unilateral,,LEDSTAR,,0.56,,17.63,10.11,44.0,CEF06.120260611 - Simul_Recife_PV.xlsx,0
1.0,7.0,,2.0,1.5,0.0,6.32,2.0,21.7,1.9,C3,Braço,Unilateral,,SX LIGHTING,,0.69,,16.6,11.51,39.0,CEF06.120260611 - Simul_Recife_PV.xlsx,0
1.0,7.0,,2.0,1.5,0.0,6.32,2.0,21.7,1.9,C3,Braço,Unilateral,,TECNOWATT,,0.56,,18.11,13.26,40.0,CEF06.120260611 - Simul_Recife_PV.xlsx,0
1.0,7.0,,2.0,2.0,0.0,6.65,2.0,32.0,1.95,C4,Braço,Unilateral,,LEDSTAR,,0.4,,11.53,4.14,44.0,CEF06.120260611 - Simul_Recife_PV.xlsx,0
1.0,7.0,,2.0,2.0,0.0,6.65,2.0,32.0,1.95,C4,Braço,Unilateral,,SX LIGHTING,,0.59,,10.89,4.52,39.0,CEF06.120260611 - Simul_Recife_PV.xlsx,0
1.0,7.0,,2.0,2.0,0.0,6.65,2.0,32.0,1.95,C4,Braço,Unilateral,,TECNOWATT,,0.41,,11.95,4.74,40.0,CEF06.120260611 - Simul_Recife_PV.xlsx,0
2.0,6.5,,1.74,1.74,0.0,7.0,1.7,20.0,0.0,C4,Braço,Unilateral,,LEDSTAR,,0.6,,10.9,9.44,17.0,CEF06.120260611 - Simul_Recife_PV.xlsx,0
2.0,6.5,,1.74,1.74,0.0,7.0,1.7,20.0,0.0,C4,Braço,Unilateral,,SX LIGHTING,,0.7,,14.45,15.21,22.5,CEF06.120260611 - Simul_Recife_PV.xlsx,0
2.0,6.5,,1.74,1.74,0.0,7.0,1.7,20.0,0.0,C4,Braço,Unilateral,,TECNOWATT,,0.7,,21.84,21.49,30.0,CEF06.120260611 - Simul_Recife_PV.xlsx,0
2.0,4.0,,2.0,2.0,0.0,7.0,1.65,16.95,0.4,C4,Braço,Unilateral,,LEDSTAR,,0.74,,15.27,11.28,28.0,CEF06.120260611 - Simul_Recife_PV.xlsx,0
2.0,4.0,,2.0,2.0,0.0,7.0,1.65,16.95,0.4,C4,Braço,Unilateral,,SX LIGHTING,,0.81,,12.72,10.38,22.5,CEF06.120260611 - Simul_Recife_PV.xlsx,0
2.0,4.0,,2.0,2.0,0.0,7.0,1.65,16.95,0.4,C4,Braço,Unilateral,,TECNOWATT,,0.76,,19.22,14.53,30.0,CEF06.120260611 - Simul_Recife_PV.xlsx,0
2.0,5.24,,2.0,2.0,0.0,5.78,2.0,21.27,0.56,C4,Braço,Unilateral,,LEDSTAR,,0.54,,11.31,7.97,17.0,CEF06.120260611 - Simul_Recife_PV.xlsx,0
2.0,5.24,,2.0,2.0,0.0,5.78,2.0,21.27,0.56,C4,Braço,Unilateral,,SX LIGHTING,,0.68,,14.91,13.2,22.5,CEF06.120260611 - Simul_Recife_PV.xlsx,0
2.0,5.24,,2.0,2.0,0.0,5.78,2.0,21.27,0.56,C4,Braço,Unilateral,,TECNOWATT,,0.68,,22.84,19.62,30.0,CEF06.120260611 - Simul_Recife_PV.xlsx,0
1.0,7.0,,2.0,,0.0,7.56,2.6,26.0,0.3,C5,Braço,Unilateral,,LEDSTAR,,0.57,,8.92,3.73,28.0,CEF06.120260611 - Simul_Recife_PV.xlsx,0
1.0,7.0,,2.0,,0.0,7.56,2.6,26.0,0.3,C5,Braço,Unilateral,,SX LIGHTING,,0.74,,11.06,4.43,31.0,CEF06.120260611 - Simul_Recife_PV.xlsx,0
1.0,7.0,,2.0,,0.0,7.56,2.6,26.0,0.3,C5,Braço,Unilateral,,TECNOWATT,,0.7,,11.9,4.84,30.0,CEF06.120260611 - Simul_Recife_PV.xlsx,0
1.0,7.5,,1.5,2.0,0.0,7.43,2.0,35.0,0.25,C5,Braço,Unilateral,,LEDSTAR,,0.41,,8.55,2.59,35.0,CEF06.120260611 - Simul_Recife_PV.xlsx,0
1.0,7.5,,1.5,2.0,0.0,7.43,2.0,35.0,0.25,C5,Braço,Unilateral,,SX LIGHTING,,0.44,,8.3,1.92,31.0,CEF06.120260611 - Simul_Recife_PV.xlsx,0
1.0,7.5,,1.5,2.0,0.0,7.43,2.0,35.0,0.25,C5,Braço,Unilateral,,TECNOWATT,,0.52,,8.23,3.02,30.0,CEF06.120260611 - Simul_Recife_PV.xlsx,0
1.0,7.0,,1.5,1.0,0.0,7.3,1.5,26.21,0.36,C5,Braço,Unilateral,,LEDSTAR,,0.58,,9.04,4.58,28.0,CEF06.120260611 - Simul_Recife_PV.xlsx,0
1.0,7.0,,1.5,1.0,0.0,7.3,1.5,26.21,0.36,C5,Braço,Unilateral,,SX LIGHTING,,0.73,,7.58,4.59,22.5,CEF06.120260611 - Simul_Recife_PV.xlsx,0
1.0,7.0,,1.5,1.0,0.0,7.3,1.5,26.21,0.36,C5,Braço,Unilateral,,TECNOWATT,,0.75,,11.18,6.96,30.0,CEF06.120260611 - Simul_Recife_PV.xlsx,0
1.0,3.17,,1.0,1.0,0.0,6.12,2.0,33.0,0.7,C4,Braço,Unilateral,,LEDSTAR,,0.27,,11.32,3.7,35.0,CEF06.120260611 - Simul_Recife_PV.xlsx,0
1.0,3.17,,1.0,1.0,0.0,6.12,2.0,33.0,0.7,C4,Braço,Unilateral,,SX LIGHTING,,0.21,,10.93,3.96,31.0,CEF06.120260611 - Simul_Recife_PV.xlsx,0
1.0,3.17,,1.0,1.0,0.0,6.12,2.0,33.0,0.7,C4,Braço,Unilateral,,TECNOWATT,,0.31,,11.16,4.01,30.0,CEF06.120260611 - Simul_Recife_PV.xlsx,0
1.0,7.0,,2.0,2.0,0.0,7.2,2.0,18.77,0.3,C3,Braço,Unilateral,,LEDSTAR,,0.79,,16.56,9.38,35.0,CEF06.120260611 - Simul_Recife_PV.xlsx,0
1.0,7.0,,2.0,2.0,0.0,7.2,2.0,18.77,0.3,C3,Braço,Unilateral,,SX LIGHTING,,0.89,,16.1,8.09,31.0,CEF06.120260611 - Simul_Recife_PV.xlsx,0
1.0,7.0,,2.0,2.0,0.0,7.2,2.0,18.77,0.3,C3,Braço,Unilateral,,TECNOWATT,,0.82,,15.99,8.43,30.0,CEF06.120260611 - Simul_Recife_PV.xlsx,0
1.0,14.0,,3.0,3.0,0.0,4.4,0.0,15.23,-0.86,C4,Suporte,Unilateral,Médio II,LEDSTAR,,0.57,,15.38,4.73,35.0,CEF06.120260611 - Simul_Recife_PV.xlsx,0
1.0,14.0,,3.0,3.0,0.0,4.4,0.0,15.23,-0.86,C4,Suporte,Unilateral,Médio II,SX LIGHTING,,0.55,,17.31,4.74,39.0,CEF06.120260611 - Simul_Recife_PV.xlsx,0
1.0,14.0,,3.0,3.0,0.0,4.4,0.0,15.23,-0.86,C4,Suporte,Unilateral,Médio II,TECNOWATT,,0.45,,22.23,6.79,50.0,CEF06.120260611 - Simul_Recife_PV.xlsx,0
1.0,14.0,,2.0,3.0,0.0,4.0,4.0,34.5,0.1,C4,Braço,Bilateral frontal,Médio II,LEDSTAR,,0.44,,10.55,2.6,28.0,CEF06.120260611 - Simul_Recife_PV.xlsx,0
1.0,14.0,,2.0,3.0,0.0,4.0,4.0,34.5,0.1,C4,Braço,Bilateral frontal,Médio II,SX LIGHTING,,0.51,,12.34,1.76,31.0,CEF06.120260611 - Simul_Recife_PV.xlsx,0
1.0,14.0,,2.0,3.0,0.0,4.0,4.0,34.5,0.1,C4,Braço,Bilateral frontal,Médio II,TECNOWATT,,0.59,,12.2,3.06,30.0,CEF06.120260611 - Simul_Recife_PV.xlsx,0
1.0,2.74,,2.74,1.0,0.0,6.0,1.0,40.0,1.24,C4,Braço,Bilateral alternada,,LEDSTAR,,0.6,,15.29,8.54,28.0,CEF06.120260611 - Simul_Recife_PV.xlsx,0
1.0,2.74,,2.74,1.0,0.0,6.0,1.0,40.0,1.24,C4,Braço,Bilateral alternada,,SX LIGHTING,,0.78,,12.72,8.93,22.5,CEF06.120260611 - Simul_Recife_PV.xlsx,0
1.0,2.74,,2.74,1.0,0.0,6.0,1.0,40.0,1.24,C4,Braço,Bilateral alternada,,TECNOWATT,,0.78,,19.34,13.23,30.0,CEF06.120260611 - Simul_Recife_PV.xlsx,0
1.0,8.5,,2.0,2.0,0.0,8.15,1.7,29.38,0.2,C4,Braço,Unilateral,,LEDSTAR,,0.58,,10.93,5.08,44.0,CEF06.120260611 - Simul_Recife_PV.xlsx,0
1.0,8.5,,2.0,2.0,0.0,8.15,1.7,29.38,0.2,C4,Braço,Unilateral,,SX LIGHTING,,0.73,,10.42,5.51,39.0,CEF06.120260611 - Simul_Recife_PV.xlsx,0
1.0,8.5,,2.0,2.0,0.0,8.15,1.7,29.38,0.2,C4,Braço,Unilateral,,TECNOWATT,,0.7,,11.74,6.36,40.0,CEF06.120260611 - Simul_Recife_PV.xlsx,0
1.0,5.5,,1.0,0.5,0.0,5.54,1.7,18.66,0.0,C4,Braço,Unilateral,,LEDSTAR,,0.59,,16.83,7.76,28.0,CEF06.120260611 - Simul_Recife_PV.xlsx,0
1.0,5.5,,1.0,0.5,0.0,5.54,1.7,18.66,0.0,C4,Braço,Unilateral,,SX LIGHTING,,0.72,,14.09,6.7,22.5,CEF06.120260611 - Simul_Recife_PV.xlsx,0
1.0,5.5,,1.0,0.5,0.0,5.54,1.7,18.66,0.0,C4,Braço,Unilateral,,TECNOWATT,,0.72,,20.85,10.36,30.0,CEF06.120260611 - Simul_Recife_PV.xlsx,0
1.0,11.5,,2.0,2.0,0.0,4.98,0.0,19.3,0.0,C4,Suporte,Unilateral,,LEDSTAR,,0.66,,12.81,5.61,35.0,CEF06.120260611 - Simul_Recife_PV.xlsx,0
1.0,11.5,,2.0,2.0,0.0,4.98,0.0,19.3,0.0,C4,Suporte,Unilateral,,SX LIGHTING,,0.68,,12.21,4.04,31.0,CEF06.120260611 - Simul_Recife_PV.xlsx,0
1.0,11.5,,2.0,2.0,0.0,4.98,0.0,19.3,0.0,C4,Suporte,Unilateral,,TECNOWATT,,0.59,,12.1,5.58,30.0,CEF06.120260611 - Simul_Recife_PV.xlsx,0
1.0,7.0,,3.5,3.5,0.0,6.12,1.88,17.97,1.88,C4,Braço,Unilateral,,LEDSTAR,,0.59,,14.01,8.06,28.0,CEF06.120260611 - Simul_Recife_PV.xlsx,0
1.0,7.0,,3.5,3.5,0.0,6.12,1.88,17.97,1.88,C4,Braço,Unilateral,,SX LIGHTING,,0.73,,11.5,5.51,22.5,CEF06.120260611 - Simul_Recife_PV.xlsx,0
1.0,7.0,,3.5,3.5,0.0,6.12,1.88,17.97,1.88,C4,Braço,Unilateral,,TECNOWATT,,0.59,,16.61,9.97,30.0,CEF06.120260611 - Simul_Recife_PV.xlsx,0
1.0,8.0,8.0,4.0,4.0,1.0,6.75,1.65,34.34,0.4,C5,Braço,Unilateral,Longo II,LEDSTAR,,0.39,,10.28,2.65,85.0,CEF06.120260611 - Simul_Recife_PV.xlsx,0
1.0,8.0,8.0,4.0,4.0,1.0,6.75,1.65,34.34,0.4,C5,Braço,Unilateral,Longo II,SX LIGHTING,,0.5,,10.54,3.34,79.0,CEF06.120260611 - Simul_Recife_PV.xlsx,0
1.0,8.0,8.0,4.0,4.0,1.0,6.75,1.65,34.34,0.4,C5,Braço,Unilateral,Longo II,TECNOWATT,,0.52,,12.96,4.94,120.0,CEF06.120260611 - Simul_Recife_PV.xlsx,0
1.0,7.0,,1.5,1.5,0.0,7.48,1.8,34.01,0.2,C4,Braço,Unilateral,,LEDSTAR,,0.42,,10.56,3.55,44.0,CEF06.120260611 - Simul_Recife_PV.xlsx,0
1.0,7.0,,1.5,1.5,0.0,7.48,1.8,34.01,0.2,C4,Braço,Unilateral,,SX LIGHTING,,0.56,,10.08,3.94,39.0,CEF06.120260611 - Simul_Recife_PV.xlsx,0
1.0,7.0,,1.5,1.5,0.0,7.48,1.8,34.01,0.2,C4,Braço,Unilateral,,TECNOWATT,,0.52,,11.53,4.22,40.0,CEF06.120260611 - Simul_Recife_PV.xlsx,0
1.0,8.5,,2.5,2.5,0.0,5.3,0.5,27.4,0.0,C4,Braço,Unilateral,Médio II,LEDSTAR,,0.56,,10.57,4.29,35.0,CEF06.120260611 - Simul_Recife_PV.xlsx,0
1.0,8.5,,2.5,2.5,0.0,5.3,0.5,27.4,0.0,C4,Braço,Unilateral,Médio II,SX LIGHTING,,0.7,,10.17,3.79,31.0,CEF06.120260611 - Simul_Recife_PV.xlsx,0
1.0,8.5,,2.5,2.5,0.0,5.3,0.5,27.4,0.0,C4,Braço,Unilateral,Médio II,TECNOWATT,,0.66,,10.08,3.65,30.0,CEF06.120260611 - Simul_Recife_PV.xlsx,0
1.0,7.0,,1.5,1.5,0.0,6.5,1.6,32.77,0.2,C5,Braço,Unilateral,,LEDSTAR,,0.35,,7.99,2.18,28.0,CEF06.120260611 - Simul_Recife_PV.xlsx,0
1.0,7.0,,1.5,1.5,0.0,6.5,1.6,32.77,0.2,C5,Braço,Unilateral,,SX LIGHTING,,0.36,,9.96,1.51,31.0,CEF06.120260611 - Simul_Recife_PV.xlsx,0
1.0,7.0,,1.5,1.5,0.0,6.5,1.6,32.77,0.2,C5,Braço,Unilateral,,TECNOWATT,,0.44,,9.82,2.99,30.0,CEF06.120260611 - Simul_Recife_PV.xlsx,0
1.0,5.5,,,1.0,0.0,6.53,2.26,12.81,4.92,C4,Braço,Unilateral,,LEDSTAR,,0.68,,15.38,,28.0,CEF06.120260611 - Simul_Recife_PV.xlsx,0
1.0,5.5,,,1.0,0.0,6.53,2.26,12.81,4.92,C4,Braço,Unilateral,,SX LIGHTING,,0.61,,12.45,,22.5,CEF06.120260611 - Simul_Recife_PV.xlsx,0
1.0,5.5,,,1.0,0.0,6.53,2.26,12.81,4.92,C4,Braço,Unilateral,,TECNOWATT,,0.59,,16.91,,30.0,CEF06.120260611 - Simul_Recife_PV.xlsx,0
1.0,4.5,,,1.5,0.0,5.65,2.12,13.0,-0.31,C5,Braço,Unilateral,,LEDSTAR,,0.72,,13.88,,17.0,CEF06.120260611 - Simul_Recife_PV.xlsx,0
1.0,4.5,,,1.5,0.0,5.65,2.12,13.0,-0.31,C5,Braço,Unilateral,,SX LIGHTING,,0.74,,19.1,,22.5,CEF06.120260611 - Simul_Recife_PV.xlsx,0
1.0,4.5,,,1.5,0.0,5.65,2.12,13.0,-0.31,C5,Braço,Unilateral,,TECNOWATT,,0.7,,28.48,,30.0,CEF06.120260611 - Simul_Recife_PV.xlsx,0
1.0,4.5,,0.5,0.5,0.0,6.55,2.2,24.85,0.38,C4,Braço,Unilateral,,LEDSTAR,,0.5,,10.93,4.77,28.0,CEF06.120260611 - Simul_Recife_PV.xlsx,0
1.0,4.5,,0.5,0.5,0.0,6.55,2.2,24.85,0.38,C4,Braço,Unilateral,,SX LIGHTING,,0.67,,13.43,6.87,31.0,CEF06.120260611 - Simul_Recife_PV.xlsx,0
1.0,4.5,,0.5,0.5,0.0,6.55,2.2,24.85,0.38,C4,Braço,Unilateral,,TECNOWATT,,0.63,,13.66,7.21,30.0,CEF06.120260611 - Simul_Recife_PV.xlsx,0
1.0,5.0,,1.2,1.2,0.0,5.25,1.0,40.5,0.34,C4,Braço,Unilateral,Curto I,LEDSTAR,,0.23,,10.42,1.94,44.0,CEF06.120260611 - Simul_Recife_PV.xlsx,0
1.0,5.0,,1.2,1.2,0.0,5.25,1.0,40.5,0.34,C4,Braço,Unilateral,Curto I,SX LIGHTING,,0.18,,14.45,1.25,50.0,CEF06.120260611 - Simul_Recife_PV.xlsx,0
1.0,5.0,,1.2,1.2,0.0,5.25,1.0,40.5,0.34,C4,Braço,Unilateral,Médio II,TECNOWATT,,0.26,,12.07,2.43,40.0,CEF06.120260611 - Simul_Recife_PV.xlsx,0
1.0,8.5,,2.5,2.5,0.0,7.95,2.42,16.7,0.27,C5,Braço,Unilateral,,LEDSTAR,,0.72,,10.51,11.09,17.0,CEF06.120260611 - Simul_Recife_PV.xlsx,0
1.0,8.5,,2.5,2.5,0.0,7.95,2.42,16.7,0.27,C5,Braço,Unilateral,,SX LIGHTING,,0.78,,20.34,23.18,31.0,CEF06.120260611 - Simul_Recife_PV.xlsx,0
1.0,8.5,,2.5,2.5,0.0,7.95,2.42,16.7,0.27,C5,Braço,Unilateral,,TECNOWATT,,0.72,,21.03,21.8,30.0,CEF06.120260611 - Simul_Recife_PV.xlsx,0
1.0,6.5,,2.0,2.0,0.0,7.07,1.8,33.0,0.24,C5,Braço,Unilateral,,LEDSTAR,,0.38,,7.54,2.19,28.0,CEF06.120260611 - Simul_Recife_PV.xlsx,0
1.0,6.5,,2.0,2.0,0.0,7.07,1.8,33.0,0.24,C5,Braço,Unilateral,,SX LIGHTING,,0.44,,9.41,1.79,31.0,CEF06.120260611 - Simul_Recife_PV.xlsx,0
1.0,6.5,,2.0,2.0,0.0,7.07,1.8,33.0,0.24,C5,Braço,Unilateral,,TECNOWATT,,0.51,,9.37,3.15,30.0,CEF06.120260611 - Simul_Recife_PV.xlsx,0
1.0,6.5,,2.5,2.5,0.0,6.5,2.0,23.5,0.67,C3,Braço,Unilateral,,LEDSTAR,,0.57,,17.36,6.97,44.0,CEF06.120260611 - Simul_Recife_PV.xlsx,0
1.0,6.5,,2.5,2.5,0.0,6.5,2.0,23.5,0.67,C3,Braço,Unilateral,,SX LIGHTING,,0.71,,16.56,6.85,39.0,CEF06.120260611 - Simul_Recife_PV.xlsx,0
1.0,6.5,,2.5,2.5,0.0,6.5,2.0,23.5,0.67,C3,Braço,Unilateral,,TECNOWATT,,0.73,,18.79,7.9,40.0,CEF06.120260611 - Simul_Recife_PV.xlsx,0
1.0,5.5,,1.5,1.5,0.0,6.42,2.5,27.5,0.1,C5,Braço,Unilateral,,LEDSTAR,,0.42,,9.82,3.05,28.0,CEF06.120260611 - Simul_Recife_PV.xlsx,0
1.0,5.5,,1.5,1.5,0.0,6.42,2.5,27.5,0.1,C5,Braço,Unilateral,,SX LIGHTING,,0.51,,8.15,2.18,22.5,CEF06.120260611 - Simul_Recife_PV.xlsx,0
1.0,5.5,,1.5,1.5,0.0,6.42,2.5,27.5,0.1,C5,Braço,Unilateral,,TECNOWATT,,0.53,,12.22,4.13,30.0,CEF06.120260611 - Simul_Recife_PV.xlsx,0
1.0,3.0,,1.0,1.0,0.0,5.42,1.0,20.46,0.28,C4,Braço,Unilateral,,LEDSTAR,,0.52,,16.48,7.34,28.0,CEF06.120260611 - Simul_Recife_PV.xlsx,0
1.0,3.0,,1.0,1.0,0.0,5.42,1.0,20.46,0.28,C4,Braço,Unilateral,,SX LIGHTING,,0.66,,13.73,7.5,22.5,CEF06.120260611 - Simul_Recife_PV.xlsx,0
1.0,3.0,,1.0,1.0,0.0,5.42,1.0,20.46,0.28,C4,Braço,Unilateral,,TECNOWATT,,0.67,,20.83,11.29,30.0,CEF06.120260611 - Simul_Recife_PV.xlsx,0
1.0,5.5,,2.0,2.0,0.0,7.71,1.47,29.76,2.0,C4,Braço,Unilateral,,LEDSTAR,,0.55,,11.47,5.79,44.0,CEF06.120260611 - Simul_Recife_PV.xlsx,0
1.0,5.5,,2.0,2.0,0.0,7.71,1.47,29.76,2.0,C4,Braço,Unilateral,,SX LIGHTING,,0.72,,10.9,6.99,39.0,CEF06.120260611 - Simul_Recife_PV.xlsx,0
1.0,5.5,,2.0,2.0,0.0,7.71,1.47,29.76,2.0,C4,Braço,Unilateral,,TECNOWATT,,0.67,,12.41,8.31,40.0,CEF06.120260611 - Simul_Recife_PV.xlsx,0
1.0,3.6,,,,0.0,6.3,2.52,43.57,0.84,C5,Braço,Unilateral,Médio I,LEDSTAR,,0.21,,8.97,,44.0,CEF06.120260611 - Simul_Recife_PV.xlsx,0
1.0,3.6,,,,0.0,6.3,2.52,43.57,0.84,C5,Braço,Unilateral,Médio II,SX LIGHTING,,0.22,,8.01,,39.0,CEF06.120260611 - Simul_Recife_PV.xlsx,0
1.0,3.6,,,,0.0,6.3,2.52,43.57,0.84,C5,Braço,Unilateral,Longo I,TECNOWATT,,0.21,,8.72,,40.0,CEF06.120260611 - Simul_Recife_PV.xlsx,0
1.0,5.0,,1.0,1.0,0.0,6.04,1.05,21.95,0.0,C5,Braço,Unilateral,,LEDSTAR,,0.59,,7.53,,17.0,CEF06.120260611 - Simul_Recife_PV.xlsx,0
1.0,5.0,,1.0,1.0,0.0,6.04,1.05,21.95,0.0,C5,Braço,Unilateral,,SX LIGHTING,,0.73,,10.41,,22.5,CEF06.120260611 - Simul_Recife_PV.xlsx,0
1.0,5.0,,1.0,1.0,0.0,6.04,1.05,21.95,0.0,C5,Braço,Unilateral,,TECNOWATT,,0.68,,15.14,,30.0,CEF06.120260611 - Simul_Recife_PV.xlsx,0
1.0,,,1.0,,0.0,6.02,1.33,17.28,0.0,P6,Braço,Unilateral,,LEDSTAR,,,,,6.69,17.0,CEF06.120260611 - Simul_Recife_PV.xlsx,0
1.0,,,1.0,,0.0,6.02,1.33,17.28,0.0,P6,Braço,Unilateral,,SX LIGHTING,,,,,10.71,22.5,CEF06.120260611 - Simul_Recife_PV.xlsx,0
1.0,,,1.0,,0.0,6.02,1.33,17.28,0.0,P6,Braço,Unilateral,,TECNOWATT,,,,,15.26,30.0,CEF06.120260611 - Simul_Recife_PV.xlsx,0
1.0,6.0,,1.5,1.0,0.0,8.72,3.03,42.54,0.9,C3,Braço,Unilateral,Longo II,LEDSTAR,,0.45,,15.21,5.45,85.0,CEF06.120260611 - Simul_Recife_PV.xlsx,0
1.0,6.0,,1.5,1.0,0.0,8.72,3.03,42.54,0.9,C3,Braço,Unilateral,,SX LIGHTING,,0.39,,15.87,5.35,79.0,CEF06.120260611 - Simul_Recife_PV.xlsx,0
1.0,6.0,,1.5,1.0,0.0,8.72,3.03,42.54,0.9,C3,Braço,Unilateral,,TECNOWATT,,0.3,,17.44,3.96,90.0,CEF06.120260611 - Simul_Recife_PV.xlsx,0
1.0,3.0,,1.0,1.0,0.0,7.15,1.29,11.57,1.49,C5,Braço,Unilateral,,LEDSTAR,,0.92,,13.42,11.88,17.0,CEF06.120260611 - Simul_Recife_PV.xlsx,0
1.0,3.0,,1.0,1.0,0.0,7.15,1.29,11.57,1.49,C5,Braço,Unilateral,,SX LIGHTING,,0.95,,18.51,17.02,22.5,CEF06.120260611 - Simul_Recife_PV.xlsx,0
1.0,3.0,,1.0,1.0,0.0,7.15,1.29,11.57,1.49,C5,Braço,Unilateral,,TECNOWATT,,0.92,,28.29,24.2,30.0,CEF06.120260611 - Simul_Recife_PV.xlsx,0
2.0,6.0,,3.5,2.5,0.0,6.44,3.0,27.26,3.0,C4,Braço,Unilateral,,LEDSTAR,,0.49,,12.18,4.48,35.0,CEF06.120260611 - Simul_Recife_PV.xlsx,0
2.0,6.0,,3.5,2.5,0.0,6.44,3.0,27.26,3.0,C4,Braço,Unilateral,,SX LIGHTING,,0.62,,11.69,3.76,31.0,CEF06.120260611 - Simul_Recife_PV.xlsx,0
2.0,6.0,,3.5,2.5,0.0,6.44,3.0,27.26,3.0,C4,Braço,Unilateral,,TECNOWATT,,0.59,,11.42,5.05,30.0,CEF06.120260611 - Simul_Recife_PV.xlsx,0
1.0,3.78,,,0.0,0.0,6.75,1.78,39.76,0.0,C5,Braço,Bilateral alternada,,LEDSTAR,,0.67,,7.97,,17.0,CEF06.120260611 - Simul_Recife_PV.xlsx,0
1.0,3.78,,,0.0,0.0,6.75,1.78,39.76,0.0,C5,Braço,Bilateral alternada,,SX LIGHTING,,0.74,,10.99,,22.5,CEF06.120260611 - Simul_Recife_PV.xlsx,0
1.0,3.78,,,0.0,0.0,6.75,1.78,39.76,0.0,C5,Braço,Bilateral alternada,,TECNOWATT,,0.76,,16.52,,30.0,CEF06.120260611 - Simul_Recife_PV.xlsx,0
1.0,5.0,,,,0.0,7.47,1.97,29.93,0.4,C5,Braço,Unilateral,,LEDSTAR,,0.47,,8.07,,28.0,CEF06.120260611 - Simul_Recife_PV.xlsx,0
1.0,5.0,,,,0.0,7.47,1.97,29.93,0.4,C5,Braço,Unilateral,,SX LIGHTING,,0.63,,9.98,,31.0,CEF06.120260611 - Simul_Recife_PV.xlsx,0
1.0,5.0,,,,0.0,7.47,1.97,29.93,0.4,C5,Braço,Unilateral,,TECNOWATT,,0.62,,10.13,,30.0,CEF06.120260611 - Simul_Recife_PV.xlsx,0
1.0,7.0,,2.5,2.5,0.0,6.87,2.75,48.32,1.17,C5,Braço,Unilateral,Médio I,LEDSTAR,,0.19,,7.62,0.96,44.0,CEF06.120260611 - Simul_Recife_PV.xlsx,0
1.0,7.0,,2.5,2.5,0.0,6.87,2.75,48.32,1.17,C5,Braço,Unilateral,Longo I,SX LIGHTING,,0.18,,9.74,0.63,50.0,CEF06.120260611 - Simul_Recife_PV.xlsx,0
1.0,7.0,,2.5,2.5,0.0,6.87,2.75,48.32,1.17,C5,Braço,Unilateral,Longo II,TECNOWATT,,0.18,,8.81,1.14,50.0,CEF06.120260611 - Simul_Recife_PV.xlsx,0
1.0,6.0,,1.5,1.5,0.0,7.26,2.05,17.69,0.0,C4,Braço,Unilateral,,LEDSTAR,,0.75,,13.8,7.89,28.0,CEF06.120260611 - Simul_Recife_PV.xlsx,0
1.0,6.0,,1.5,1.5,0.0,7.26,2.05,17.69,0.0,C4,Braço,Unilateral,,SX LIGHTING,,0.82,,11.5,6.41,22.5,CEF06.120260611 - Simul_Recife_PV.xlsx,0
1.0,6.0,,1.5,1.5,0.0,7.26,2.05,17.69,0.0,C4,Braço,Unilateral,,TECNOWATT,,0.77,,17.23,9.09,30.0,CEF06.120260611 - Simul_Recife_PV.xlsx,0
1.0,6.5,,1.0,1.9,0.0,6.8,2.34,32.41,0.46,C5,Braço,Unilateral,,LEDSTAR,,0.37,,10.45,4.91,28.0,CEF06.120260611 - Simul_Recife_PV.xlsx,0
1.0,6.5,,1.0,1.9,0.0,6.8,2.34,32.41,0.46,C5,Braço,Unilateral,,SX LIGHTING,,0.48,,8.34,3.72,22.5,CEF06.120260611 - Simul_Recife_PV.xlsx,0
1.0,6.5,,1.0,1.9,0.0,6.8,2.34,32.41,0.46,C5,Braço,Unilateral,,TECNOWATT,,0.51,,12.75,7.33,30.0,CEF06.120260611 - Simul_Recife_PV.xlsx,0
1.0,4.5,,1.9,2.18,0.0,4.57,1.87,31.2,2.2,C4,Braço,Unilateral,,LEDSTAR,,0.19,,11.02,1.6,28.0,CEF06.120260611 - Simul_Recife_PV.xlsx,0
1.0,4.5,,1.9,2.18,0.0,4.57,1.87,31.2,2.2,C4,Braço,Unilateral,,SX LIGHTING,,0.18,,23.55,1.11,50.0,CEF06.120260611 - Simul_Recife_PV.xlsx,0
1.0,4.5,,1.9,2.18,0.0,4.57,1.87,31.2,2.2,C4,Braço,Unilateral,Curto I,TECNOWATT,,0.45,,13.33,5.73,40.0,CEF06.120260611 - Simul_Recife_PV.xlsx,0
2.0,7.16,,3.96,3.7,0.0,6.5,2.5,31.33,1.3,C4,Braço,Unilateral,,LEDSTAR,,0.39,,10.58,2.01,35.0,CEF06.120260611 - Simul_Recife_PV.xlsx,0
2.0,7.16,,3.96,3.7,0.0,6.5,2.5,31.33,1.3,C4,Braço,Unilateral,,SX LIGHTING,,0.4,,10.19,0.81,31.0,CEF06.120260611 - Simul_Recife_PV.xlsx,0
2.0,7.16,,3.96,3.7,0.0,6.5,2.5,31.33,1.3,C4,Braço,Unilateral,,TECNOWATT,,0.5,,10.0,2.2,30.0,CEF06.120260611 - Simul_Recife_PV.xlsx,0
2.0,9.51,,3.96,2.28,0.0,5.08,3.16,25.96,1.72,C4,Braço,Unilateral,,LEDSTAR,,0.35,,15.24,0.79,44.0,CEF06.120260611 - Simul_Recife_PV.xlsx,0
2.0,9.51,,3.96,2.28,0.0,5.08,3.16,25.96,1.72,C4,Braço,Unilateral,,SX LIGHTING,,0.41,,21.27,0.85,50.0,CEF06.120260611 - Simul_Recife_PV.xlsx,0
2.0,9.51,,3.96,2.28,0.0,5.08,3.16,25.96,1.72,C4,Braço,Unilateral,,TECNOWATT,,0.35,,22.51,0.95,60.0,CEF06.120260611 - Simul_Recife_PV.xlsx,0
1.0,15.54,12.63,4.48,3.33,2.16,6.7,2.6,33.0,1.57,C4,Braço,Unilateral,Longo II,LEDSTAR,13.36,0.29,0.74,13.41,1.43,35.0,CEF06.120260611 - Simul_Recife_PV.xlsx,1
1.0,15.54,12.63,4.48,3.33,2.16,6.7,2.6,33.0,1.57,C4,Braço,Unilateral,Longo II,SX LIGHTING,12.66,0.26,0.68,12.29,2.62,31.0,CEF06.120260611 - Simul_Recife_PV.xlsx,1
1.0,15.54,12.63,4.48,3.33,2.16,6.7,2.6,33.0,1.57,C4,Braço,Unilateral,Longo II,TECNOWATT,12.88,0.23,0.74,11.87,1.03,30.0,CEF06.120260611 - Simul_Recife_PV.xlsx,1
1.0,4.88,,1.66,0.0,0.0,7.35,2.14,40.5,2.48,C5,Braço,Unilateral,,LEDSTAR,,0.31,,7.62,1.91,35.0,CEF06.120260611 - Simul_Recife_PV.xlsx,0
1.0,4.88,,1.66,0.0,0.0,7.35,2.14,40.5,2.48,C5,Braço,Unilateral,,SX LIGHTING,,0.41,,8.57,2.47,39.0,CEF06.120260611 - Simul_Recife_PV.xlsx,0
1.0,4.88,,1.66,0.0,0.0,7.35,2.14,40.5,2.48,C5,Braço,Unilateral,,TECNOWATT,,0.24,,9.91,1.97,40.0,CEF06.120260611 - Simul_Recife_PV.xlsx,0
1.0,12.63,12.72,2.84,1.88,5.4,7.9,3.08,25.23,0.8,C5,Braço,Unilateral,,LEDSTAR,10.11,0.45,0.45,10.16,7.17,44.0,CEF06.120260611 - Simul_Recife_PV.xlsx,0
1.0,12.63,12.72,2.84,1.88,5.4,7.9,3.08,25.23,0.8,C5,Braço,Unilateral,,SX LIGHTING,16.03,0.61,0.6,16.1,6.67,50.0,CEF06.120260611 - Simul_Recife_PV.xlsx,0
1.0,12.63,12.72,2.84,1.88,5.4,7.9,3.08,25.23,0.8,C5,Braço,Unilateral,,TECNOWATT,8.89,0.51,0.5,8.93,4.46,30.0,CEF06.120260611 - Simul_Recife_PV.xlsx,0
1.0,8.85,,2.5,3.24,0.0,7.1,2.2,32.5,0.78,C4,Braço,Unilateral,,LEDSTAR,,0.43,,10.81,3.46,44.0,CEF06.120260611 - Simul_Recife_PV.xlsx,0
1.0,8.85,,2.5,3.24,0.0,7.1,2.2,32.5,0.78,C4,Braço,Unilateral,,SX LIGHTING,,0.61,,10.26,3.41,39.0,CEF06.120260611 - Simul_Recife_PV.xlsx,0
1.0,8.85,,2.5,3.24,0.0,7.1,2.2,32.5,0.78,C4,Braço,Unilateral,,TECNOWATT,,0.52,,11.03,1.92,40.0,CEF06.120260611 - Simul_Recife_PV.xlsx,0
1.0,10.6,10.7,2.94,4.0,1.89,9.86,2.82,30.5,1.1,C5,Braço,Canteiro central,,LEDSTAR,17.62,0.61,0.18,9.45,,35.0,CEF06.120260611 - Simul_Recife_PV.xlsx,1
1.0,10.6,10.7,2.94,4.0,1.89,9.86,2.82,30.5,1.1,C5,Braço,Canteiro central,,SX LIGHTING,19.76,0.68,0.22,9.27,9.74,39.0,CEF06.120260611 - Simul_Recife_PV.xlsx,1
1.0,10.6,10.7,2.94,4.0,1.89,9.86,2.82,30.5,1.1,C5,Braço,Canteiro central,,TECNOWATT,16.02,0.69,0.18,8.95,9.52,30.0,CEF06.120260611 - Simul_Recife_PV.xlsx,1
1.0,6.72,,2.64,2.07,0.0,6.25,2.41,19.6,1.14,C4,Braço,Unilateral,,LEDSTAR,,0.64,,13.87,,28.0,CEF06.120260611 - Simul_Recife_PV.xlsx,0
1.0,6.72,,2.64,2.07,0.0,6.25,2.41,19.6,1.14,C4,Braço,Unilateral,,SX LIGHTING,,0.8,,11.65,4.81,22.5,CEF06.120260611 - Simul_Recife_PV.xlsx,0
1.0,6.72,,2.64,2.07,0.0,6.25,2.41,19.6,1.14,C4,Braço,Unilateral,,TECNOWATT,,0.76,,17.04,7.7,30.0,CEF06.120260611 - Simul_Recife_PV.xlsx,0
1.0,6.68,,1.74,2.16,0.0,6.72,1.73,27.8,1.5,C4,Braço,Unilateral,,LEDSTAR,,0.53,,11.44,5.3,35.0,CEF06.120260611 - Simul_Recife_PV.xlsx,0
1.0,6.68,,1.74,2.16,0.0,6.72,1.73,27.8,1.5,C4,Braço,Unilateral,,SX LIGHTING,,0.69,,10.95,5.57,31.0,CEF06.120260611 - Simul_Recife_PV.xlsx,0
1.0,6.68,,1.74,2.16,0.0,6.72,1.73,27.8,1.5,C4,Braço,Unilateral,,TECNOWATT,,0.64,,10.71,6.23,30.0,CEF06.120260611 - Simul_Recife_PV.xlsx,0
2.0,6.66,,1.94,0.0,0.0,6.3,2.12,24.77,1.36,C5,Braço,Unilateral,,LEDSTAR,,0.48,,10.65,4.63,28.0,CEF06.120260611 - Simul_Recife_PV.xlsx,0
2.0,6.66,,1.94,0.0,0.0,6.3,2.12,24.77,1.36,C5,Braço,Unilateral,,SX LIGHTING,,0.66,,8.91,4.57,22.5,CEF06.120260611 - Simul_Recife_PV.xlsx,0
2.0,6.66,,1.94,0.0,0.0,6.3,2.12,24.77,1.36,C5,Braço,Unilateral,,TECNOWATT,,0.61,,12.97,6.93,30.0,CEF06.120260611 - Simul_Recife_PV.xlsx,0
2.0,11.4,,1.9,2.5,0.0,6.7,3.0,24.7,1.3,C4,Braço,Unilateral,,LEDSTAR,,0.49,,10.58,4.05,35.0,CEF06.120260611 - Simul_Recife_PV.xlsx,0
2.0,11.4,,1.9,2.5,0.0,6.7,3.0,24.7,1.3,C4,Braço,Unilateral,,SX LIGHTING,,0.53,,12.01,4.51,39.0,CEF06.120260611 - Simul_Recife_PV.xlsx,0
2.0,11.4,,1.9,2.5,0.0,6.7,3.0,24.7,1.3,C4,Braço,Unilateral,,TECNOWATT,,0.41,,13.14,5.18,40.0,CEF06.120260611 - Simul_Recife_PV.xlsx,0
2.0,6.71,,3.04,2.65,0.0,6.22,1.88,40.1,0.58,C3,Braço,Unilateral,,LEDSTAR,,0.21,,16.0,2.19,65.0,CEF06.120260611 - Simul_Recife_PV.xlsx,0
2.0,6.71,,3.04,2.65,0.0,6.22,1.88,40.1,0.58,C3,Braço,Unilateral,,SX LIGHTING,,0.22,,20.61,2.99,70.0,CEF06.120260611 - Simul_Recife_PV.xlsx,0
2.0,6.71,,3.04,2.65,0.0,6.22,1.88,40.1,0.58,C3,Braço,Unilateral,Médio I,TECNOWATT,,0.21,,16.3,2.07,68.0,CEF06.120260611 - Simul_Recife_PV.xlsx,0
1.0,5.93,,,0.0,0.0,7.1,2.35,39.8,0.0,C5,Braço,Unilateral,,LEDSTAR,,0.24,,7.93,,35.0,CEF06.120260611 - Simul_Recife_PV.xlsx,0
1.0,5.93,,,0.0,0.0,7.1,2.35,39.8,0.0,C5,Braço,Unilateral,,SX LIGHTING,,0.26,,9.06,,39.0,CEF06.120260611 - Simul_Recife_PV.xlsx,0
1.0,5.93,,,0.0,0.0,7.1,2.35,39.8,0.0,C5,Braço,Unilateral,,TECNOWATT,,0.19,,10.49,,40.0,CEF06.120260611 - Simul_Recife_PV.xlsx,0
2.0,6.0,,3.21,3.0,0.0,5.87,1.9,39.36,1.66,C4,Braço,Unilateral,,LEDSTAR,,0.21,,10.83,1.43,44.0,CEF06.120260611 - Simul_Recife_PV.xlsx,0
2.0,6.0,,3.21,3.0,0.0,5.87,1.9,39.36,1.66,C4,Braço,Unilateral,Curto I,SX LIGHTING,,0.3,,13.37,1.36,50.0,CEF06.120260611 - Simul_Recife_PV.xlsx,0
2.0,6.0,,3.21,3.0,0.0,5.87,1.9,39.36,1.66,C4,Braço,Unilateral,Médio I,TECNOWATT,,0.2,,10.18,1.52,40.0,CEF06.120260611 - Simul_Recife_PV.xlsx,0
1.0,6.67,,2.46,2.63,0.0,7.83,2.03,36.03,1.12,C3,Braço,Unilateral,,LEDSTAR,,0.38,,16.55,7.02,72.0,CEF06.120260611 - Simul_Recife_PV.xlsx,0
1.0,6.67,,2.46,2.63,0.0,7.83,2.03,36.03,1.12,C3,Braço,Unilateral,,SX LIGHTING,,0.45,,18.85,7.35,70.0,CEF06.120260611 - Simul_Recife_PV.xlsx,0
1.0,6.67,,2.46,2.63,0.0,7.83,2.03,36.03,1.12,C3,Braço,Unilateral,,TECNOWATT,,0.54,,16.66,6.1,68.0,CEF06.120260611 - Simul_Recife_PV.xlsx,0
2.0,6.24,,1.68,2.5,0.0,6.1,2.21,33.0,1.2,C4,Braço,Unilateral,,LEDSTAR,,0.31,,12.94,3.16,44.0,CEF06.120260611 - Simul_Recife_PV.xlsx,0
2.0,6.24,,1.68,2.5,0.0,6.1,2.21,33.0,1.2,C4,Braço,Unilateral,,SX LIGHTING,,0.23,,10.46,,31.0,CEF06.120260611 - Simul_Recife_PV.xlsx,0
2.0,6.24,,1.68,2.5,0.0,6.1,2.21,33.0,1.2,C4,Braço,Unilateral,,TECNOWATT,,0.34,,10.35,2.49,30.0,CEF06.120260611 - Simul_Recife_PV.xlsx,0
1.0,10.0,,2.55,2.52,0.0,5.91,1.78,26.47,1.39,C4,Braço,Unilateral,Curto I,LEDSTAR,,0.47,,11.46,5.85,44.0,CEF06.120260611 - Simul_Recife_PV.xlsx,0
1.0,10.0,,2.55,2.52,0.0,5.91,1.78,26.47,1.39,C4,Braço,Unilateral,Curto I,SX LIGHTING,,0.59,,15.86,7.3,50.0,CEF06.120260611 - Simul_Recife_PV.xlsx,0
1.0,10.0,,2.55,2.52,0.0,5.91,1.78,26.47,1.39,C4,Braço,Unilateral,Curto I,TECNOWATT,,0.45,,17.1,9.65,60.0,CEF06.120260611 - Simul_Recife_PV.xlsx,0
2.0,6.86,,1.97,2.7,0.0,6.43,1.73,29.92,0.91,C3,Braço,Unilateral,,LEDSTAR,,0.41,,15.54,5.36,52.0,CEF06.120260611 - Simul_Recife_PV.xlsx,0
2.0,6.86,,1.97,2.7,0.0,6.43,1.73,29.92,0.91,C3,Braço,Unilateral,,SX LIGHTING,,0.53,,18.43,6.09,50.0,CEF06.120260611 - Simul_Recife_PV.xlsx,0
2.0,6.86,,1.97,2.7,0.0,6.43,1.73,29.92,0.91,C3,Braço,Unilateral,,TECNOWATT,,0.39,,16.55,7.0,50.0,CEF06.120260611 - Simul_Recife_PV.xlsx,0
1.0,4.08,,,0.0,0.0,7.39,1.56,35.11,-0.4,C5,Braço,Unilateral,,LEDSTAR,,0.37,,8.68,,35.0,CEF06.120260611 - Simul_Recife_PV.xlsx,0
1.0,4.08,,,0.0,0.0,7.39,1.56,35.11,-0.4,C5,Braço,Unilateral,,SX LIGHTING,,0.36,,8.38,,31.0,CEF06.120260611 - Simul_Recife_PV.xlsx,0
1.0,4.08,,,0.0,0.0,7.39,1.56,35.11,-0.4,C5,Braço,Unilateral,,TECNOWATT,,0.45,,8.53,,30.0,CEF06.120260611 - Simul_Recife_PV.xlsx,0
1.0,5.9,,2.32,3.29,0.0,6.0,1.87,42.28,1.02,C5,Braço,Unilateral,Curto I,LEDSTAR,,0.22,,9.43,1.54,44.0,CEF06.120260611 - Simul_Recife_PV.xlsx,0
1.0,5.9,,2.32,3.29,0.0,6.0,1.87,42.28,1.02,C5,Braço,Unilateral,Médio I,SX LIGHTING,,0.24,,8.67,1.0,39.0,CEF06.120260611 - Simul_Recife_PV.xlsx,0
1.0,5.9,,2.32,3.29,0.0,6.0,1.87,42.28,1.02,C5,Braço,Unilateral,Longo I,TECNOWATT,,0.25,,9.02,1.54,40.0,CEF06.120260611 - Simul_Recife_PV.xlsx,0
1.0,6.84,,2.29,2.63,0.0,6.5,1.92,37.59,1.59,C5,Braço,Unilateral,,LEDSTAR,,0.26,,8.64,1.5,35.0,CEF06.120260611 - Simul_Recife_PV.xlsx,0
1.0,6.84,,2.29,2.63,0.0,6.5,1.92,37.59,1.59,C5,Braço,Unilateral,,SX LIGHTING,,0.36,,9.68,1.64,39.0,CEF06.120260611 - Simul_Recife_PV.xlsx,0
1.0,6.84,,2.29,2.63,0.0,6.5,1.92,37.59,1.59,C5,Braço,Unilateral,,TECNOWATT,,0.27,,7.9,0.91,30.0,CEF06.120260611 - Simul_Recife_PV.xlsx,0
1.0,10.63,10.846,2.59,5.611,1.86,9.83,2.25,31.05,0.64,C0,Chicote duplo,Canteiro central,,LEDSTAR,,0.53,,53.75,18.78,200.0,CEF06.120260611 - Simul_Recife_PV.xlsx,0
1.0,10.63,10.846,2.59,5.611,1.86,9.83,2.25,31.05,0.64,C0,Chicote duplo,Canteiro central,,SX LIGHTING,,0.63,,54.73,22.74,90.0,CEF06.120260611 - Simul_Recife_PV.xlsx,1
1.0,10.63,10.846,2.59,5.611,1.86,9.83,2.25,31.05,0.64,C0,Chicote duplo,Canteiro central,,TECNOWATT,,0.55,,52.02,14.7,100.0,CEF06.120260611 - Simul_Recife_PV.xlsx,1
1.0,5.86,,2.23,1.1,0.0,7.44,1.86,27.43,1.7,C5,Braço,Unilateral,,LEDSTAR,,0.56,,8.53,4.16,28.0,CEF06.120260611 - Simul_Recife_PV.xlsx,0
1.0,5.86,,2.23,1.1,0.0,7.44,1.86,27.43,1.7,C5,Braço,Unilateral,,SX LIGHTING,,0.8,,10.63,6.53,31.0,CEF06.120260611 - Simul_Recife_PV.xlsx,0
1.0,5.86,,2.23,1.1,0.0,7.44,1.86,27.43,1.7,C5,Braço,Unilateral,,TECNOWATT,,0.74,,10.56,6.37,30.0,CEF06.120260611 - Simul_Recife_PV.xlsx,0
1.0,7.93,,2.44,4.47,0.0,7.43,1.85,41.96,2.89,C4,Braço,Unilateral,,LEDSTAR,,0.32,,10.79,4.04,65.0,CEF06.120260611 - Simul_Recife_PV.xlsx,0
1.0,7.93,,2.44,4.47,0.0,7.43,1.85,41.96,2.89,C4,Braço,Unilateral,,SX LIGHTING,,0.36,,13.69,4.91,70.0,CEF06.120260611 - Simul_Recife_PV.xlsx,0
1.0,7.93,,2.44,4.47,0.0,7.43,1.85,41.96,2.89,C4,Braço,Unilateral,,TECNOWATT,,0.34,,10.72,1.88,60.0,CEF06.120260611 - Simul_Recife_PV.xlsx,0
1.0,7.45,,1.4,2.49,0.0,7.04,1.34,19.58,0.69,C4,Braço,Unilateral,,LEDSTAR,,0.6,,10.16,10.36,17.0,CEF06.120260611 - Simul_Recife_PV.xlsx,0
1.0,7.45,,1.4,2.49,0.0,7.04,1.34,19.58,0.69,C4,Braço,Unilateral,,SX LIGHTING,,0.68,,13.34,17.17,22.5,CEF06.120260611 - Simul_Recife_PV.xlsx,0
1.0,7.45,,1.4,2.49,0.0,7.04,1.34,19.58,0.69,C4,Braço,Unilateral,,TECNOWATT,,0.65,,20.0,23.71,30.0,CEF06.120260611 - Simul_Recife_PV.xlsx,0
1.0,7.24,,1.61,1.45,0.0,6.74,1.72,48.8,1.0,C5,Braço,Unilateral,Médio I,LEDSTAR,,0.18,,7.54,0.99,44.0,CEF06.120260611 - Simul_Recife_PV.xlsx,0
1.0,7.24,,1.61,1.45,0.0,6.74,1.72,48.8,1.0,C5,Braço,Unilateral,Médio II,SX LIGHTING,,0.22,,13.62,1.54,70.0,CEF06.120260611 - Simul_Recife_PV.xlsx,0
1.0,7.24,,1.61,1.45,0.0,6.74,1.72,48.8,1.0,C5,Braço,Unilateral,,TECNOWATT,,0.31,,26.97,2.26,40.0,CEF06.120260611 - Simul_Recife_PV.xlsx,1
1.0,6.36,,,0.95,0.0,6.43,2.87,30.43,2.44,C4,Braço,Unilateral,,LEDSTAR,,0.43,,11.07,,35.0,CEF06.120260611 - Simul_Recife_PV.xlsx,0
1.0,6.36,,,0.95,0.0,6.43,2.87,30.43,2.44,C4,Braço,Unilateral,,SX LIGHTING,,0.54,,10.63,,31.0,CEF06.120260611 - Simul_Recife_PV.xlsx,0
1.0,6.36,,,0.95,0.0,6.43,2.87,30.43,2.44,C4,Braço,Unilateral,,TECNOWATT,,0.56,,10.43,,30.0,CEF06.120260611 - Simul_Recife_PV.xlsx,0
1.0,14.0,14.0,3.0,3.0,5.5,8.03,2.74,33.54,1.0,C1,Braço,Canteiro central,,LEDSTAR,,0.48,,32.02,9.96,85.0,CEF06.120260611 - Simul_Recife_PV.xlsx,0
1.0,14.0,14.0,3.0,3.0,5.5,8.03,2.74,33.54,1.0,C1,Braço,Canteiro central,,SX LIGHTING,,0.45,,32.18,9.25,79.0,CEF06.120260611 - Simul_Recife_PV.xlsx,0
1.0,14.0,14.0,3.0,3.0,5.5,8.03,2.74,33.54,1.0,C1,Braço,Canteiro central,,TECNOWATT,,0.48,,31.01,8.32,90.0,CEF06.120260611 - Simul_Recife_PV.xlsx,0
1.0,5.6,,3.19,3.07,0.0,6.05,1.66,29.3,2.33,C4,Braço,Unilateral,,LEDSTAR,,0.41,,11.47,3.87,35.0,CEF06.120260611 - Simul_Recife_PV.xlsx,0
1.0,5.6,,3.19,3.07,0.0,6.05,1.66,29.3,2.33,C4,Braço,Unilateral,,SX LIGHTING,,0.59,,12.81,5.12,39.0,CEF06.120260611 - Simul_Recife_PV.xlsx,0
1.0,5.6,,3.19,3.07,0.0,6.05,1.66,29.3,2.33,C4,Braço,Unilateral,,TECNOWATT,,0.53,,10.54,4.56,30.0,CEF06.120260611 - Simul_Recife_PV.xlsx,0
1.0,13.0,12.98,4.45,4.0,5.93,7.2,2.58,24.47,2.96,C4,Chicote duplo,Bilateral frontal,,LEDSTAR,13.11,0.47,0.47,13.11,14.71,52.0,CEF06.120260611 - Simul_Recife_PV.xlsx,0
1.0,13.0,12.98,4.45,4.0,5.93,7.2,2.58,24.47,2.96,C4,Chicote duplo,Bilateral frontal,,SX LIGHTING,32.32,0.21,0.21,32.28,56.34,120.0,CEF06.120260611 - Simul_Recife_PV.xlsx,0
1.0,13.0,12.98,4.45,4.0,5.93,7.2,2.58,24.47,2.96,C4,Chicote duplo,Bilateral frontal,,TECNOWATT,16.1,0.34,0.34,16.08,22.1,60.0,CEF06.120260611 - Simul_Recife_PV.xlsx,0
1.0,5.9,,1.0,1.08,0.0,7.02,2.06,28.23,1.0,C4,Braço,Unilateral,,LEDSTAR,,0.5,,13.69,5.91,44.0,CEF06.120260611 - Simul_Recife_PV.xlsx,0
1.0,5.9,,1.0,1.08,0.0,7.02,2.06,28.23,1.0,C4,Braço,Unilateral,,SX LIGHTING,,0.63,,13.07,6.99,39.0,CEF06.120260611 - Simul_Recife_PV.xlsx,0
1.0,5.9,,1.0,1.08,0.0,7.02,2.06,28.23,1.0,C4,Braço,Unilateral,,TECNOWATT,,0.67,,11.15,5.99,30.0,CEF06.120260611 - Simul_Recife_PV.xlsx,0
1.0,11.88,,2.37,0.0,5.91,7.83,2.56,19.92,0.82,C1,Braço,Unilateral,,LEDSTAR,,0.39,,30.62,6.57,170.0,CEF06.120260611 - Simul_Recife_PV.xlsx,0
1.0,11.88,,2.37,0.0,5.91,7.83,2.56,19.92,0.82,C1,Braço,Unilateral,,SX LIGHTING,,0.37,,31.41,7.74,176.0,CEF06.120260611 - Simul_Recife_PV.xlsx,0
1.0,11.88,,2.37,0.0,5.91,7.83,2.56,19.92,0.82,C1,Braço,Unilateral,,TECNOWATT,,0.39,,33.23,7.25,100.0,CEF06.120260611 - Simul_Recife_PV.xlsx,1
1.0,6.0,,0.5,0.5,0.0,5.09,1.96,18.22,0.87,C5,Braço,Unilateral,,LEDSTAR,,0.6,,10.8,5.72,17.0,CEF06.120260611 - Simul_Recife_PV.xlsx,0
1.0,6.0,,0.5,0.5,0.0,5.09,1.96,18.22,0.87,C5,Braço,Unilateral,,SX LIGHTING,,0.74,,14.99,9.19,22.5,CEF06.120260611 - Simul_Recife_PV.xlsx,0
1.0,6.0,,0.5,0.5,0.0,5.09,1.96,18.22,0.87,C5,Braço,Unilateral,,TECNOWATT,,0.7,,21.79,13.96,30.0,CEF06.120260611 - Simul_Recife_PV.xlsx,0
1.0,6.5,,1.8,1.0,0.0,7.4,2.4,19.8,0.21,C5,Braço,Unilateral,,LEDSTAR,,0.7,,12.03,6.24,28.0,CEF06.120260611 - Simul_Recife_PV.xlsx,0
1.0,6.5,,1.8,1.0,0.0,7.4,2.4,19.8,0.21,C5,Braço,Unilateral,,SX LIGHTING,,0.81,,10.04,5.0,22.5,CEF06.120260611 - Simul_Recife_PV.xlsx,0
1.0,6.5,,1.8,1.0,0.0,7.4,2.4,19.8,0.21,C5,Braço,Unilateral,,TECNOWATT,,0.76,,14.99,7.35,30.0,CEF06.120260611 - Simul_Recife_PV.xlsx,0
1.0,7.0,,1.0,1.0,0.0,6.67,1.89,43.99,0.8,C5,Braço,Unilateral,,LEDSTAR,,0.21,,8.87,1.42,44.0,CEF06.120260611 - Simul_Recife_PV.xlsx,0
1.0,7.0,,1.0,1.0,0.0,6.67,1.89,43.99,0.8,C5,Braço,Unilateral,Médio I,SX LIGHTING,,0.18,,11.83,0.99,50.0,CEF06.120260611 - Simul_Recife_PV.xlsx,0
1.0,7.0,,1.0,1.0,0.0,6.67,1.89,43.99,0.8,C5,Braço,Unilateral,Longo I,TECNOWATT,,0.23,,10.17,1.89,50.0,CEF06.120260611 - Simul_Recife_PV.xlsx,0
1.0,7.0,,2.5,2.5,0.0,6.77,2.64,36.78,0.38,C5,Braço,Unilateral,,LEDSTAR,,0.29,,8.92,3.23,28.0,CEF06.120260611 - Simul_Recife_PV.xlsx,0
1.0,7.0,,2.5,2.5,0.0,6.77,2.64,36.78,0.38,C5,Braço,Unilateral,,SX LIGHTING,,0.2,,10.42,1.67,31.0,CEF06.120260611 - Simul_Recife_PV.xlsx,0
1.0,7.0,,2.5,2.5,0.0,6.77,2.64,36.78,0.38,C5,Braço,Unilateral,,TECNOWATT,,0.35,,10.87,3.89,30.0,CEF06.120260611 - Simul_Recife_PV.xlsx,0
3.0,8.5,,3.0,4.5,0.0,20.4,1.5,59.8,0.3,C0,Suporte,Unilateral,,LEDSTAR,,0.89,,53.97,55.54,155.0,CEF06.120260611 - Simul_Recife_PV.xlsx,1
3.0,8.5,,3.0,4.5,0.0,20.4,1.5,59.8,0.3,C0,Suporte,Unilateral,,SX LIGHTING,,0.85,,50.8,51.79,137.0,CEF06.120260611 - Simul_Recife_PV.xlsx,1
3.0,8.5,,3.0,4.5,0.0,20.4,1.5,59.8,0.3,C0,Suporte,Unilateral,,TECNOWATT,,0.88,,64.74,67.27,183.0,CEF06.120260611 - Simul_Recife_PV.xlsx,1
1.0,6.0,,1.0,1.0,0.0,6.79,1.8,41.1,0.45,C5,Braço,Unilateral,,LEDSTAR,,0.2,,8.12,1.16,35.0,CEF06.120260611 - Simul_Recife_PV.xlsx,0
1.0,6.0,,1.0,1.0,0.0,6.79,1.8,41.1,0.45,C5,Braço,Unilateral,,SX LIGHTING,,0.22,,9.26,1.27,39.0,CEF06.120260611 - Simul_Recife_PV.xlsx,0
1.0,6.0,,1.0,1.0,0.0,6.79,1.8,41.1,0.45,C5,Braço,Unilateral,,TECNOWATT,,0.2,,7.88,1.2,30.0,CEF06.120260611 - Simul_Recife_PV.xlsx,0
1.0,7.0,,2.5,2.5,0.0,6.66,2.26,30.29,0.85,C4,Braço,Bilateral alternada,,LEDSTAR,,0.8,,10.23,5.14,17.0,CEF06.120260611 - Simul_Recife_PV.xlsx,0
1.0,7.0,,2.5,2.5,0.0,6.66,2.26,30.29,0.85,C4,Braço,Bilateral alternada,,SX LIGHTING,,0.76,,14.25,4.24,22.5,CEF06.120260611 - Simul_Recife_PV.xlsx,0
1.0,7.0,,2.5,2.5,0.0,6.66,2.26,30.29,0.85,C4,Braço,Bilateral alternada,,TECNOWATT,,0.75,,20.89,7.21,30.0,CEF06.120260611 - Simul_Recife_PV.xlsx,0
1.0,6.0,,0.5,1.5,0.0,7.68,1.66,36.9,0.55,C5,Braço,Unilateral,,LEDSTAR,,0.39,,8.09,2.67,35.0,CEF06.120260611 - Simul_Recife_PV.xlsx,0
1.0,6.0,,0.5,1.5,0.0,7.68,1.66,36.9,0.55,C5,Braço,Unilateral,,SX LIGHTING,,0.43,,7.85,2.3,31.0,CEF06.120260611 - Simul_Recife_PV.xlsx,0
1.0,6.0,,0.5,1.5,0.0,7.68,1.66,36.9,0.55,C5,Braço,Unilateral,,TECNOWATT,,0.48,,7.9,3.27,30.0,CEF06.120260611 - Simul_Recife_PV.xlsx,0
1.0,6.5,,2.0,2.5,0.0,7.8,2.77,31.86,0.3,C4,Braço,Unilateral,,LEDSTAR,,0.45,,10.87,3.69,44.0,CEF06.120260611 - Simul_Recife_PV.xlsx,0
1.0,6.5,,2.0,2.5,0.0,7.8,2.77,31.86,0.3,C4,Braço,Unilateral,,SX LIGHTING,,0.6,,10.33,3.84,39.0,CEF06.120260611 - Simul_Recife_PV.xlsx,0
1.0,6.5,,2.0,2.5,0.0,7.8,2.77,31.86,0.3,C4,Braço,Unilateral,,TECNOWATT,,0.58,,11.97,4.26,40.0,CEF06.120260611 - Simul_Recife_PV.xlsx,0
1.0,10.0,,1.5,1.0,7.28,9.78,3.39,29.62,3.87,C0,Chicote duplo,Canteiro central,,LEDSTAR,,0.52,,50.33,16.9,155.0,CEF06.120260611 - Simul_Recife_PV.xlsx,1
1.0,10.0,,1.5,1.0,7.28,9.78,3.39,29.62,3.87,C0,Chicote duplo,Canteiro central,,SX LIGHTING,,0.42,,51.03,13.41,137.0,CEF06.120260611 - Simul_Recife_PV.xlsx,1
1.0,10.0,,1.5,1.0,7.28,9.78,3.39,29.62,3.87,C0,Chicote duplo,Canteiro central,,TECNOWATT,,0.39,,56.4,14.03,183.0,CEF06.120260611 - Simul_Recife_PV.xlsx,1
1.0,4.5,,1.0,1.0,0.0,7.54,1.94,15.26,0.0,C5,Braço,Unilateral,,LEDSTAR,,0.8,,9.34,6.31,17.0,CEF06.120260611 - Simul_Recife_PV.xlsx,0
1.0,4.5,,1.0,1.0,0.0,7.54,1.94,15.26,0.0,C5,Braço,Unilateral,,SX LIGHTING,,0.84,,12.9,8.37,22.5,CEF06.120260611 - Simul_Recife_PV.xlsx,0
1.0,4.5,,1.0,1.0,0.0,7.54,1.94,15.26,0.0,C5,Braço,Unilateral,,TECNOWATT,,0.78,,19.39,11.77,30.0,CEF06.120260611 - Simul_Recife_PV.xlsx,0
1.0,10.0,10.0,2.5,2.5,2.0,9.66,1.81,33.4,0.85,C1,Braço,Canteiro central,,LEDSTAR,,0.43,,32.222,8.56,120.0,CEF06.120260611 - Simul_Recife_PV.xlsx,0
1.0,10.0,10.0,2.5,2.5,2.0,9.66,1.81,33.4,0.85,C1,Braço,Canteiro central,,SX LIGHTING,,0.47,,30.89,7.92,100.0,CEF06.120260611 - Simul_Recife_PV.xlsx,0
1.0,10.0,10.0,2.5,2.5,2.0,9.66,1.81,33.4,0.85,C1,Braço,Canteiro central,,TECNOWATT,,0.51,,31.75,9.64,120.0,CEF06.120260611 - Simul_Recife_PV.xlsx,0
1.0,6.5,,1.5,,0.0,8.24,2.08,33.4,6.74,C5,Braço,Unilateral,,LEDSTAR,,0.47,,8.58,10.1,52.0,CEF06.120260611 - Simul_Recife_PV.xlsx,0
1.0,6.5,,1.5,,0.0,8.24,2.08,33.4,6.74,C5,Braço,Unilateral,,SX LIGHTING,,0.51,,9.34,14.26,50.0,CEF06.120260611 - Simul_Recife_PV.xlsx,0
1.0,6.5,,1.5,,0.0,8.24,2.08,33.4,6.74,C5,Braço,Unilateral,,TECNOWATT,,0.44,,9.02,16.83,60.0,CEF06.120260611 - Simul_Recife_PV.xlsx,0
1.0,7.0,,2.0,2.0,0.0,7.78,2.36,33.1,0.84,C5,Braço,Unilateral,,LEDSTAR,,0.49,,8.77,3.15,35.0,CEF06.120260611 - Simul_Recife_PV.xlsx,0
1.0,7.0,,2.0,2.0,0.0,7.78,2.36,33.1,0.84,C5,Braço,Unilateral,,SX LIGHTING,,0.59,,8.53,2.76,31.0,CEF06.120260611 - Simul_Recife_PV.xlsx,0
1.0,7.0,,2.0,2.0,0.0,7.78,2.36,33.1,0.84,C5,Braço,Unilateral,,TECNOWATT,,0.61,,8.51,3.63,30.0,CEF06.120260611 - Simul_Recife_PV.xlsx,0
1.0,4.0,,1.0,1.0,0.0,7.64,2.14,15.23,0.0,C5,Braço,Unilateral,,LEDSTAR,,0.8,,9.11,6.13,17.0,CEF06.120260611 - Simul_Recife_PV.xlsx,0
1.0,4.0,,1.0,1.0,0.0,7.64,2.14,15.23,0.0,C5,Braço,Unilateral,,SX LIGHTING,,0.82,,12.55,8.01,22.5,CEF06.120260611 - Simul_Recife_PV.xlsx,0
1.0,4.0,,1.0,1.0,0.0,7.64,2.14,15.23,0.0,C5,Braço,Unilateral,,TECNOWATT,,0.77,,18.77,11.29,30.0,CEF06.120260611 - Simul_Recife_PV.xlsx,0
1.0,7.0,,2.5,2.5,0.0,7.64,2.08,33.33,0.88,C5,Braço,Unilateral,,LEDSTAR,,0.48,,8.83,2.99,35.0,CEF06.120260611 - Simul_Recife_PV.xlsx,0
1.0,7.0,,2.5,2.5,0.0,7.64,2.08,33.33,0.88,C5,Braço,Unilateral,,SX LIGHTING,,0.59,,8.55,2.46,31.0,CEF06.120260611 - Simul_Recife_PV.xlsx,0
1.0,7.0,,2.5,2.5,0.0,7.64,2.08,33.33,0.88,C5,Braço,Unilateral,,TECNOWATT,,0.61,,8.51,3.43,30.0,CEF06.120260611 - Simul_Recife_PV.xlsx,0
3.0,8.5,6.0,3.0,3.0,1.54,8.47,3.5,34.24,0.8,C1,Chicote duplo,Canteiro central,,LEDSTAR,,0.5,,33.64,11.93,120.0,CEF06.120260611 - Simul_Recife_PV.xlsx,0
3.0,8.5,6.0,3.0,3.0,1.54,8.47,3.5,34.24,0.8,C1,Chicote duplo,Canteiro central,,SX LIGHTING,,0.54,,32.31,11.49,100.0,CEF06.120260611 - Simul_Recife_PV.xlsx,0
3.0,8.5,6.0,3.0,3.0,1.54,8.47,3.5,34.24,0.8,C1,Chicote duplo,Canteiro central,,TECNOWATT,,0.58,,34.31,13.88,120.0,CEF06.120260611 - Simul_Recife_PV.xlsx,0
1.0,6.5,,1.0,1.0,0.0,7.166,2.18,15.0,0.27,C4,Braço,Unilateral,,LEDSTAR,,0.83,,16.38,10.93,28.0,CEF06.120260611 - Simul_Recife_PV.xlsx,0
1.0,6.5,,1.0,1.0,0.0,7.166,2.18,15.0,0.27,C4,Braço,Unilateral,,SX LIGHTING,,0.86,,13.72,8.73,22.5,CEF06.120260611 - Simul_Recife_PV.xlsx,0
1.0,6.5,,1.0,1.0,0.0,7.166,2.18,15.0,0.27,C4,Braço,Unilateral,,TECNOWATT,,0.82,,20.4,12.25,30.0,CEF06.120260611 - Simul_Recife_PV.xlsx,0
1.0,10.5,3.0,5.0,3.0,10.0,20.4,2.0,54.45,2.62,C0,Suporte,Unilateral,,LEDSTAR,,0.58,,52.71,,170.0,CEF06.120260611 - Simul_Recife_PV.xlsx,1
1.0,10.5,3.0,5.0,3.0,10.0,20.4,2.0,54.45,2.62,C0,Suporte,Unilateral,,SX LIGHTING,,0.63,,53.2,,176.0,CEF06.120260611 - Simul_Recife_PV.xlsx,1
1.0,10.5,3.0,5.0,3.0,10.0,20.4,2.0,54.45,2.62,C0,Suporte,Unilateral,,TECNOWATT,,0.54,,50.17,,183.0,CEF06.120260611 - Simul_Recife_PV.xlsx,1
1.0,7.0,,2.0,1.5,0.0,7.19,1.7,34.0,0.43,C4,Braço,Unilateral,,LEDSTAR,,0.41,,10.86,3.39,44.0,CEF06.120260611 - Simul_Recife_PV.xlsx,0
1.0,7.0,,2.0,1.5,0.0,7.19,1.7,34.0,0.43,C4,Braço,Unilateral,,SX LIGHTING,,0.54,,10.36,3.51,39.0,CEF06.120260611 - Simul_Recife_PV.xlsx,0
1.0,7.0,,2.0,1.5,0.0,7.19,1.7,34.0,0.43,C4,Braço,Unilateral,,TECNOWATT,,0.48,,11.77,3.76,40.0,CEF06.120260611 - Simul_Recife_PV.xlsx,0
1.0,5.0,,0.5,0.5,0.0,7.37,1.5,22.55,0.0,C4,Braço,Unilateral,,LEDSTAR,,0.63,,10.86,6.27,28.0,CEF06.120260611 - Simul_Recife_PV.xlsx,0
1.0,5.0,,0.5,0.5,0.0,7.37,1.5,22.55,0.0,C4,Braço,Unilateral,,SX LIGHTING,,0.8,,13.44,9.13,31.0,CEF06.120260611 - Simul_Recife_PV.xlsx,0
1.0,5.0,,0.5,0.5,0.0,7.37,1.5,22.55,0.0,C4,Braço,Unilateral,,TECNOWATT,,0.74,,13.65,8.77,30.0,CEF06.120260611 - Simul_Recife_PV.xlsx,0
1.0,5.0,,0.5,0.5,0.0,7.83,1.4,20.0,0.27,C4,Braço,Unilateral,,LEDSTAR,,0.74,,11.6,7.95,28.0,CEF06.120260611 - Simul_Recife_PV.xlsx,0
1.0,5.0,,0.5,0.5,0.0,7.83,1.4,20.0,0.27,C4,Braço,Unilateral,,SX LIGHTING,,0.88,,14.39,11.28,31.0,CEF06.120260611 - Simul_Recife_PV.xlsx,0
1.0,5.0,,0.5,0.5,0.0,7.83,1.4,20.0,0.27,C4,Braço,Unilateral,,TECNOWATT,,0.8,,14.64,10.35,30.0,CEF06.120260611 - Simul_Recife_PV.xlsx,0
1.0,5.0,,1.0,0.5,0.0,5.7,3.2,64.0,0.44,C5,Braço,Unilateral,,LEDSTAR,,0.66,,11.79,6.89,17.0,CEF06.120260611 - Simul_Recife_PV.xlsx,0
1.0,5.0,,1.0,0.5,0.0,5.7,3.2,64.0,0.44,C5,Braço,Unilateral,,SX LIGHTING,,0.69,,16.27,9.84,22.5,CEF06.120260611 - Simul_Recife_PV.xlsx,0
1.0,5.0,,1.0,0.5,0.0,5.7,3.2,64.0,0.44,C5,Braço,Unilateral,,TECNOWATT,,0.66,,24.45,12.97,30.0,CEF06.120260611 - Simul_Recife_PV.xlsx,0
1.0,5.0,,1.0,,0.0,7.1,1.56,32.0,0.17,C5,Braço,Unilateral,,LEDSTAR,,0.39,,7.94,2.68,28.0,CEF06.120260611 - Simul_Recife_PV.xlsx,0
1.0,5.0,,1.0,,0.0,7.1,1.56,32.0,0.17,C5,Braço,Unilateral,,SX LIGHTING,,0.48,,9.85,3.01,31.0,CEF06.120260611 - Simul_Recife_PV.xlsx,0
1.0,5.0,,1.0,,0.0,7.1,1.56,32.0,0.17,C5,Braço,Unilateral,,TECNOWATT,,0.53,,9.97,4.2,30.0,CEF06.120260611 - Simul_Recife_PV.xlsx,0
1.0,7.0,,,3.0,0.0,7.05,1.7,30.0,0.0,M6,Braço,Unilateral,,LEDSTAR,1.5,0.49,0.77,,,52.0,CEF06.120260611 - Simul_Recife_PV.xlsx,0
1.0,7.0,,,3.0,0.0,7.05,1.7,30.0,0.0,M6,Braço,Unilateral,,SX LIGHTING,1.78,0.55,0.63,,,50.0,CEF06.120260611 - Simul_Recife_PV.xlsx,0
1.0,7.0,,,3.0,0.0,7.05,1.7,30.0,0.0,M6,Braço,Unilateral,,TECNOWATT,1.91,0.5,0.49,,,60.0,CEF06.120260611 - Simul_Recife_PV.xlsx,0
1.0,6.0,,,1.0,0.0,7.12,1.7,37.0,0.1,C3,Braço,Bilateral alternada,,LEDSTAR,,0.79,,17.28,11.64,35.0,CEF06.120260611 - Simul_Recife_PV.xlsx,0
1.0,6.0,,1.0,1.0,0.0,7.12,1.7,37.0,0.1,C3,Braço,Bilateral alternada,,SX LIGHTING,,0.86,,16.79,10.95,31.0,CEF06.120260611 - Simul_Recife_PV.xlsx,0
1.0,6.0,,1.0,1.0,0.0,7.12,1.7,37.0,0.1,C3,Braço,Bilateral alternada,,TECNOWATT,,0.77,,16.85,10.3,30.0,CEF06.120260611 - Simul_Recife_PV.xlsx,0
1.0,7.5,,1.0,0.5,0.0,7.16,1.5,35.27,0.29,C4,Braço,Unilateral,,LEDSTAR,,0.39,,10.32,3.36,44.0,CEF06.120260611 - Simul_Recife_PV.xlsx,0
1.0,7.5,,1.0,0.5,0.0,7.16,1.5,35.27,0.29,C4,Braço,Unilateral,,SX LIGHTING,,0.47,,14.37,4.46,50.0,CEF06.120260611 - Simul_Recife_PV.xlsx,0
1.0,7.5,,1.0,0.5,0.0,7.16,1.5,35.27,0.29,C4,Braço,Unilateral,,TECNOWATT,,0.41,,11.06,3.69,40.0,CEF06.120260611 - Simul_Recife_PV.xlsx,0
1.0,7.0,,0.5,0.5,0.0,7.6,2.0,26.37,0.0,C4,Braço,Unilateral,,LEDSTAR,,0.61,,11.25,5.9,35.0,CEF06.120260611 - Simul_Recife_PV.xlsx,0
1.0,7.0,,0.5,0.5,0.0,7.6,2.0,26.37,0.0,C4,Braço,Unilateral,,SX LIGHTING,,0.76,,10.92,6.55,31.0,CEF06.120260611 - Simul_Recife_PV.xlsx,0
1.0,7.0,,0.5,0.5,0.0,7.6,2.0,26.37,0.0,C4,Braço,Unilateral,,TECNOWATT,,0.72,,10.91,6.4,30.0,CEF06.120260611 - Simul_Recife_PV.xlsx,0
1.0,4.02,,3.04,2.68,0.0,6.54,2.76,20.27,0.75,C3,Braço,Unilateral,,LEDSTAR,,0.65,,16.81,5.86,35.0,CEF06.120260611 - Simul_Recife_PV.xlsx,0
1.0,4.02,,3.04,2.68,0.0,6.54,2.76,20.27,0.75,C3,Braço,Unilateral,,SX LIGHTING,,0.75,,16.21,4.3,31.0,CEF06.120260611 - Simul_Recife_PV.xlsx,0
1.0,4.02,,3.04,2.68,0.0,6.54,2.76,20.27,0.75,C3,Braço,Unilateral,,TECNOWATT,,0.7,,16.49,5.58,30.0,CEF06.120260611 - Simul_Recife_PV.xlsx,0
1.0,6.91,7.04,2.54,3.3,1.77,7.5,2.95,28.8,0.85,C4,Braço,Canteiro central,,LEDSTAR,11.46,0.5,0.41,28.63,22.06,85.0,CEF06.120260611 - Simul_Recife_PV.xlsx,0
1.0,6.91,7.04,2.54,3.3,1.77,7.5,2.95,28.8,0.85,C4,Braço,Canteiro central,,SX LIGHTING,14.03,0.61,0.5,41.62,31.48,70.0,CEF06.120260611 - Simul_Recife_PV.xlsx,0
1.0,6.91,7.04,2.54,3.3,1.77,7.5,2.95,28.8,0.85,C4,Braço,Canteiro central,,TECNOWATT,11.07,0.52,0.44,26.57,20.69,120.0,CEF06.120260611 - Simul_Recife_PV.xlsx,0
1.0,4.21,,,0.0,0.0,6.48,1.9,38.25,-0.73,C5,Braço,Unilateral,,LEDSTAR,,0.18,,8.59,,35.0,CEF06.120260611 - Simul_Recife_PV.xlsx,0
1.0,4.21,,,0.0,0.0,6.48,1.9,38.25,-0.73,C5,Braço,Unilateral,Médio II,SX LIGHTING,,0.32,,8.34,,39.0,CEF06.120260611 - Simul_Recife_PV.xlsx,0
1.0,4.21,,,0.0,0.0,6.48,1.9,38.25,-0.73,C5,Braço,Unilateral,,TECNOWATT,,0.19,,8.32,,30.0,CEF06.120260611 - Simul_Recife_PV.xlsx,0
1.0,5.1,,1.88,1.84,0.0,6.67,1.85,28.52,0.59,C5,Braço,Unilateral,,LEDSTAR,,0.44,,9.44,3.26,28.0,CEF06.120260611 - Simul_Recife_PV.xlsx,0
1.0,5.1,,1.88,1.84,0.0,6.67,1.85,28.52,0.59,C5,Braço,Unilateral,,SX LIGHTING,,0.6,,7.87,2.8,22.5,CEF06.120260611 - Simul_Recife_PV.xlsx,0
1.0,5.1,,1.88,1.84,0.0,6.67,1.85,28.52,0.59,C5,Braço,Unilateral,,TECNOWATT,,0.58,,11.82,4.77,30.0,CEF06.120260611 - Simul_Recife_PV.xlsx,0
1.0,5.8,,3.0,1.2,,7.5,2.6,36.0,0.35,C2,Braço,Unilateral,,LEDSTAR,,0.33,,20.58,6.57,85.0,CEF08_2_-_Simul_Cajamar_PV.xlsx,0
1.0,5.8,,3.0,1.2,,7.5,2.6,36.0,0.35,C2,Braço,Unilateral,,SX LIGHTING,,0.2,,20.48,6.47,79.0,CEF08_2_-_Simul_Cajamar_PV.xlsx,0
1.0,5.8,,3.0,1.2,,7.5,2.6,36.0,0.35,C2,Braço,Unilateral,,TECNOWATT,,0.4,,21.21,2.96,90.0,CEF08_2_-_Simul_Cajamar_PV.xlsx,0
1.0,7.0,,,,,7.6,2.6,30.0,2.3,C4,Braço,Unilateral,,LEDSTAR,,0.57,,10.23,,35.0,CEF08_2_-_Simul_Cajamar_PV.xlsx,0
1.0,7.0,,,,,7.6,2.6,30.0,2.3,C4,Braço,Unilateral,,SX LIGHTING,,0.7,,11.49,,39.0,CEF08_2_-_Simul_Cajamar_PV.xlsx,0
1.0,7.0,,,,,7.6,2.6,30.0,2.3,C4,Braço,Unilateral,,TECNOWATT,,0.63,,12.96,,40.0,CEF08_2_-_Simul_Cajamar_PV.xlsx,0
1.0,5.5,,1.7,,,,2.2,27.5,0.4,C4,Braço,Unilateral,,LEDSTAR,,0.56,,11.98,5.1,35.0,CEF08_2_-_Simul_Cajamar_PV.xlsx,0
1.0,5.5,,1.7,,,,2.2,27.5,0.4,C4,Braço,Unilateral,,SX LIGHTING,,0.72,,11.59,5.14,31.0,CEF08_2_-_Simul_Cajamar_PV.xlsx,0
1.0,5.5,,1.7,,,,2.2,27.5,0.4,C4,Braço,Unilateral,,TECNOWATT,,0.66,,11.74,5.51,30.0,CEF08_2_-_Simul_Cajamar_PV.xlsx,0
2.0,11.0,,1.3,,,8.6,3.3,34.5,0.3,C2,Braço,Unilateral,,LEDSTAR,,0.37,,22.48,10.97,100.0,CEF08_2_-_Simul_Cajamar_PV.xlsx,0
2.0,11.0,,1.3,,,8.6,3.3,34.5,0.3,C2,Braço,Unilateral,,SX LIGHTING,,0.54,,22.73,10.57,90.0,CEF08_2_-_Simul_Cajamar_PV.xlsx,0
2.0,11.0,,1.3,,,8.6,3.3,34.5,0.3,C2,Braço,Unilateral,,TECNOWATT,,0.58,,21.12,9.77,100.0,CEF08_2_-_Simul_Cajamar_PV.xlsx,0
2.0,9.5,9.5,1.5,1.5,10.0,9.0,4.0,37.0,0.3,C2,Braço,Bilateral frontal,,LEDSTAR,,0.46,,21.0,8.98,100.0,CEF08_2_-_Simul_Cajamar_PV.xlsx,0
2.0,9.5,9.5,1.5,1.5,10.0,9.0,4.0,37.0,0.3,C2,Braço,Bilateral frontal,,SX LIGHTING,,0.5,,21.21,8.35,90.0,CEF08_2_-_Simul_Cajamar_PV.xlsx,0
2.0,9.5,9.5,1.5,1.5,10.0,9.0,4.0,37.0,0.3,C2,Braço,Bilateral frontal,,TECNOWATT,,0.52,,20.37,7.4,100.0,CEF08_2_-_Simul_Cajamar_PV.xlsx,0
1.0,4.0,,2.0,3.5,,7.0,3.0,29.0,0.5,C4,Braço,Unilateral,,LEDSTAR,,0.51,,,3.01,28.0,CEF08_2_-_Simul_Cajamar_PV.xlsx,0
1.0,4.0,,2.0,3.5,,7.0,3.0,29.0,0.5,C4,Braço,Unilateral,,SX LIGHTING,,0.66,,11.93,2.51,31.0,CEF08_2_-_Simul_Cajamar_PV.xlsx,0
1.0,4.0,,2.0,3.5,,7.0,3.0,29.0,0.5,C4,Braço,Unilateral,,TECNOWATT,,0.63,,12.14,3.86,30.0,CEF08_2_-_Simul_Cajamar_PV.xlsx,0
2.0,6.5,,,,,7.8,2.6,33.0,0.65,C3,Braço,Unilateral,,LEDSTAR,,0.5,,17.29,,65.0,CEF08_2_-_Simul_Cajamar_PV.xlsx,0
2.0,6.5,,,,,7.8,2.6,33.0,0.65,C3,Braço,Unilateral,,SX LIGHTING,,0.57,,15.61,,50.0,CEF08_2_-_Simul_Cajamar_PV.xlsx,0
2.0,6.5,,,,,7.8,2.6,33.0,0.65,C3,Braço,Unilateral,,TECNOWATT,,0.57,,17.87,,60.0,CEF08_2_-_Simul_Cajamar_PV.xlsx,0
2.0,6.5,,,,,6.3,1.8,39.0,0.2,C2,Braço,Unilateral,Médio I,LEDSTAR,,0.3,,21.67,,85.0,CEF08_2_-_Simul_Cajamar_PV.xlsx,0
2.0,6.5,,,,,6.3,1.8,39.0,0.2,C2,Braço,Unilateral,Médio I,SX LIGHTING,,0.33,,20.75,,70.0,CEF08_2_-_Simul_Cajamar_PV.xlsx,0
2.0,6.5,,,,,6.3,1.8,39.0,0.2,C2,Braço,Unilateral,Longo I,TECNOWATT,,0.28,,21.37,,90.0,CEF08_2_-_Simul_Cajamar_PV.xlsx,0
1.0,8.9,,2.0,,,7.5,2.5,19.0,0.25,C4,Braço,Unilateral,,LEDSTAR,,0.77,,13.22,7.38,28.0,CEF08_2_-_Simul_Cajamar_PV.xlsx,0
1.0,8.9,,2.0,,,7.5,2.5,19.0,0.25,C4,Braço,Unilateral,,SX LIGHTING,,0.83,,10.58,5.22,22.5,CEF08_2_-_Simul_Cajamar_PV.xlsx,0
1.0,8.9,,2.0,,,7.5,2.5,19.0,0.25,C4,Braço,Unilateral,,TECNOWATT,,0.79,,15.39,7.79,30.0,CEF08_2_-_Simul_Cajamar_PV.xlsx,0
2.0,7.0,7.0,2.0,2.0,3.0,10.2,1.9,34.6,0.3,C1,Chicote duplo,Canteiro central,,LEDSTAR,,0.52,,30.07,11.38,100.0,CEF08_2_-_Simul_Cajamar_PV.xlsx,1
2.0,7.0,7.0,2.0,2.0,3.0,10.2,1.9,34.6,0.3,C1,Chicote duplo,Canteiro central,,SX LIGHTING,,0.64,,33.55,16.17,100.0,CEF08_2_-_Simul_Cajamar_PV.xlsx,1
2.0,7.0,7.0,2.0,2.0,3.0,10.2,1.9,34.6,0.3,C1,Chicote duplo,Canteiro central,,TECNOWATT,,0.64,,35.15,17.74,120.0,CEF08_2_-_Simul_Cajamar_PV.xlsx,1
4.0,11.5,,4.0,1.0,,7.5,3.5,34.3,0.45,C2,Braço,Unilateral,Longo II,LEDSTAR,,0.4,,21.47,5.33,100.0,CEF08_2_-_Simul_Cajamar_PV.xlsx,0
4.0,11.5,,4.0,1.0,,7.5,3.5,34.3,0.45,C2,Braço,Unilateral,Longo II,SX LIGHTING,,0.52,,22.32,5.92,90.0,CEF08_2_-_Simul_Cajamar_PV.xlsx,0
4.0,11.5,,4.0,1.0,,7.5,3.5,34.3,0.45,C2,Braço,Unilateral,Longo II,TECNOWATT,,0.56,,25.83,6.67,120.0,CEF08_2_-_Simul_Cajamar_PV.xlsx,0
4.0,6.5,6.5,2.0,,2.0,8.8,1.8,40.0,1.0,C2,Chicote duplo,Canteiro central,,LEDSTAR,,0.38,,20.62,5.25,72.0,CEF08_2_-_Simul_Cajamar_PV.xlsx,0
4.0,6.5,6.5,2.0,,2.0,8.8,1.8,40.0,1.0,C2,Chicote duplo,Canteiro central,,SX LIGHTING,,0.45,,23.54,7.35,70.0,CEF08_2_-_Simul_Cajamar_PV.xlsx,0
4.0,6.5,6.5,2.0,,2.0,8.8,1.8,40.0,1.0,C2,Chicote duplo,Canteiro central,,TECNOWATT,,0.49,,20.23,7.42,68.0,CEF08_2_-_Simul_Cajamar_PV.xlsx,0
1.0,6.5,4.5,1.5,2.5,1.0,7.5,4.0,30.0,0.65,C4,Braço,Unilateral,,LEDSTAR,,0.51,,16.52,4.95,65.0,CEF08_2_-_Simul_Cajamar_PV.xlsx,0
1.0,6.5,4.5,1.5,2.5,1.0,7.5,4.0,30.0,0.65,C4,Braço,Unilateral,,SX LIGHTING,,0.35,,14.75,1.98,50.0,CEF08_2_-_Simul_Cajamar_PV.xlsx,0
1.0,6.5,4.5,1.5,2.5,1.0,7.5,4.0,30.0,0.65,C4,Braço,Unilateral,Longo II,TECNOWATT,,0.61,,17.47,6.83,68.0,CEF08_2_-_Simul_Cajamar_PV.xlsx,0
1.0,3.5,,2.0,2.5,,7.6,3.2,40.0,0.1,C3,Braço,Unilateral,,LEDSTAR,,0.4,,19.96,4.96,85.0,CEF08_2_-_Simul_Cajamar_PV.xlsx,0
1.0,3.5,,2.0,2.5,,7.6,3.2,40.0,0.1,C3,Braço,Unilateral,,SX LIGHTING,,0.36,,19.55,4.74,70.0,CEF08_2_-_Simul_Cajamar_PV.xlsx,0
1.0,3.5,,2.0,2.5,,7.6,3.2,40.0,0.1,C3,Braço,Unilateral,,TECNOWATT,,0.19,,23.35,2.4,90.0,CEF08_2_-_Simul_Cajamar_PV.xlsx,0
1.0,4.0,,2.0,2.0,,8.5,3.6,36.0,0.4,C3,Braço,Unilateral,,LEDSTAR,,0.56,,17.55,5.09,85.0,CEF08_2_-_Simul_Cajamar_PV.xlsx,0
1.0,4.0,,2.0,2.0,,8.5,3.6,36.0,0.4,C3,Braço,Unilateral,,SX LIGHTING,,0.46,,19.55,5.41,79.0,CEF08_2_-_Simul_Cajamar_PV.xlsx,0
1.0,4.0,,2.0,2.0,,8.5,3.6,36.0,0.4,C3,Braço,Unilateral,,TECNOWATT,,0.53,,21.39,4.4,100.0,CEF08_2_-_Simul_Cajamar_PV.xlsx,0
4.0,6.5,6.5,1.0,2.0,1.2,9.0,1.2,32.5,0.6,C3,Suporte,Canteiro central,,LEDSTAR,,0.54,,21.54,9.52,28.0,CEF08_2_-_Simul_Cajamar_PV.xlsx,0
4.0,6.5,6.5,1.0,2.0,1.2,9.0,1.2,32.5,0.6,C3,Suporte,Canteiro central,,SX LIGHTING,,0.63,,16.64,8.99,22.5,CEF08_2_-_Simul_Cajamar_PV.xlsx,0
4.0,6.5,6.5,1.0,2.0,1.2,9.0,1.2,32.5,0.6,C3,Suporte,Canteiro central,,TECNOWATT,,0.65,,24.89,13.39,30.0,CEF08_2_-_Simul_Cajamar_PV.xlsx,0
1.0,4.5,,2.0,2.5,,6.9,3.0,28.5,0.45,C2,Braço,Bilateral alternado,,LEDSTAR,,0.87,,20.61,8.96,28.0,CEF08_2_-_Simul_Cajamar_PV.xlsx,0
1.0,4.5,,2.0,2.5,,6.9,3.0,28.5,0.45,C2,Braço,Bilateral alternado,,SX LIGHTING,,0.84,,24.47,7.0,31.0,CEF08_2_-_Simul_Cajamar_PV.xlsx,0
1.0,4.5,,2.0,2.5,,6.9,3.0,28.5,0.45,C2,Braço,Bilateral alternado,,TECNOWATT,,0.79,,24.76,8.23,30.0,CEF08_2_-_Simul_Cajamar_PV.xlsx,0
1.0,5.6,,,2.0,,5.6,,26.1,0.45,C5,Braço,Unilateral,,LEDSTAR,,0.36,,13.06,4.79,28.0,CEF08_2_-_Simul_Cajamar_PV.xlsx,0
1.0,5.6,,,2.0,,5.6,,26.1,0.45,C5,Braço,Unilateral,,SX LIGHTING,,0.37,,10.37,5.49,22.5,CEF08_2_-_Simul_Cajamar_PV.xlsx,0
1.0,5.6,,,2.0,,5.6,,26.1,0.45,C5,Braço,Unilateral,,TECNOWATT,,0.43,,15.4,7.43,30.0,CEF08_2_-_Simul_Cajamar_PV.xlsx,0
1.0,6.5,,0.0,3.2,6.6,8.0,2.0,35.2,0.67,C4,Braço,Unilateral,,LEDSTAR,,0.45,,11.21,,44.0,CEF08_2_-_Simul_Cajamar_PV.xlsx,0
1.0,6.5,,0.0,3.2,6.6,8.0,2.0,35.2,0.67,C4,Braço,Unilateral,,SX LIGHTING,,0.56,,14.36,,50.0,CEF08_2_-_Simul_Cajamar_PV.xlsx,0
1.0,6.5,,0.0,3.2,6.6,8.0,2.0,35.2,0.67,C4,Braço,Unilateral,,TECNOWATT,,0.56,,11.41,,40.0,CEF08_2_-_Simul_Cajamar_PV.xlsx,0
2.0,8.0,,,2.0,,7.9,3.0,39.9,1.5,C1,Braço,Unilateral,,LEDSTAR,,0.42,,38.27,,170.0,CEF08_2_-_Simul_Cajamar_PV.xlsx,0
2.0,8.0,,,2.0,,7.9,3.0,39.9,1.5,C1,Braço,Unilateral,,SX LIGHTING,,0.38,,38.63,,176.0,CEF08_2_-_Simul_Cajamar_PV.xlsx,0
2.0,8.0,,,2.0,,7.9,3.0,39.9,1.5,C1,Braço,Unilateral,,TECNOWATT,,0.44,,30.97,,150.0,CEF08_2_-_Simul_Cajamar_PV.xlsx,0
1.0,6.5,,,4.5,,8.15,2.3,35.0,0.5,C4,Braço,Unilateral,,LEDSTAR,,0.46,,11.07,,44.0,CEF08_2_-_Simul_Cajamar_PV.xlsx,0
1.0,6.5,,,4.5,,8.15,2.3,35.0,0.5,C4,Braço,Unilateral,,SX LIGHTING,,0.56,,14.17,,50.0,CEF08_2_-_Simul_Cajamar_PV.xlsx,0
1.0,6.5,,,4.5,,8.15,2.3,35.0,0.5,C4,Braço,Unilateral,,TECNOWATT,,0.56,,11.33,,40.0,CEF08_2_-_Simul_Cajamar_PV.xlsx,0
2.0,9.5,7.0,6.2,1.5,7.2,8.0,2.6,34.5,0.3,C1,Braço,Unilateral,,LEDSTAR,,0.46,,30.64,1.32,120.0,CEF08_2_-_Simul_Cajamar_PV.xlsx,1
2.0,9.5,7.0,6.2,1.5,7.2,8.0,2.6,34.5,0.3,C1,Braço,Unilateral,,SX LIGHTING,,0.57,,31.4,7.79,120.0,CEF08_2_-_Simul_Cajamar_PV.xlsx,1
2.0,9.5,7.0,6.2,1.5,7.2,8.0,2.6,34.5,0.3,C1,Braço,Unilateral,,TECNOWATT,,0.55,,30.57,5.41,120.0,CEF08_2_-_Simul_Cajamar_PV.xlsx,1
2.0,8.5,,,1.8,,8.4,3.4,34.6,1.5,C1,Braço,Unilateral,,LEDSTAR,,0.46,,33.18,,140.0,CEF08_2_-_Simul_Cajamar_PV.xlsx,0
2.0,8.5,,,1.8,,8.4,3.4,34.6,1.5,C1,Braço,Unilateral,,SX LIGHTING,,0.51,,33.86,,137.0,CEF08_2_-_Simul_Cajamar_PV.xlsx,0
2.0,8.5,,,1.8,,8.4,3.4,34.6,1.5,C1,Braço,Unilateral,,TECNOWATT,,0.6,,33.9,,150.0,CEF08_2_-_Simul_Cajamar_PV.xlsx,0
1.0,7.5,,3.0,3.3,,8.0,2.1,25.0,0.2,C5,Suporte,Unilateral,,LEDSTAR,,0.66,,9.77,4.49,28.0,CEF08_2_-_Simul_Cajamar_PV.xlsx,0
1.0,7.5,,3.0,3.3,,8.0,2.1,25.0,0.2,C5,Suporte,Unilateral,,SX LIGHTING,,0.74,,7.79,3.2,22.5,CEF08_2_-_Simul_Cajamar_PV.xlsx,0
1.0,7.5,,3.0,3.3,,8.0,2.1,25.0,0.2,C5,Suporte,Unilateral,,TECNOWATT,,0.73,,11.55,5.09,30.0,CEF08_2_-_Simul_Cajamar_PV.xlsx,0
2.0,11.8,,4.0,2.9,,7.0,3.3,29.7,0.5,C1,Braço,Unilateral,,LEDSTAR,,0.38,,34.43,2.68,120.0,CEF08_2_-_Simul_Cajamar_PV.xlsx,0
2.0,11.8,,4.0,2.9,,7.0,3.3,29.7,0.5,C1,Braço,Unilateral,,SX LIGHTING,,0.38,,34.55,11.15,120.0,CEF08_2_-_Simul_Cajamar_PV.xlsx,0
2.0,11.8,,4.0,2.9,,7.0,3.3,29.7,0.5,C1,Braço,Unilateral,,TECNOWATT,,0.43,,33.19,8.9,120.0,CEF08_2_-_Simul_Cajamar_PV.xlsx,0
2.0,6.5,,4.0,4.0,,7.2,2.3,26.5,0.75,C4,Braço,Unilateral,,LEDSTAR,,0.54,,17.62,5.77,52.0,CEF08_2_-_Simul_Cajamar_PV.xlsx,0
2.0,6.5,,4.0,4.0,,7.2,2.3,26.5,0.75,C4,Braço,Unilateral,,SX LIGHTING,,0.66,,20.82,5.24,50.0,CEF08_2_-_Simul_Cajamar_PV.xlsx,0
2.0,6.5,,4.0,4.0,,7.2,2.3,26.5,0.75,C4,Braço,Unilateral,,TECNOWATT,,0.67,,23.59,7.08,60.0,CEF08_2_-_Simul_Cajamar_PV.xlsx,0
2.0,5.5,5.5,2.0,2.0,1.0,8.6,2.6,38.0,0.4,C1,Braço,Unilateral,,LEDSTAR,,0.43,,35.44,10.69,200.0,CEF08_2_-_Simul_Cajamar_PV.xlsx,0
2.0,5.5,5.5,2.0,2.0,1.0,8.6,2.6,38.0,0.4,C1,Braço,Unilateral,,SX LIGHTING,,0.78,,44.84,29.36,90.0,CEF08_2_-_Simul_Cajamar_PV.xlsx,1
2.0,5.5,5.5,2.0,2.0,1.0,8.6,2.6,38.0,0.4,C1,Braço,Unilateral,,TECNOWATT,,0.7,,54.94,30.53,120.0,CEF08_2_-_Simul_Cajamar_PV.xlsx,1
4.0,6.5,6.5,2.0,1.5,1.2,9.0,1.2,32.0,0.6,C3,Suporte,Canteiro central,,LEDSTAR,,0.54,,21.54,8.37,28.0,CEF08_2_-_Simul_Cajamar_PV.xlsx,0
4.0,6.5,6.5,2.0,1.5,1.2,9.0,1.2,32.0,0.6,C3,Suporte,Canteiro central,,SX LIGHTING,,0.63,,16.64,8.06,22.5,CEF08_2_-_Simul_Cajamar_PV.xlsx,0
4.0,6.5,6.5,2.0,1.5,1.2,9.0,1.2,32.0,0.6,C3,Suporte,Canteiro central,,TECNOWATT,,0.65,,24.89,11.83,30.0,CEF08_2_-_Simul_Cajamar_PV.xlsx,0
4.0,6.5,6.5,4.0,1.5,1.2,9.0,1.2,33.0,0.6,C3,Suporte,Canteiro central,,LEDSTAR,,0.53,,21.46,6.23,28.0,CEF08_2_-_Simul_Cajamar_PV.xlsx,0
4.0,6.5,6.5,4.0,1.5,1.2,9.0,1.2,33.0,0.6,C3,Suporte,Canteiro central,,SX LIGHTING,,0.63,,16.55,5.98,22.5,CEF08_2_-_Simul_Cajamar_PV.xlsx,0
4.0,6.5,6.5,4.0,1.5,1.2,9.0,1.2,33.0,0.6,C3,Suporte,Canteiro central,,TECNOWATT,,0.65,,24.77,8.52,30.0,CEF08_2_-_Simul_Cajamar_PV.xlsx,0
2.0,6.1,,1.0,1.0,,6.3,2.6,35.6,0.25,C4,Braço,Unilateral,,LEDSTAR,,0.23,,10.53,1.63,35.0,CEF08_2_-_Simul_Cajamar_PV.xlsx,0
2.0,6.1,,1.0,1.0,,6.3,2.6,35.6,0.25,C4,Braço,Unilateral,,SX LIGHTING,,0.25,,12.01,1.72,39.0,CEF08_2_-_Simul_Cajamar_PV.xlsx,0
2.0,6.1,,1.0,1.0,,6.3,2.6,35.6,0.25,C4,Braço,Unilateral,,TECNOWATT,,0.26,,10.21,1.82,30.0,CEF08_2_-_Simul_Cajamar_PV.xlsx,0
2.0,10.0,,1.4,,,9.4,3.0,31.4,0.3,C3,Braço,Unilateral,,LEDSTAR,,0.53,,16.25,8.58,72.0,CEF08_2_-_Simul_Cajamar_PV.xlsx,0
2.0,10.0,,1.4,,,9.4,3.0,31.4,0.3,C3,Braço,Unilateral,,SX LIGHTING,,0.59,,18.84,9.91,70.0,CEF08_2_-_Simul_Cajamar_PV.xlsx,0
2.0,10.0,,1.4,,,9.4,3.0,31.4,0.3,C3,Braço,Unilateral,,TECNOWATT,,0.76,,16.34,9.48,68.0,CEF08_2_-_Simul_Cajamar_PV.xlsx,0
2.0,6.8,6.8,1.5,,7.0,8.9,3.3,34.5,0.4,C4,Braço,Unilateral,,LEDSTAR,,0.73,,35.68,19.98,85.0,CEF08_2_-_Simul_Cajamar_PV.xlsx,1
2.0,6.8,6.8,1.5,,7.0,8.9,3.3,34.5,0.4,C4,Braço,Unilateral,,SX LIGHTING,,0.78,,35.4,19.31,70.0,CEF08_2_-_Simul_Cajamar_PV.xlsx,1
2.0,6.8,6.8,1.5,,7.0,8.9,3.3,34.5,0.4,C4,Braço,Unilateral,,TECNOWATT,,0.66,,51.75,23.27,120.0,CEF08_2_-_Simul_Cajamar_PV.xlsx,1
,6.5,,,,,6.0,1.2,30.0,4.0,C5,Braço,Unilateral,,LEDSTAR,,0.25,,7.84,,35.0,CEF08_2_-_Simul_Cajamar_PV.xlsx,0
,6.5,,,,,6.0,1.2,30.0,4.0,C5,Braço,Unilateral,,SX LIGHTING,,0.2,,8.3,,39.0,CEF08_2_-_Simul_Cajamar_PV.xlsx,0
,6.5,,,,,6.0,1.2,30.0,4.0,C5,Braço,Unilateral,,TECNOWATT,,0.21,,8.62,,40.0,CEF08_2_-_Simul_Cajamar_PV.xlsx,0
3.0,12.0,,,1.45,,10.0,2.3,25.0,1.15,C1,Braço,Unilateral,,LEDSTAR,,0.54,,31.06,,120.0,CEF08_2_-_Simul_Cajamar_PV.xlsx,0
3.0,12.0,,,1.45,,10.0,2.3,25.0,1.15,C1,Braço,Unilateral,,SX LIGHTING,,0.49,,30.68,,120.0,CEF08_2_-_Simul_Cajamar_PV.xlsx,0
3.0,12.0,,,1.45,,10.0,2.3,25.0,1.15,C1,Braço,Unilateral,,TECNOWATT,,0.52,,35.2,,150.0,CEF08_2_-_Simul_Cajamar_PV.xlsx,0
2.0,7.8,7.8,3.3,3.3,3.0,10.1,1.8,34.0,0.3,C1,Chicote duplo,Canteiro central,,LEDSTAR,,0.52,,35.18,11.75,120.0,CEF08_2_-_Simul_Cajamar_PV.xlsx,0
2.0,7.8,7.8,3.3,3.3,3.0,10.1,1.8,34.0,0.3,C1,Chicote duplo,Canteiro central,,SX LIGHTING,,0.61,,33.37,11.88,100.0,CEF08_2_-_Simul_Cajamar_PV.xlsx,0
2.0,7.8,7.8,3.3,3.3,3.0,10.1,1.8,34.0,0.3,C1,Chicote duplo,Canteiro central,,TECNOWATT,,0.62,,34.75,13.89,120.0,CEF08_2_-_Simul_Cajamar_PV.xlsx,0
2.0,9.9,,,2.5,,9.15,3.5,26.5,0.3,C3,Chicote duplo,Unilateral,,LEDSTAR,,0.63,,16.1,,44.0,CEF08_2_-_Simul_Cajamar_PV.xlsx,0
2.0,9.9,,,2.5,,9.15,3.5,26.5,0.3,C3,Chicote duplo,Unilateral,,SX LIGHTING,,0.72,,19.67,,50.0,CEF08_2_-_Simul_Cajamar_PV.xlsx,0
2.0,9.9,,,2.5,,9.15,3.5,26.5,0.3,C3,Chicote duplo,Unilateral,,TECNOWATT,,0.71,,15.77,,40.0,CEF08_2_-_Simul_Cajamar_PV.xlsx,0
6.0,11.0,,5.0,4.0,2.3,7.6,3.6,30.1,0.35,C2,Braço,Bilateral frontal,,LEDSTAR,,0.48,,24.79,4.51,85.0,CEF08_2_-_Simul_Cajamar_PV.xlsx,0
6.0,11.0,,5.0,4.0,2.3,7.6,3.6,30.1,0.35,C2,Braço,Bilateral frontal,,SX LIGHTING,,0.48,,25.7,4.15,79.0,CEF08_2_-_Simul_Cajamar_PV.xlsx,0
6.0,11.0,,5.0,4.0,2.3,7.6,3.6,30.1,0.35,C2,Braço,Bilateral frontal,,TECNOWATT,,0.59,,27.39,4.19,100.0,CEF08_2_-_Simul_Cajamar_PV.xlsx,0
1.0,6.5,6.5,4.0,3.3,6.5,8.1,2.3,28.0,0.2,C4,Braço,Bilateral alternado,,LEDSTAR,,0.58,,11.6,3.62,35.0,CEF08_2_-_Simul_Cajamar_PV.xlsx,0
1.0,6.5,6.5,4.0,3.3,6.5,8.1,2.3,28.0,0.2,C4,Braço,Bilateral alternado,,SX LIGHTING,,0.71,,10.95,2.8,31.0,CEF08_2_-_Simul_Cajamar_PV.xlsx,0
1.0,6.5,6.5,4.0,3.3,6.5,8.1,2.3,28.0,0.2,C4,Braço,Bilateral alternado,,TECNOWATT,,0.69,,11.36,3.57,30.0,CEF08_2_-_Simul_Cajamar_PV.xlsx,0
1.0,7.2,,2.0,2.3,,7.5,3.0,29.0,0.3,C4,Braço,Unilateral,,LEDSTAR,,0.6,,10.37,3.18,35.0,CEF08_2_-_Simul_Cajamar_PV.xlsx,0
1.0,7.2,,2.0,2.3,,7.5,3.0,29.0,0.3,C4,Braço,Unilateral,,SX LIGHTING,,0.69,,11.89,3.75,39.0,CEF08_2_-_Simul_Cajamar_PV.xlsx,0
1.0,7.2,,2.0,2.3,,7.5,3.0,29.0,0.3,C4,Braço,Unilateral,,TECNOWATT,,0.72,,13.38,3.41,40.0,CEF08_2_-_Simul_Cajamar_PV.xlsx,0
1.0,6.5,,4.0,,6.0,8.1,2.3,28.0,0.5,C4,Braço,Unilateral,,LEDSTAR,,0.62,,10.75,3.79,35.0,CEF08_2_-_Simul_Cajamar_PV.xlsx,0
1.0,6.5,,4.0,,6.0,8.1,2.3,28.0,0.5,C4,Braço,Unilateral,,SX LIGHTING,,0.75,,10.43,3.07,31.0,CEF08_2_-_Simul_Cajamar_PV.xlsx,0
1.0,6.5,,4.0,,6.0,8.1,2.3,28.0,0.5,C4,Braço,Unilateral,,TECNOWATT,,0.71,,10.51,3.71,30.0,CEF08_2_-_Simul_Cajamar_PV.xlsx,0
4.0,7.5,7.5,3.0,3.0,3.0,10.4,1.25,40.1,0.15,C3,Chicote duplo,Canteiro central,,LEDSTAR,,0.46,,15.92,4.56,65.0,CEF08_2_-_Simul_Cajamar_PV.xlsx,0
4.0,7.5,7.5,3.0,3.0,3.0,10.4,1.25,40.1,0.15,C3,Chicote duplo,Canteiro central,,SX LIGHTING,,0.52,,20.3,6.58,70.0,CEF08_2_-_Simul_Cajamar_PV.xlsx,0
4.0,7.5,7.5,3.0,3.0,3.0,10.4,1.25,40.1,0.15,C3,Chicote duplo,Canteiro central,,TECNOWATT,,0.59,,15.42,5.56,60.0,CEF08_2_-_Simul_Cajamar_PV.xlsx,0
2.0,12.0,,2.2,,,9.0,4.0,36.0,5.0,C1,Braço,Unilateral,,LEDSTAR,,0.39,,32.14,19.9,200.0,CEF08_2_-_Simul_Cajamar_PV.xlsx,0
2.0,12.0,,2.2,,,9.0,4.0,36.0,5.0,C1,Braço,Unilateral,,SX LIGHTING,,0.38,,32.57,39.42,90.0,CEF08_2_-_Simul_Cajamar_PV.xlsx,1
2.0,12.0,,2.2,,,9.0,4.0,36.0,5.0,C1,Braço,Unilateral,,TECNOWATT,,0.39,,36.31,16.8,183.0,CEF08_2_-_Simul_Cajamar_PV.xlsx,0
1.0,6.5,,3.0,3.0,0.0,8.3,2.3,27.5,0.6,C4,Braço,Unilateral,,LEDSTAR,,0.64,,10.71,4.77,35.0,CEF08_2_-_Simul_Cajamar_PV.xlsx,0
1.0,6.5,,3.0,3.0,0.0,8.3,2.3,27.5,0.6,C4,Braço,Unilateral,,SX LIGHTING,,0.77,,10.4,4.36,31.0,CEF08_2_-_Simul_Cajamar_PV.xlsx,0
1.0,6.5,,3.0,3.0,0.0,8.3,2.3,27.5,0.6,C4,Braço,Unilateral,,TECNOWATT,,0.74,,10.48,4.67,30.0,CEF08_2_-_Simul_Cajamar_PV.xlsx,0
2.0,12.0,,2.0,2.0,,9.3,3.6,36.0,0.6,C1,Braço,Bilateral frontal,,LEDSTAR,,0.51,,32.89,12.35,85.0,CEF08_2_-_Simul_Cajamar_PV.xlsx,0
2.0,12.0,,2.0,2.0,,9.3,3.6,36.0,0.6,C1,Braço,Bilateral frontal,,SX LIGHTING,,0.52,,31.79,12.11,70.0,CEF08_2_-_Simul_Cajamar_PV.xlsx,0
2.0,12.0,,2.0,2.0,,9.3,3.6,36.0,0.6,C1,Braço,Bilateral frontal,,TECNOWATT,,0.62,,31.47,13.73,80.0,CEF08_2_-_Simul_Cajamar_PV.xlsx,0
2.0,7.0,,3.0,,,7.5,3.5,36.0,0.7,C1,Braço,Unilateral,,LEDSTAR,,0.46,,31.36,4.1,120.0,CEF08_2_-_Simul_Cajamar_PV.xlsx,0
2.0,7.0,,3.0,,,7.5,3.5,36.0,0.7,C1,Braço,Unilateral,,SX LIGHTING,,0.43,,35.95,12.44,137.0,CEF08_2_-_Simul_Cajamar_PV.xlsx,0
2.0,7.0,,3.0,,,7.5,3.5,36.0,0.7,C1,Braço,Unilateral,,TECNOWATT,,0.51,,30.76,8.05,120.0,CEF08_2_-_Simul_Cajamar_PV.xlsx,0
2.0,9.0,,1.5,,,8.3,3.0,40.0,3.0,C2,Braço,Unilateral,,LEDSTAR,,0.4,,23.2,,120.0,CEF08_2_-_Simul_Cajamar_PV.xlsx,0
2.0,9.0,,1.5,,,8.3,3.0,40.0,3.0,C2,Braço,Unilateral,,SX LIGHTING,,0.38,,22.65,,120.0,CEF08_2_-_Simul_Cajamar_PV.xlsx,0
2.0,9.0,,1.5,,,8.3,3.0,40.0,3.0,C2,Braço,Unilateral,,TECNOWATT,,0.46,,22.05,,120.0,CEF08_2_-_Simul_Cajamar_PV.xlsx,0
